id,x,y,portee
1,384.7955501493239,462.50436608557567,85
11,350.5138560265834,450.7280064657058,85
2,280.8958628371041,484.08255384846467,85
17,284.55283373108574,458.9735142810305,85
21,303.9500616637767,383.63120945175075,85
10,201.90244164034777,497.09852762048166,85
16,182.9721723537237,498.6567934498792,85
28,165.7705115311376,464.18327273572794,85
22,111.97303830538085,417.88185128884254,85
