id,x,y,portee
0,386.88434966037534,471.7723319710437,85
2,404.05084534304456,443.4209010068696,85
9,443.5325584267932,460.99309432369,85
