id,x,y,portee
1,392.4462195198399,398.4005608328013,85
22,419.54611537575175,326.4933871575093,85
42,409.0385436382564,435.20971025698805,85
47,406.9276888054021,335.7984305552751,85
51,372.8250888584438,399.4174283976041,85
28,460.3989928383411,255.04305919497787,85
29,495.0977082506168,248.86753657723455,85
50,381.0449063218739,225.0121443935843,85
3,362.08375397481154,222.0845384628713,85
5,385.0366417425725,191.40118880387297,85
17,398.21687459141884,195.8881000210111,85
21,291.4481138909667,190.58681541140433,85
25,218.65111985888873,166.82773122333023,85
40,257.84293429487406,185.86071545662648,85
10,177.4054081018977,229.01074051495002,85
49,163.86616510247842,163.70402024320208,85
34,185.26499323698258,259.2767024603407,85
30,116.01958994717876,113.14786370645713,85
9,172.02477036231755,319.26816149645265,85
15,195.0635891418055,322.1484835841924,85
24,217.96744988907167,323.48402550396696,85
16,91.27175665771775,52.796691505820114,85
27,105.64725734142544,33.30977160303489,85
32,68.94839765041827,130.43408294256437,85
41,50.75297468835305,87.1257575632201,85
6,111.12044379129382,339.5441660104743,85
8,226.65181120074263,344.17080968972,85
11,162.0223316565223,402.53145085864975,85
12,119.93016453665001,350.92465482490223,85
14,235.8925810125248,347.08386755208846,85
4,269.51023325895903,355.08593551083976,85
19,42.74256874249455,66.59151006659442,85
26,83.23051680218153,11.995423508167846,85
18,21.93200852410215,194.68299979815296,85
38,33.52754713569023,187.2238933460697,85
43,139.43675130679955,414.018466941214,85
48,104.9088759438358,389.2949582702765,85
20,205.4104157589506,437.48586113764577,85
35,212.46027802975308,459.1807307251814,85
45,158.99550214183316,465.097853597678,85
33,55.32378891042089,259.8944248429514,85
46,64.32129261592013,238.10229405644046,85
39,8.073674686994991,316.9277120771748,85
