id,x,y,portee
0,177.11727271233758,151.821890503376,85
10,144.95652929994628,91.42496207912198,85
11,147.41968590492237,88.71064949041369,85
3,82.15160022369106,73.62590800293228,85
