id,x,y,portee
2,473.77989088124474,472.44836722533876,85
21,451.82929344271156,477.42704583866947,85
23,462.3986358643145,447.7100801674015,85
6,471.90631913770295,372.8136488704354,85
