id,x,y,portee
0,147.5815277317183,249.5832343810061,85
9,159.0531092836781,185.55503412600555,85
11,107.13596954904698,155.62846902226275,85
12,149.24064881657924,95.51366523832039,85
7,212.01141278440966,73.70925776478376,85
13,230.7795016637354,114.93477317843409,85
25,208.39602261315093,97.73235546467667,85
50,88.3093146819342,60.872517727795504,85
18,224.81059654487083,45.15815040593174,85
33,252.00921170931068,42.589834029047815,85
32,31.665219812158472,110.92576365569101,85
49,15.475471362831062,59.01160592893251,85
4,330.1335648969376,21.3071859646084,85
35,26.25253295397473,192.1004482509611,85
44,6.573975515667019,112.07836801698944,85
5,371.46809025928195,53.11736809931317,85
15,335.12627807994426,16.277900403403933,85
36,357.4834470854435,87.90446301127581,85
42,3.4121945442529,195.4472863689165,85
47,46.190766401203234,267.3711858640429,85
14,417.1139660138409,83.90861523587301,85
41,431.1702389712132,98.45623163629158,85
39,419.81411393986366,130.06112215273558,85
16,474.3101569883298,36.169848456878704,85
30,458.71697562918723,88.99869066322735,85
40,422.7359882159772,190.19053775244015,85
2,468.635391046017,260.53586496998844,85
43,447.0843525296024,235.3970081801843,85
