id,x,y,portee
2,54.300634771510595,367.17917874860973,85
3,84.69381496768641,438.4081534495402,85
11,95.95414988418227,372.2659042630227,85
