id,x,y,portee
1,244.99842504276998,380.2060227933402,85
3,165.6860390866473,364.1568869300686,85
4,275.5700749124949,311.40177614123866,85
6,295.9357185591698,408.8484195966836,85
7,238.47820086991146,428.9977779436807,85
10,308.63682354652514,387.4782127399684,85
11,248.0430680663076,232.51958960618063,85
