id,x,y,portee
0,283.4804695170305,22.337636985437783,85
5,227.91128481095686,9.866065520637346,85
6,219.69980757853918,93.1886705673164,85
