id,x,y,portee
4,419.9730583928429,134.2018010881075,85
6,467.5675200507732,130.91358310706684,85
22,389.73386154692355,163.2788306991831,85
24,489.38706911531403,151.09513075841176,85
31,465.6985981907718,89.25483531216355,85
32,346.1292181375793,107.37912778144837,85
26,468.8026673041702,11.551667170468683,85
14,301.6273969331172,85.12568795455965,85
21,247.24207898493023,71.16150437047625,85
18,182.960351237189,41.1950944204908,85
8,176.0996817983993,11.593001322067863,85
39,190.16834730299382,7.989305273327196,85
