id,x,y,portee
0,57.8519307490834,361.8306489918359,85
10,84.73430539739391,306.0617177488179,85
18,92.47787767121469,404.218185853431,85
20,2.1121425936830307,389.72950012711,85
22,59.045291156065325,367.57827104976553,85
32,139.78798238299345,360.0864148265624,85
15,171.26999110085083,403.7028441392272,85
42,134.13668441689143,426.88858860374484,85
44,133.42974081860277,455.6277382446979,85
2,227.1911766093267,362.8851602716071,85
55,286.55535656635647,310.8577792330768,85
28,352.74004488311516,342.6160585627944,85
51,338.40802289956116,341.77572925549623,85
53,347.5721646371966,353.17946861285645,85
54,335.95279331271814,356.89956400799144,85
3,363.11951248585757,268.1225614678129,85
24,415.71722202357853,297.59570397215293,85
45,404.77402159964976,383.72504636423855,85
52,365.21024608392,266.27866452053297,85
6,408.03990672912056,256.0488338145907,85
14,433.3937065008101,306.95262627144245,85
17,392.00331179798695,213.88837866821243,85
26,468.2963329810607,360.52992481182673,85
11,453.2689139851225,416.66989856334226,85
31,453.69994951125994,211.42726330825994,85
1,459.7386147032167,495.96800216937623,85
38,400.805572809737,480.744478461143,85
48,439.14694263187096,487.3675415744486,85
12,363.83954481836236,485.18664772244915,85
33,364.378306734249,496.6073966767326,85
19,282.7422775363156,499.8740794367813,85
13,234.5813797277419,498.25909736189243,85
34,246.26172573249815,469.68415230068047,85
47,261.6601263384818,441.1446642016431,85
