id,x,y,portee
2,405.3851948206375,398.90491562548357,85
9,340.6386057647109,410.64147425521276,85
18,416.2516022340439,385.663975144455,85
4,267.70616428362774,379.3826993970223,85
12,308.6506739262284,373.81457536958663,85
17,328.188141020236,477.85041298914354,85
34,338.2818717387545,476.1850291471306,85
15,409.0131618271317,307.4171595247365,85
19,324.90725070669134,323.38691281422035,85
21,255.0359552043552,315.48412521527746,85
24,272.66937285717313,467.5017835819741,85
