id,x,y,portee
3,124.45771785083038,165.00981353515203,85
9,96.02615398172937,133.15960528053583,85
12,164.02159854816318,140.8096400676429,85
14,183.5652160033762,174.57103921268728,85
20,200.99327139885858,250.28989928020312,85
