id,x,y,portee
2,270.3181711067307,331.3859940622867,85
9,252.88869037921984,391.3186905251642,85
12,299.8808959030285,424.0383146810846,85
16,223.21474202017077,427.9215799880643,85
11,156.8510586275386,376.45203688974505,85
7,145.49408397765995,385.9449632804458,85
10,184.03537916660795,333.1647801765072,85
18,133.81240921315657,352.0258835028194,85
14,92.72250743721038,299.46920555669385,85
