id,x,y,portee
1,71.43644183248642,39.876940507506895,85
4,64.44142573135176,117.28222378043968,85
5,82.05287815203354,28.24070489640973,85
9,136.2179611957798,147.311689299843,85
12,171.6762800942209,178.48212311599383,85
13,195.1611638643409,174.53191374018562,85
15,152.06735339710008,140.4306437010383,85
17,219.37064354879266,119.68843889160053,85
