id,x,y,portee
1,86.80661211821744,426.33534020092196,85
15,60.10572489404503,497.0827901912542,85
22,109.09049178814956,361.652237957577,85
21,116.02609949079113,327.3336015208973,85
24,88.1630419679077,309.2360127187257,85
9,74.76382377124725,279.2844114973446,85
13,155.70105491761998,268.8277901727043,85
7,67.20517605150201,216.43279624875044,85
11,212.8039163350235,285.5590530091722,85
2,82.33648297019135,185.17018083687464,85
26,87.6940353129943,174.57906730738532,85
25,141.10447364185242,146.5198819425256,85
10,160.0430324335177,85.85555740193612,85
6,227.48760712692396,109.29340667346521,85
3,275.1317059007849,132.44589010840275,85
28,293.92449748755,77.62674366471772,85
16,267.67356696187176,31.163079648958647,85
