id,x,y,portee
0,72.93591574647823,13.75986214400976,85
54,26.98810822271924,47.80211708014848,85
13,64.36483935537545,108.78462779915543,85
28,121.91841732253455,166.58842141512713,85
32,93.81731832150831,181.61632561136898,85
36,59.386069356672735,135.22737681861935,85
47,44.14739900544246,175.62317808838313,85
70,115.81629821460044,133.43908448792536,85
5,157.78064851536828,200.72654950473867,85
16,144.13045122893885,176.25657319467075,85
39,157.04842705917827,190.81260616608319,85
62,59.210659108227205,219.0598861270135,85
60,19.709734199603425,204.06096889665594,85
65,13.39749262266543,177.02454785136328,85
26,133.25265274292693,276.17002535155314,85
48,204.45012927707074,223.6214382733843,85
49,45.03784077150213,272.67440693373896,85
14,168.99394650313366,320.77111977688816,85
21,161.55355908780334,291.4216298542771,85
71,160.5472716307884,292.4173023885117,85
15,233.1272488079864,240.59597970583764,85
30,35.60165124196679,313.7716022151841,85
55,2.242324928546424,305.2223788526335,85
1,198.20741856968,349.12345821168617,85
4,237.5555832084514,319.45848258300833,85
19,253.44968803694195,326.25888673641794,85
53,204.62191435017385,343.2145545594795,85
68,221.46630926073706,375.0371760827699,85
34,36.817180196135055,383.44415115605113,85
37,311.8108095830197,320.92703001267506,85
43,179.78016757257538,443.4933998933869,85
57,270.489480585875,442.5002506632526,85
22,66.65667668099007,433.2959093270222,85
27,64.45716462499496,452.4847440557193,85
50,93.85382596421243,431.73066673287104,85
51,107.78266295594646,419.2938596383058,85
42,327.0773610585899,370.6743004247275,85
69,367.3935521798002,374.50377762479724,85
24,232.66573223758746,461.0354591327601,85
58,158.33651723770575,458.86979781679423,85
74,248.10193201794218,492.14371075318275,85
11,21.692996567192147,498.140801735551,85
25,83.43482110667094,480.3166299173739,85
38,56.10729183062663,492.5635400447176,85
40,362.69302360415935,401.4985337270637,85
75,405.73116782892214,410.28441251031916,85
35,427.14141292870084,437.4172871537579,85
72,434.32142179757545,486.5263046857946,85
