id,x,y,portee
0,382.6450775940799,0.4585822853293564,85
43,386.8514899166172,47.410474480561014,85
13,443.8080357913995,64.88765349257797,85
45,398.998662905521,86.18112439552905,85
47,355.21723730417267,91.25375170454959,85
20,493.2308948104153,91.54687849478155,85
54,481.18781451071277,20.01255441576416,85
10,327.42968389012105,128.7305316428813,85
12,354.2526338109308,136.8430239467247,85
19,356.80477486820206,134.72589518404214,85
30,353.9234024661738,161.91431444205895,85
51,293.1283959957191,74.76633457162801,85
23,313.7112992738202,198.01884608269515,85
27,325.9871067247014,190.24159759173864,85
53,315.5107650791213,191.700669977782,85
22,406.13910815942245,191.43342435607624,85
44,341.4994407341986,228.95828081144415,85
36,234.12336295546936,44.164791503433165,85
7,293.53346267265334,240.3870041609719,85
24,260.95610276225756,236.9434834288498,85
50,250.10493662021116,237.01344030073884,85
4,426.53062014357954,270.0854419625247,85
3,194.72748731206403,117.7339414488881,85
11,322.8482581282244,315.97664213595823,85
18,271.2217871609434,301.36321297959546,85
31,262.82407573778664,305.9857325303225,85
55,174.0193749234763,262.21478462217965,85
5,396.0509461134253,330.88610633430443,85
29,456.47505524873833,312.32571378893584,85
35,391.33446858172334,337.84744098845226,85
37,368.6733544846002,315.2034959956954,85
17,122.04838311326382,79.36682523946659,85
32,139.29334585501002,68.79127213632668,85
8,307.0989344180016,396.05224642961275,85
15,350.95297906716326,330.1042731809312,85
39,348.12525208266226,335.76433273474976,85
16,75.91086848139295,47.125262903844664,85
52,136.8441324557583,2.477123116171265,85
26,333.97053983726903,466.4228505937077,85
57,17.852575186790563,55.97273152367016,85
1,303.2664492758713,481.78294686545297,85
2,413.9087402756291,470.5622046391564,85
28,356.2206268599179,470.53959377668434,85
46,233.7337536924379,447.08421940307056,85
25,438.5281512286007,451.0899528256939,85
40,417.35878538146443,447.71835185709136,85
14,205.35874175592434,386.27519095757805,85
9,487.41910349421863,394.3281198458464,85
