id,x,y,portee
6,267.8569288336027,195.0920504210074,85
12,245.97799632880145,220.28487033719358,85
16,278.9330863078593,270.0576887751666,85
21,236.08915624355814,214.09217261638346,85
28,341.48584736985623,161.65510596524007,85
7,269.5345457345785,292.0166656176733,85
8,315.1039958841468,316.3531801705582,85
11,256.90856620254664,345.19832679365743,85
26,285.32348362477586,311.4537737033087,85
27,354.4668527919627,133.51683020979667,85
