id,x,y,portee
1,136.14660962674137,429.2577111990171,85
2,79.34830783627284,491.55590009272623,85
7,177.0709913244081,483.4745737233192,85
20,129.0390385304392,416.34286639360727,85
9,47.50489780091105,437.6739847124594,85
5,231.82353723135523,495.3019304578552,85
