id,x,y,portee
1,419.7787888017188,201.07235574331145,85
6,495.8346904510842,170.01636856506425,85
7,437.6697874675082,228.5560454133015,85
9,428.62009292812036,140.83118397015903,85
11,468.6899439948526,235.70677097953373,85
13,385.87611219440424,169.23401483230387,85
19,462.0774743378995,158.88758732150555,85
20,453.70817799100513,185.78812573219733,85
23,486.2632261655701,290.84532957184507,85
