id,x,y,portee
5,376.6540943395174,327.1897326928875,85
13,330.628042974612,362.2652965348045,85
16,310.8158570251196,284.8914674305297,85
24,400.6836169478381,295.7936752493809,85
9,306.0718246700671,273.7059652328466,85
