id,x,y,portee
1,185.6890674092414,346.1765369573714,85
2,130.99883896770208,401.1259675268598,85
16,105.528307270852,384.1544360396794,85
21,82.01369506445039,372.14252792425015,85
10,19.992263998672655,387.8921458641369,85
