id,x,y,portee
0,62.4084604329479,239.4088462952441,85
10,129.0575062534411,285.5529891005861,85
12,86.10820823289123,316.4234417143358,85
37,55.88837700730076,183.8363610962364,85
1,162.64492848363886,240.72147297230822,85
4,165.15316438664328,328.6245378809283,85
33,79.68474283573823,350.93705266047016,85
40,151.75524734016727,327.6480954160949,85
9,93.4914817255198,400.30621969236887,85
29,106.37333256621007,386.0435003004821,85
19,73.72366365725586,146.47202495090045,85
8,98.2864402998056,463.21256514910885,85
34,51.02167131278229,434.5965353357695,85
5,116.07512588050028,74.89313796313746,85
11,139.03652480324263,150.80711197802333,85
13,13.64921904853178,487.8768403335147,85
35,179.89620812478424,108.4956144903531,85
44,250.23917117607752,75.06296907261029,85
2,211.33113496247157,15.412808235121144,85
7,309.50433797042257,68.53150800671992,85
27,198.82380653141664,11.209926500086508,85
30,289.9248027443823,141.61104441304823,85
3,285.1919874666872,165.62109924632645,85
