id,x,y,portee
1,301.510331292485,98.89869641487704,85
8,262.0722873553125,107.94175590868078,85
11,201.25668452309654,130.85215471539564,85
12,264.16894498848484,180.58984470160615,85
20,204.8175792892749,151.64191104894326,85
13,148.89975127913442,130.99905521596907,85
23,189.71747614810596,155.096799271279,85
9,338.6022560221983,182.49300033112752,85
