id,x,y,portee
6,134.39832880106073,411.8520071829064,85
8,97.37949607570445,340.4708598549387,85
13,139.90990199877763,385.28074976834034,85
18,105.87197164527417,339.1879245381615,85
19,181.40258384798375,436.844410820254,85
7,52.79287967262536,387.51072343961897,85
22,0.3651667975224093,422.3750034532631,85
