id,x,y,portee
2,181.02654292438675,294.9739298306309,85
12,201.88342751953908,279.4167636632577,85
32,170.17161307302143,243.53989683039867,85
43,110.42009744892573,274.34831206352794,85
23,271.650661450494,283.2900355306544,85
26,225.37653013640153,219.27619494651296,85
13,122.72461674389639,204.83301035312135,85
18,29.88758334481062,295.31390321690805,85
28,76.38648090852223,260.2141173837838,85
9,344.2630841048262,288.3540439950728,85
16,317.0658554124452,297.2481006848841,85
34,278.8977382904775,332.19097348416597,85
41,352.15512610175847,286.24755003403675,85
8,12.682359191484027,243.66518998232007,85
14,13.919922280719865,233.6332437179201,85
37,19.302161082953184,231.00451170944197,85
48,31.270647132458862,225.18787622618513,85
36,373.5852066042694,297.7923867657761,85
44,402.81822849653423,331.72648534593327,85
30,300.81596898712746,405.2328208119927,85
6,420.8726925230334,381.47425356286345,85
3,310.30713188586236,427.3597902427866,85
20,325.01821163366424,418.1524387933931,85
24,325.4069856405755,468.498726679165,85
5,497.28283158348603,348.18135256801935,85
22,415.4155712586474,452.1477333073979,85
40,406.1182276781284,484.15700669019947,85
38,410.517854029631,493.97392510558916,85
