id,x,y,portee
5,181.73476164665908,233.87434044687026,85
19,166.9543756835289,228.34596617284598,85
20,206.9042794269102,236.5720968211183,85
50,142.67820174413686,177.03392492636073,85
49,224.44629036814968,157.99792132249735,85
15,148.435835273293,125.62255130217176,85
31,131.31311899544252,137.59690698127352,85
42,172.01548248902583,139.05743018945282,85
47,252.9887586337758,110.89478730330798,85
32,169.3576444412972,67.62552090101886,85
40,116.71706097709882,55.67830067558005,85
22,284.9108340517275,61.83006093575233,85
23,251.76321381144723,2.2344474547179582,85
25,314.31218285260917,39.24750372202384,85
21,375.4495222500127,29.263071834696007,85
