id,x,y,portee
0,111.85945026556848,218.11699910838183,85
5,148.7549163478375,143.76140499531,85
6,110.30728533449008,294.5323170466783,85
8,107.92463596063956,205.25736992247445,85
11,109.46945581215095,279.9299520885625,85
16,119.0599338149016,273.390801800212,85
21,138.46189204492487,294.4448478150408,85
28,143.24690830140224,219.53062931186452,85
35,175.22384058912837,194.5477870098298,85
50,108.83648867222806,293.30523554350907,85
60,75.70739914656332,192.79813023466298,85
62,182.19236620109868,174.62925740214698,85
13,154.61805698737945,113.77000384807245,85
33,79.44468435613089,136.88421501097125,85
38,125.13212641043586,108.11103619917634,85
46,152.82365937007037,64.10178715620307,85
1,53.498730719749865,350.9311522538156,85
2,177.6398361669993,280.4669562063563,85
37,154.37867295560287,327.16843418696334,85
23,220.073304357113,288.0505818549556,85
48,215.73628189613964,270.3828814152773,85
56,206.81399275617358,297.0866289504318,85
34,238.88214801858982,190.90591306950733,85
17,42.363036367561726,124.4218888439082,85
64,23.417648241825074,256.8601793973352,85
39,17.447857988125538,130.73640987854034,85
44,22.193610199152058,337.0817520097854,85
31,262.719651990846,331.8172416573784,85
53,25.39792390411788,45.07782782482811,85
58,38.3035953741675,43.2622289770036,85
20,11.371983523520035,270.41190911607333,85
9,300.850786105232,406.13194425385524,85
22,316.66990344359334,375.006506040129,85
30,320.10894366741246,309.7921221344262,85
47,285.4261375276448,355.9409472643027,85
49,258.42099633228446,387.83453757323565,85
61,327.77440811108335,297.9700031778885,85
55,14.068993301967591,1.4034561971866255,85
41,371.6760854522406,385.8029548362455,85
59,257.96098755811533,431.20926676129665,85
63,361.1528346936915,320.10832561978464,85
45,349.5396218532767,250.73725281995468,85
40,211.25821654107756,491.1789160623911,85
52,198.1813997293453,492.3932540879334,85
43,122.06353783722868,457.77268527544476,85
51,155.93869920344895,418.74998872729753,85
54,121.46193460769045,474.74467911329356,85
12,128.93154776607713,430.6336331664363,85
42,94.55337205841674,456.60905009799643,85
