id,x,y,portee
0,216.00115273321953,480.685699693028,85
3,227.19900885393562,471.39694239757364,85
8,289.1861726700347,450.7930760968557,85
