id,x,y,portee
0,78.82080694277194,385.0137265717705,85
8,34.33117265565932,346.1013793545194,85
12,38.58613539073358,416.84700689244187,85
4,40.82424127260931,490.4561111693506,85
