id,x,y,portee
1,137.41830464356846,68.82657749749987,85
3,146.87503228282333,52.133229261187296,85
12,165.9342509023451,18.498282100839536,85
13,85.47770233475643,59.17215470384796,85
18,183.42531979629078,116.0045851374229,85
6,60.08673961987054,20.175176088875368,85
22,49.5807547131224,73.64845760237782,85
15,252.98251728085842,157.3343742605509,85
5,315.10720131418475,129.5837594567219,85
21,349.9572342833325,118.58021085793501,85
