id,x,y,portee
2,326.644390409263,168.28067344193948,85
4,389.30348651949436,225.23051165235037,85
8,269.02701387173494,215.15147327530437,85
9,308.0270278475522,187.1124508522128,85
3,367.09671445792236,271.01609840134455,85
