id,x,y,portee
2,461.27184414546326,149.73239680353007,85
4,385.7278629106436,180.04668178580775,85
10,345.53676725242826,213.8049628085183,85
9,269.8951333184724,234.6733864454774,85
3,274.6458111196611,151.4866322187279,85
11,218.243333324794,98.6123482886681,85
8,184.44775828791327,68.22555692041166,85
