id,x,y,portee
1,163.1037554055015,263.88070922786557,85
16,139.59076867134291,196.58308456538143,85
41,167.1966786751844,276.87246742689615,85
46,211.12414702797693,210.21970080012065,85
59,186.45807987058438,337.26445675647165,85
12,86.22124232268058,139.00732711251328,85
38,107.9250384825105,172.5857241506052,85
36,253.15516235384388,167.35044076004274,85
54,245.22851333541968,160.5616033368638,85
17,134.64896369160783,370.6589928046135,85
10,52.60856696642835,71.83554482563764,85
14,30.931385404072643,169.9302556391245,85
29,159.72100194167965,102.80209375334675,85
44,205.72424380202253,115.15851928236165,85
57,334.4786809426449,163.48071611910197,85
2,176.85217388530967,112.3855199433727,85
30,105.34960600328303,433.3121099660612,85
58,63.7175551625575,373.7153010007028,85
18,113.6693485652,21.275305040006852,85
28,93.780900284195,1.1680770689809217,85
32,12.914277333503755,242.77753628737148,85
22,165.77814330430084,83.37232450101256,85
33,186.7248633626592,98.05903474607331,85
49,256.10596144681466,58.06355684093578,85
42,380.9596211606155,147.72399737674436,85
43,321.1591744218664,82.94090001750482,85
50,365.1919678970445,108.04712576304986,85
19,71.4558459947271,467.72505304255475,85
51,83.02423852224317,478.66256506749573,85
11,44.50257251663559,315.0798470835741,85
27,46.11715383903692,271.49275618697857,85
21,214.42197908498062,30.345595250189316,85
6,249.7927775169667,35.47826263787418,85
15,268.9787152657569,55.33527776670349,85
26,305.13471504688016,5.242594404940459,85
52,324.028586294702,19.15360022223228,85
8,416.1114371779624,60.97527535158576,85
35,405.32676568818204,43.54122965303142,85
34,424.5970489309818,27.733539958886332,85
47,446.1327616626147,80.29546691779387,85
