id,x,y,portee
0,255.2125336898688,464.6917851427054,85
8,206.48414766027312,411.9890647745436,85
10,264.2239211869991,393.42683810897336,85
27,205.1188047371403,473.4575764562869,85
30,176.47712702267683,478.9418700420038,85
31,216.68060435634456,389.86758350372213,85
33,266.92527574324424,468.65916840664335,85
13,157.37834901955233,403.22321418940237,85
16,145.60440217655523,378.0135289224263,85
35,338.7534597058965,433.8086561531959,85
28,82.80220354303464,356.40669476934613,85
1,379.77029169783106,449.9317583820663,85
4,385.0329581998186,473.24695277162357,85
18,360.37457368981495,481.48459906664027,85
37,386.6900998540176,367.86115883066446,85
41,388.6315117987308,477.7430719254302,85
45,369.85138068714923,493.7813846113854,85
7,114.94067223498789,284.0099510963137,85
42,438.47130317830477,492.1295491207703,85
43,413.42321038375667,312.6361954131429,85
40,75.36433119636865,251.422563329246,85
20,443.3604052961981,298.0653520570956,85
34,5.985396829819578,300.1130135063272,85
39,12.672810145439362,226.65329844591164,85
29,1.7902620185217821,185.409549181922,85
