id,x,y,portee
0,59.25890904512171,373.3710505655133,85
8,22.316834579440226,446.8948323558066,85
10,46.271359032766526,481.3972267417076,85
