id,x,y,portee
1,204.17858713959941,420.92067741076636,85
4,188.5977810357538,412.30988389023906,85
9,160.8009373338835,349.38380403182833,85
14,223.78810401604,472.006919365259,85
20,138.48084767534385,414.67723024147114,85
25,152.47610967880547,370.44409092566104,85
18,189.38461193741162,333.6556606587053,85
7,183.23501806843188,262.27919688506654,85
19,259.09330048630255,265.80473489643197,85
