id,x,y,portee
0,86.92675483158241,162.75680050968649,85
2,50.67983916776464,86.49869344871203,85
10,158.0370369458984,128.59281000397021,85
4,223.9685839685353,80.05994723278309,85
8,210.37643174717897,142.1434829438009,85
6,279.80546514759993,101.53534487687871,85
1,275.19925024831633,169.98932238788007,85
16,339.3650022987727,61.81103915322311,85
19,297.51193672423085,141.89118404212775,85
17,376.7147218936953,120.59767663547916,85
20,422.6426433076521,166.8894765704645,85
11,357.345136819594,217.4611692215141,85
