id,x,y,portee
1,81.34428040939822,184.97076742844138,85
24,139.55500168517037,192.93017190812577,85
29,62.11610460560046,216.88633731430235,85
39,32.38507864266088,125.26916382485797,85
41,36.23495709088426,211.27644149230667,85
70,76.09928421765655,268.63958418417286,85
32,195.861969151379,155.4635586910253,85
77,181.49376731762206,253.89672566499434,85
17,36.13022165281282,272.87177747722177,85
75,2.906145580094721,265.20941589993623,85
8,77.58178037640789,75.96774687459268,85
54,26.316285145874474,82.63652758611344,85
2,81.51604337301677,345.59592404137186,85
16,106.17534250888433,302.82260299820376,85
33,147.1238155896068,296.29541193219916,85
26,214.44581895154397,280.64136525334936,85
9,33.10012797204859,350.28238003448894,85
62,33.0875335955797,346.4048129891649,85
36,59.316514589521915,33.444404744304656,85
51,121.8767327501537,39.23995061241736,85
45,3.6059881443217257,13.831676417159988,85
28,104.31085163803539,419.8220211312836,85
40,34.66571507102528,387.628799342906,85
46,155.87150511779097,365.2128226403809,85
49,35.57585699388799,391.9959681757448,85
69,95.18733913308597,359.275952313015,85
35,185.07769282888353,351.13886973702614,85
64,272.27659502016803,314.6247803885363,85
79,3.641843407976908,407.38746529200034,85
37,168.09864482004966,68.93165435201554,85
78,172.23039453052263,36.19226046134322,85
82,195.10317711352286,70.01996773963664,85
58,102.89872592083188,445.1386125995116,85
63,66.51233818116815,494.3596474111867,85
68,172.4667423009289,446.83308245362815,85
73,138.3393251986884,467.3686224752729,85
80,160.73550942625297,430.9151134849841,85
14,231.9337576267168,376.68218344391374,85
72,213.0729259869041,403.5474626229785,85
81,229.38641643941205,368.144302358625,85
6,257.8705521438839,384.37047842050725,85
7,237.69906634028342,46.654406003195426,85
13,235.1710446002942,79.55787296205635,85
19,212.41514070125194,41.71483308020707,85
27,223.07688813474869,24.9965935805162,85
52,256.2923550297101,25.54896122460071,85
50,179.29046924041754,490.90085012423657,85
15,311.4912731829627,32.22959169479894,85
31,313.3280802018689,7.372308778353376,85
48,315.7958566523764,5.632367435422337,85
65,326.97451261765497,5.711595068395026,85
