id,x,y,portee
2,277.94549564174366,274.72303907027066,85
5,359.2509554544828,273.26267012731006,85
14,351.73663391166775,310.997207599368,85
18,208.03897725470605,260.9602250942277,85
25,218.89973244321524,324.30564146908927,85
6,384.7878865927756,291.447255792982,85
21,445.8683309260322,316.29861013711064,85
24,477.190253228707,346.28527316266405,85
