id,x,y,portee
0,111.74471327447627,296.1960268075615,85
4,103.37235477521483,295.8971036162204,85
7,156.48633666494533,316.8256288214906,85
20,87.67950903976008,251.96298185333822,85
24,87.32100130729259,288.2698344003154,85
9,133.20926328450895,386.90525821875434,85
15,15.425356537729584,298.84708782149164,85
