id,x,y,portee
0,325.66961593611137,148.99612812327544,85
1,324.0956824187335,147.54748768342014,85
34,314.78967662823953,163.68930026781837,85
41,341.35594057742986,105.9532832486339,85
48,355.4575038957419,166.448751055453,85
13,239.66152319412888,188.66734553721497,85
27,323.22748571694535,41.25141753825007,85
39,371.6353289728411,61.121380447147985,85
2,160.42488192571102,174.14692850929418,85
33,224.45913466299245,166.18435936564447,85
49,186.64102115245456,220.27596773618296,85
43,274.17353350676524,2.4065683588629927,85
5,87.48531739800025,183.2963173788842,85
8,115.66018484128831,162.36224246942982,85
17,238.0482581249261,278.0722110735096,85
19,198.7701984265644,35.70946397713659,85
40,86.16103990106083,226.98931453045034,85
35,83.38765881956827,86.735791657244,85
24,311.1778661343801,320.99536215434796,85
26,248.93009010355826,305.03009340461176,85
12,82.10476533073697,26.59166456933637,85
20,4.974569335907287,101.5279965383718,85
42,21.615377941549106,53.71520705988237,85
6,293.2079111483168,368.5164664051816,85
31,13.547304255921656,15.24085009370124,85
15,293.5196209602439,429.5825742327932,85
18,335.33019548179766,460.94925669620204,85
44,363.93927207158197,440.2594358612322,85
45,303.0062725075512,491.0374859843922,85
11,397.692710603545,457.59719195751603,85
21,390.20626097968307,459.65916109215203,85
50,393.7006542876314,483.1752006186019,85
3,425.9911771518511,421.7227231805239,85
46,466.74018928653163,494.45886361094364,85
23,407.2055733023512,358.2162792189048,85
38,463.220833056916,360.45047885418046,85
10,446.96619170915716,312.37067258543686,85
28,428.6623541621973,283.3348817610507,85
