id,x,y,portee
2,277.4148219865237,262.505438582823,85
3,312.0476130287861,186.94674026252832,85
9,348.32213170982675,307.2424110009766,85
13,210.3447567094322,308.95356946268686,85
16,336.2386560804634,318.1447762042901,85
