id,x,y,portee
1,479.366777911712,21.244347426998157,85
2,420.77883262142564,9.995459689992881,85
6,352.5438069503968,17.116452933336358,85
15,350.87231057352307,88.5212746248436,85
23,339.1541479098008,65.57399775927381,85
9,332.0121992393172,138.17542452367127,85
22,332.7097128770493,221.5429658560445,85
17,406.21568807046947,202.7069062346602,85
5,421.95813664069215,221.240087435967,85
8,456.96207886001656,146.30862991326993,85
