id,x,y,portee
0,338.09534387401453,363.2112605436546,85
13,370.21264143160437,343.88589182359857,85
14,366.1782468236098,324.5289888945603,85
18,325.67129401808694,311.9324003897823,85
5,419.07298569683644,324.4884575679544,85
