id,x,y,portee
0,179.4343107852756,462.84464414454493,85
13,176.82317081729653,395.71152216667946,85
7,101.91479440417561,403.9122578914696,85
9,245.12034406610184,345.45288160592804,85
11,306.02337110261766,367.00755497210463,85
12,285.3053601765758,293.9116862157581,85
14,354.5393914567583,364.6907859374481,85
15,342.8984645884386,339.389009410237,85
19,318.81551741709137,297.6947622435085,85
10,269.3338848085087,262.93705890626484,85
