id,x,y,portee
2,134.34294038458927,285.21429918047284,85
3,117.56482873121804,326.1134995522744,85
12,161.2612165279188,228.1775198401006,85
17,174.64362047071873,214.250287685245,85
11,169.44774860703933,382.5743109993095,85
15,198.20370309464087,393.18929127585403,85
