id,x,y,portee
0,139.82492604194636,185.6086693752701,85
2,129.73680920033226,145.83797877140952,85
13,109.5553403186636,93.98654693119418,85
6,62.46756112746116,55.489124249090025,85
16,113.76530816623304,15.509104683700425,85
5,35.80669620081428,2.3151654287660306,85
