id,x,y,portee
2,296.8431388211654,489.8621191835226,85
36,337.51336661531235,416.11957115254046,85
40,272.91544037807006,438.9045746035506,85
3,273.1705157603447,380.43274559531795,85
22,372.621656935352,400.6393675916501,85
25,415.38116109019734,449.0541902763054,85
29,385.6737818944417,417.16481644409384,85
9,276.5555584869716,306.40850900090265,85
43,231.42819088323523,306.5079244103668,85
23,445.52161322173816,364.29282949057875,85
13,456.9158800881024,375.42177331147155,85
18,257.6429726309553,261.99800050505235,85
10,167.40271051702103,332.77469047987415,85
17,172.7748197068928,364.97379543815634,85
26,466.8333396796732,362.58555654569506,85
4,96.23752514018658,338.8385339187347,85
11,181.5373574078512,377.8547469936612,85
32,117.62677317659093,370.8031240716663,85
21,20.38718909924708,336.34506196131787,85
30,64.92680318721995,389.336153227423,85
38,27.24760932451231,305.33181253217225,85
37,114.98563709469562,449.70078662153094,85
5,37.65563180088738,268.3637814142101,85
41,21.185387496565955,252.43394950273378,85
12,50.577888517359895,454.35429951949135,85
35,49.69551178485471,462.2405129557435,85
42,55.93353295676879,469.2648172171752,85
14,5.7607188424994575,461.71255752518397,85
