id,x,y,portee
1,137.8694682850326,453.3392102514059,85
2,85.62931409003166,452.63958266106977,85
7,159.62785593843577,474.39754194536886,85
8,190.41844883257082,466.9127141800755,85
10,151.13771188307012,418.77590711747956,85
