id,x,y,portee
4,21.584729773206302,60.413875991406854,85
8,75.30723118158394,23.356889545233074,85
10,13.368285512060874,63.31076963588161,85
11,129.42426511114712,52.59541213578639,85
