id,x,y,portee
0,356.5660683418487,110.83259186911675,85
4,277.12096494951646,125.33530524429449,85
9,379.5439039056107,129.16122905783223,85
37,315.64738571656676,127.74649515376119,85
3,240.61051331517447,171.84716283466855,85
6,294.8943161221057,44.25800607588726,85
26,288.64586975495115,178.7935146811609,85
39,195.5959858501168,134.55899883811645,85
7,170.72426952159597,157.3282601179894,85
20,244.37806600330032,40.46899144258248,85
22,177.50860209394858,114.77725799953292,85
36,134.95857235992304,153.81140240732822,85
35,196.30074864486446,46.11588097299018,85
11,62.97830640013519,181.83538321784005,85
10,37.01156462026,215.95911351635988,85
28,48.50820160136821,131.72181083401009,85
34,52.240649651987994,227.03142961096657,85
15,23.889644128527067,97.54034686925827,85
21,91.76466765220864,71.76693897461533,85
38,9.839633711459129,78.2296920359593,85
17,65.38743615567006,308.94651264565255,85
14,54.447298098464046,7.096473555604499,85
25,49.21502826352786,384.2893459416232,85
1,123.36175041648023,381.77000354209446,85
2,179.165856327758,352.3186601557843,85
18,159.5845755324887,349.0061553504865,85
27,138.46965915459282,447.1805577708101,85
29,156.94720539180966,320.3014808381233,85
30,158.7869503489398,319.3524089697801,85
