id,x,y,portee
2,224.14833711819531,119.95648490273852,85
4,182.79340186932424,104.47395544569227,85
10,197.10526534553924,123.83879162030975,85
7,129.877614142224,166.3227188067208,85
5,84.02895387475057,106.26564465287281,85
