id,x,y,portee
6,442.32614991487463,448.0495534388436,85
9,452.27591561004454,370.56465589744687,85
8,499.01458427308637,355.2227113013251,85
