id,x,y,portee
0,68.50284835939236,245.61306761559283,85
3,126.87612490855771,248.28783686905288,85
21,79.18729773268562,238.34018026400804,85
42,95.74201290688484,321.78302567508933,85
27,152.33516169522886,181.77292720654177,85
32,194.3574390240632,273.0088732575437,85
37,163.93786982087082,190.2620940742845,85
44,176.14939062902613,294.6718857804801,85
50,86.54390345744523,334.49805802003806,85
26,235.6761685897696,179.54524841914517,85
28,207.33384617192863,210.96478390096829,85
48,198.90950360836223,138.08970305033702,85
51,214.44064712741556,226.76484688590858,85
61,119.64633263346097,128.20877433650614,85
9,252.853419566629,228.6015419334402,85
16,254.551542085154,226.13021960851077,85
18,287.40256049154675,236.4657692435992,85
36,295.14378692087683,207.5854414516465,85
20,175.56564844561444,71.06179820854908,85
63,73.21931881674803,115.17398737867418,85
12,369.4783762800733,242.8966708433196,85
31,309.54077357338645,294.8887528957326,85
33,368.3556956807109,216.23561753615078,85
35,347.5268736282708,258.17757598834834,85
38,344.8528095612546,221.8919711503175,85
5,141.38490668937425,41.44738134517667,85
11,153.8573133623567,50.09691142804967,85
17,128.5390244093435,17.177760589774216,85
55,197.76191409089606,41.9021552016422,85
15,29.868597464302592,163.5540258275036,85
25,22.31545581531008,50.25136270541236,85
29,395.8848389027294,157.7988048698971,85
41,20.127349942355654,10.143933341347944,85
10,448.67486041003895,122.50047760386335,85
52,411.708684295545,78.68821187726799,85
53,400.97097337518477,78.14018743692769,85
56,396.0533110831597,93.39667102040517,85
22,455.43816008672,43.73271374862531,85
39,485.49428347242866,50.72376605151446,85
8,369.57296820630603,58.03723184803117,85
14,402.48797987802936,24.399943780067158,85
19,357.41623957410695,45.36493739120889,85
30,482.85029792357835,37.374195846181735,85
46,373.2929136702744,23.97858061546909,85
57,483.42203691842553,35.5121120635809,85
62,380.6079994417978,27.417171192576806,85
34,310.22620247937135,70.3030210769805,85
40,288.40955830408427,99.50441102955237,85
