id,x,y,portee
1,381.5430802120826,258.94117877069476,85
9,362.7175741886908,241.27451340925037,85
16,327.2749914938383,315.7621251689044,85
11,283.7848318040062,264.21102665192075,85
5,274.9520836136168,338.79460253191,85
