id,x,y,portee
3,459.93076484688817,361.5014818356861,85
4,443.3841371423587,424.72111763383685,85
6,493.46930809022786,459.51215128652984,85
