id,x,y,portee
2,211.17313505646524,162.42416246822555,85
10,233.2206195388979,224.97099172797107,85
11,151.68894896073576,195.1432094496256,85
15,259.2299409138749,124.82255147859166,85
12,246.70302805614457,303.93977277788713,85
17,116.71082362753071,196.07680475321231,85
14,337.7438928246163,109.21093240456747,85
20,379.35907771929215,130.53855656700887,85
