id,x,y,portee
1,187.23496713838855,3.0781609589570214,85
8,201.9750572721401,47.13135356959985,85
12,219.80544961331572,93.78273251420677,85
4,223.15083926323143,177.50026328725477,85
5,295.57766904852076,105.45286843955415,85
