id,x,y,portee
0,29.259552036665028,172.42499608715255,85
2,92.49817210306944,122.89582186739744,85
13,19.856305563537514,96.91809940710993,85
