id,x,y,portee
2,165.01470710899423,262.5343260656028,85
7,188.45378907930714,222.37190201218075,85
10,222.405046222569,285.11148913472914,85
