id,x,y,portee
0,326.0112961146239,185.0582860686107,85
23,368.2736898629528,143.8729921526156,85
29,377.0859366069795,125.89934582250667,85
16,378.4232725849165,68.6862793189143,85
14,306.8162668156594,74.06776106278035,85
25,358.7958055806524,41.81258232370166,85
26,310.2020834219425,62.398681195864505,85
24,230.2359362084816,48.662485067489435,85
12,190.3642718662101,123.08062990402225,85
19,198.30995787640538,63.00483825515418,85
30,193.46290743282813,57.159063818417124,85
33,190.9041569672139,102.96399541304419,85
1,144.19702518704776,101.71224499392389,85
4,128.5680394330918,132.79235009877598,85
6,198.57153960859068,176.2895444931785,85
7,171.82185237337612,182.45511455506025,85
15,149.35057626475722,195.83106073587626,85
28,163.0058206981756,246.9264305213016,85
