id,x,y,portee
8,183.6076599707797,261.29864872015105,85
10,119.99638705943983,316.63092557122565,85
11,82.4208087530186,343.3787077116954,85
14,166.38454575443552,360.9107610305872,85
