id,x,y,portee
0,86.95462321138415,209.67593151184354,85
2,141.14897710766365,226.84040938478879,85
8,69.64862600983417,217.98092244192674,85
11,56.84122897083949,146.1601748814858,85
15,175.32267699115363,240.2350816884038,85
3,34.70908789729366,85.07215102247406,85
6,204.28804520751237,166.94553352606718,85
9,219.75449838600164,168.432679346057,85
4,212.6770696872331,113.52050436086869,85
7,263.1732311668336,167.69143347624242,85
20,289.6062766138926,86.84924681766503,85
12,321.81153876339096,134.2863923306716,85
14,345.15596357474305,201.81546243606553,85
19,380.4229593277275,168.20377858290098,85
17,419.2237735884519,185.92769354804244,85
