id,x,y,portee
2,233.7755787211378,76.4714208899111,85
4,229.41498756916755,140.19578580894327,85
13,177.2391288383372,117.63013623868807,85
17,100.01664376188224,120.29036211302801,85
19,83.10569831819426,46.42464644900185,85
25,79.10686116900179,47.54395350182433,85
3,159.6800190086301,26.119112742579553,85
20,18.353754825427615,54.945657673807105,85
