id,x,y,portee
0,385.2532822468009,28.89197584904829,85
12,444.16641486552084,27.546218661352707,85
21,315.1025733140918,62.8709198718071,85
13,435.46529912241823,109.39604028211669,85
4,301.57397041239824,79.38739821656942,85
19,303.05338924096253,122.14265740041725,85
11,448.58601675061584,180.76683654751648,85
7,469.24500794295096,210.9864420480223,85
