id,x,y,portee
1,395.60481697130234,399.06563312437106,85
21,345.76353476762165,358.50471447228136,85
27,435.84905389950836,330.6415892664304,85
2,338.2237098713264,293.69100292241905,85
32,424.6230539989051,310.2212870848335,85
46,428.9359051959661,285.1218562294253,85
3,400.8073788477735,247.6342248056299,85
26,270.1890163143995,266.4950037810042,85
38,322.63797750484815,231.19509421012268,85
47,403.6456360540978,232.42266993215998,85
12,233.82207587963666,315.9105442112793,85
33,236.48776338878298,293.44143817709755,85
34,257.7738669951581,334.1433894888699,85
43,277.62198287733395,202.93029462310164,85
9,349.687590270463,151.3702829487467,85
17,377.20573323638837,160.96036762296666,85
37,253.50223306945156,387.00056430016105,85
24,223.05377975117412,404.7738715795938,85
31,314.576045378408,76.07985950074043,85
6,211.78139587775723,413.49319962696643,85
36,162.5341972267158,393.6091001979823,85
45,172.6661157053852,422.54008493535434,85
5,321.0001945281637,4.933449732602901,85
11,261.01126497409837,104.84304585558557,85
35,133.0372287740458,408.79687932454783,85
4,97.60825565048698,430.8862188586425,85
18,73.17529850124605,499.3353843628964,85
20,75.22492427131489,475.40062599203975,85
