id,x,y,portee
8,445.7627545980953,273.57097823868617,85
11,478.9924412392488,208.25037677050324,85
20,461.659482490919,268.17640914635234,85
21,445.5823498441077,223.6320821666889,85
19,377.83484614701615,183.69480776896924,85
