id,x,y,portee
1,7.11499090689477,136.92384058382478,85
18,72.02512278821615,137.21187006973912,85
3,145.40377157183744,152.5553154348131,85
15,165.30060508110088,107.58657060139276,85
19,166.42501140843163,198.5663981495951,85
27,218.04447886560664,184.37041948662846,85
37,161.6518150651861,120.1517741883707,85
12,101.23566995034183,230.06697847676332,85
