id,x,y,portee
0,116.53316827551896,232.18583073232708,85
7,104.15602547271912,185.01511308072216,85
10,165.71855134716895,169.55337252000706,85
20,91.63652069763323,129.28441287872238,85
19,188.4489991425483,94.33322309344288,85
