id,x,y,portee
3,234.38143106795474,265.18521553476444,85
8,256.5644992411195,314.0802474920908,85
10,253.17047907590523,242.97484221404997,85
