id,x,y,portee
0,90.87994184508175,108.40539137370413,85
6,89.06497486181864,177.26648427815167,85
12,100.34883345563183,185.0107865846906,85
9,97.30718564935975,237.1366901072402,85
