id,x,y,portee
0,246.28679747382338,315.4659102849914,85
5,316.735369743109,327.81734756358594,85
15,301.0345846895937,259.1483625511157,85
17,260.0060809802226,290.18881922647165,85
18,292.5871677045745,256.07398815810063,85
25,197.40331793766202,325.85486946620864,85
50,252.79987515127917,325.1705546858447,85
55,248.3174085230408,353.22971007314345,85
2,368.79692012169886,369.35900838758573,85
3,361.7586460907032,347.50216733408087,85
24,351.7224524712254,296.5028873717624,85
14,319.80318031831524,176.92900092767343,85
34,298.35043376267737,221.83981436423673,85
37,353.7707681865185,240.97614406179747,85
49,345.40273700585107,217.3603465276902,85
6,136.0549487891704,276.23336050486535,85
40,124.65896738416909,350.0022344556843,85
32,403.6468421734796,417.9159804814662,85
45,406.3426238246158,250.73268362743744,85
8,274.8879841057168,120.51554077986549,85
11,349.63329699499684,178.81671469738995,85
21,132.14140142116403,201.59103503185187,85
16,76.84255673303325,385.1167577322382,85
41,102.8139084203163,382.4380621359341,85
10,466.6878729807606,459.92921009405757,85
31,471.75165347134583,429.2682805681124,85
20,459.2527486347795,307.6217690685295,85
19,287.83452935968876,77.14019217347284,85
52,284.42331677051374,53.99763145539571,85
23,421.96094176676314,154.09970867642332,85
39,395.79632348092736,121.32567610935297,85
22,53.12680601829683,172.60069086131853,85
38,185.65757417687223,153.71124829009193,85
46,115.99955971013564,168.34847521545083,85
53,76.6754370540983,152.83703021763168,85
54,188.06395314446138,206.2747264856381,85
13,135.87469820227705,437.9563003584646,85
28,77.45408454787234,442.532315243559,85
35,1.934033471197416,385.0214061417763,85
51,45.202741560198156,418.09913606633404,85
43,468.709097651947,310.67004268292055,85
44,243.77288822308253,38.63537220781882,85
1,419.80574361936186,79.89239932715981,85
4,494.64142947392116,118.27593087623478,85
9,498.0979780368176,125.17003367221236,85
29,482.9129444868344,122.99566554925273,85
33,492.25218825137557,176.00767933172605,85
42,468.63548122676593,101.19356739011815,85
48,184.35217174440288,75.18954447256942,85
12,114.94941897723687,476.12567033565455,85
27,492.9639676728696,49.33746826914559,85
30,480.9662945218284,24.899495157457928,85
36,418.5967541294494,34.96599710952447,85
26,142.15424146899258,9.146460671448475,85
