id,x,y,portee
0,340.33363676477387,81.01599705645951,85
7,403.1287814434758,104.46314220069524,85
8,360.98070793487136,170.09295425270034,85
13,475.67007849123195,112.86052631749172,85
16,375.729959132125,184.08133133877473,85
18,472.32951326035646,73.54936776526966,85
15,356.58662263114377,182.76129599605358,85
22,303.9384253787062,228.15699510412668,85
25,414.75632008356575,218.49608355350847,85
10,488.3344938145033,78.4881616977549,85
26,486.02547134243747,125.56943622298434,85
23,452.870786336858,213.42148241143133,85
37,473.5328374135064,256.0753212120776,85
28,497.49903971777974,262.97870863499935,85
4,494.94334690143063,326.9189228027283,85
24,484.97059649138987,396.311265946825,85
