id,x,y,portee
4,199.00840352774586,209.68418849832554,85
11,160.71849372680867,225.6161965598869,85
15,266.267149060822,258.38884992871243,85
8,235.18317974024595,296.41950727706455,85
