id,x,y,portee
1,477.99969241066145,247.63638873383204,85
6,428.3246239190696,268.0566893759585,85
10,489.8201636648329,233.0878566495479,85
11,452.03634492139594,269.09577803710505,85
16,440.18037836741524,286.14892758004027,85
