id,x,y,portee
0,421.80603691546474,375.7923163145884,85
4,364.9139524190223,438.11107402593296,85
12,365.26801734852637,463.69657054105636,85
13,347.9451794600856,494.1825027474578,85
14,441.747288104216,492.89136912323113,85
