id,x,y,portee
1,355.6176168822201,333.18315106126977,85
15,389.5609570270131,340.7234304859401,85
11,404.5082762477559,410.3920356189888,85
9,455.2656427196702,422.3973201058201,85
16,388.67606396743076,428.52956519207254,85
10,352.2785516789975,484.34426889297487,85
13,342.6369932393509,473.3553454664902,85
