id,x,y,portee
2,52.512854876459954,274.25850639326075,85
3,63.058940998476196,254.01717307432475,85
8,57.61779585727938,339.36095811025257,85
12,105.04471850288749,181.5082706001369,85
9,170.36549988847605,141.62568605303355,85
