id,x,y,portee
4,13.663183160182669,266.06213573678735,85
5,2.64380712267992,341.49305197176864,85
17,86.81134873460084,294.22422920386043,85
24,86.11961971503779,350.5408779046006,85
15,165.36871360907878,334.09771173221185,85
14,221.34710094223914,353.85812815594625,85
23,202.4662463898339,341.7001911444545,85
13,270.7122391175185,297.00028329672847,85
20,276.02647080345355,304.5185592221987,85
26,273.9844433066348,333.74492071418587,85
