id,x,y,portee
4,206.38809268775566,95.99456174655884,85
13,161.61469909486408,46.566966224913855,85
31,127.23652053113344,115.82054691861349,85
32,202.42630067165547,104.78138938239373,85
5,134.0509023949018,44.5629203788937,85
7,125.64155968896246,16.063849826878474,85
10,122.60489184461527,48.24420425026177,85
27,222.78999224022272,179.63480472452466,85
6,56.39494230476549,26.746430869757255,85
9,159.76127916280774,220.01116713513713,85
21,173.89714267135136,209.77777551743043,85
15,27.660227519526405,48.34660267253582,85
17,124.66020696681058,269.35441698290197,85
