id,x,y,portee
0,416.0974201069394,99.78591656734686,85
5,338.83239264064457,109.95590893508694,85
6,379.36538147185496,110.67420161012225,85
9,414.68432226624856,59.87645128227459,85
26,463.5701279496889,90.94707973670808,85
28,478.57723061656895,63.18994535044159,85
31,462.98985095866976,87.32342953472816,85
32,391.1466963919753,81.80207308257376,85
8,333.5508500589091,56.46787092859673,85
15,303.62237136757835,88.86850449612072,85
38,379.9739830678263,179.3025319502809,85
2,330.1022525064112,237.96300952079048,85
39,412.2075593601553,244.29169003409083,85
44,364.6904575430047,199.0697914958249,85
13,270.2293552479998,265.7336964803399,85
1,197.103485324992,238.81004845703825,85
3,299.2327651564524,323.1823276118649,85
7,200.10059277587754,272.9417745759379,85
23,250.84097419641904,340.17164086921923,85
40,274.2903050691106,339.6524796330515,85
48,271.9829405240421,349.92299147922466,85
12,150.36339633657198,196.04323519996458,85
19,162.56372065126828,223.57727202279392,85
37,135.55542387204727,221.24663459257377,85
29,328.54452201192845,337.0737490738341,85
30,358.60569761454957,330.4476037125673,85
33,190.65345381002098,330.7552065878121,85
24,76.81204594109103,176.1366004266617,85
22,64.1184974045652,176.83291380461674,85
14,357.99493475905547,394.79963596675765,85
21,166.59435048045472,355.70297835211636,85
27,133.62517982536292,364.94260824845327,85
16,57.04541829331217,180.99706150268435,85
35,54.70709463637841,161.57367052113747,85
36,49.25055668724099,110.82891388737364,85
41,22.940191877738158,211.68283033505247,85
46,4.572786030066444,132.38670928014773,85
17,158.74815140378655,442.69753891998624,85
20,0.15207532126615408,54.87139113085343,85
4,204.97308653940377,486.0586623624204,85
11,172.84973902574902,494.06381215116176,85
34,203.70078145563468,487.0541955875919,85
49,102.4366784386067,457.661689759032,85
42,240.78676081343338,469.84427517851077,85
47,296.3646826830186,490.8744284984256,85
