id,x,y,portee
1,179.52829724283532,168.50033427109202,85
7,176.49412302022978,220.4456061230657,85
9,192.57151642237986,90.17924193104326,85
29,194.84873660427155,124.62194559698841,85
30,219.00014351452506,166.6776240270782,85
52,127.09383774867267,194.20142551359777,85
35,139.15168484895113,46.412025300988205,85
49,235.21430985660518,68.65995189351042,85
13,97.45200484607514,0.37451544263616965,85
16,103.21115720962165,2.5085592252307443,85
45,101.63192512686459,44.87580294217963,85
48,113.47256825447543,20.016526460131523,85
22,284.9328650827449,37.58151475178878,85
43,304.09282939566384,22.607363034915895,85
12,24.871769873926308,11.751946786267398,85
28,40.76322199926313,56.94301660807022,85
38,23.556911675776615,68.29581411207076,85
6,329.7008072544103,51.42306261023799,85
42,324.67116288742665,49.11192588294872,85
47,32.67092186045972,133.51283660304009,85
