id,x,y,portee
1,333.5303093625196,1.1960776408796447,85
11,309.7403416758992,77.19649978528781,85
18,401.8607236079798,41.45048358765213,85
15,343.74842066471336,141.75203334245688,85
22,291.4882121460734,83.12797972154034,85
3,384.9782514186608,139.6175142596802,85
13,338.1077237536423,193.41244464155395,85
28,305.8901407945393,163.14205388962804,85
10,313.73275588120816,224.11677130639478,85
6,354.69883005627383,292.38796135280745,85
