id,x,y,portee
1,484.4183989770291,397.65182313076883,85
7,416.9178254250807,412.55419065584283,85
10,464.92798674367333,351.05898569979564,85
28,445.8071164601283,417.3238702002646,85
9,356.11556642803896,371.9266440148899,85
27,421.90488952649747,323.05648692727505,85
4,330.60773634728383,305.5905991935444,85
19,323.8863541014319,379.53511216611736,85
2,319.44469560782574,243.9558653580095,85
30,298.2264264026273,261.9650719972478,85
