id,x,y,portee
0,15.453518515478326,411.6295729305367,85
8,75.07414626184361,439.46056092635246,85
