id,x,y,portee
0,14.83200588207062,315.3731849871342,85
9,21.413664417460065,328.574538898301,85
45,65.15432006705085,311.2620836308446,85
51,15.680481578390914,326.89325381270027,85
3,37.84161237493683,403.3367440498163,85
8,120.14986892808588,329.7466163197469,85
13,130.9726964403085,266.2038890195833,85
10,187.49572261303283,331.53968792197765,85
23,182.49443787222668,351.26565779926324,85
26,164.75957250632405,283.2853149330337,85
16,231.9040855135472,267.5743352915047,85
17,221.55106029244564,283.61967080376485,85
31,258.7670437310869,295.92004585774487,85
22,259.73895761599164,381.39495519296315,85
33,276.2893206670413,235.56158968530826,85
19,302.19264364018943,439.1464269658449,85
42,312.07767183427933,434.74635887240896,85
1,326.6039255322801,193.1205364985188,85
24,307.83817922704367,223.37096695341702,85
18,365.6135211669506,404.40219879878873,85
38,344.44527149650634,493.5336022942088,85
14,374.86298661891396,127.28141819202693,85
47,364.78397814530837,143.24721871371054,85
48,388.7491002114564,196.68749300478368,85
30,353.9883685962226,285.2046383912108,85
7,439.1680895746653,394.74433700836227,85
12,410.41855173171723,338.05851329628683,85
11,312.462141177265,97.79458770104982,85
28,392.5447668639924,258.61961863987443,85
29,452.27572229638355,245.0156118885992,85
46,438.43444236403315,294.2056282731979,85
2,248.70379530288238,50.05601513998176,85
4,250.19932881584683,61.39352104319612,85
21,236.1973668878174,79.61262093258608,85
44,259.26272528865456,93.6398682668355,85
37,468.0454557977041,228.89552399507025,85
49,488.566164161465,231.8850273924507,85
20,167.1588115504784,55.24736782902501,85
36,493.1351745486734,160.21399155498122,85
50,127.53587276589934,46.363247502107576,85
15,480.7428534671497,97.60701863864118,85
43,479.08348658240794,97.31674806302654,85
35,453.31447867402306,66.08153214838913,85
40,462.8837673572699,42.72135184764919,85
