id,x,y,portee
0,222.58484163455665,168.03298978507354,85
2,208.71911512746328,154.83741808923585,85
5,239.41609925201445,209.15604778986767,85
6,305.9124362448707,153.9952174638965,85
22,297.6093917100966,174.4575630188461,85
3,146.94814353489076,97.68129194838893,85
1,320.559764702378,205.46926944049454,85
10,332.5850685295906,128.52634896414372,85
18,377.5932023185652,117.26468208824437,85
15,158.4894241261478,82.73451137112502,85
20,133.2728226169837,52.244005171290794,85
16,359.1307187317081,272.0535460120457,85
17,443.2028477176898,93.07175950202745,85
8,88.8431724680549,25.99363373314145,85
