id,x,y,portee
3,336.0419374066173,319.4044067509081,85
6,333.01715037640804,351.06697803765604,85
7,329.2577716936997,349.6070105784848,85
