id,x,y,portee
1,457.5325425288114,122.37635269992103,85
16,414.545981161415,78.14232424111623,85
19,395.5770437838724,93.7591722947585,85
33,477.3087593312106,87.3811856890776,85
37,454.23925164385435,105.98604328978773,85
43,446.8212619563221,58.78703503606103,85
50,450.9780024198301,56.036506379040006,85
25,351.2778915347665,130.31737989824998,85
40,370.3535051680793,86.28583317219856,85
6,325.1586100290071,69.46985107552622,85
7,315.78501259564314,79.63753564672821,85
54,336.74092931994375,197.26205746295616,85
23,308.74475956854326,45.34360374208474,85
29,311.1432685984912,212.240452348459,85
39,327.3734380898817,230.7113341961487,85
56,268.78850784544045,193.26410525541942,85
8,297.928550494,286.4343409479866,85
10,379.1094562222389,295.6312498211391,85
22,306.4106983599968,311.6577496746281,85
26,387.36928925258445,374.3071813826525,85
53,444.8690892616622,301.0232500931121,85
14,335.74683984510585,372.2296887214919,85
2,390.45305776943604,420.97138868622466,85
18,463.07549088488014,350.92431714489015,85
21,382.14728572219667,429.222126710274,85
41,351.548841163007,450.6156969330391,85
3,492.393023410982,276.9417768819056,85
45,472.01815033896014,327.22459428234805,85
52,484.0138603329954,255.22775123084486,85
42,448.13157311044944,445.96512146873073,85
9,477.9722229284016,432.1004859089496,85
13,453.58267810206854,490.99026042776825,85
