id,x,y,portee
0,60.166382208040545,6.724864550894383,85
9,137.59161621160177,34.616289948822434,85
22,32.43753222194318,21.15794534922133,85
6,131.3200333441933,109.07891365891732,85
15,163.69112179314615,93.21457311802122,85
33,120.84131926819514,103.2386444527914,85
19,103.3956310246566,182.23941124645205,85
42,209.90543894778173,108.65387201138182,85
50,118.94085146823791,178.19420334860192,85
27,224.0651621758991,42.026940272138106,85
3,178.07739660478543,180.62610000943414,85
4,43.23245347468352,157.0446339466917,85
49,35.129412553317806,161.056842620516,85
55,163.2501782942863,227.74960317007248,85
57,133.04048845256239,203.2312119552987,85
58,25.179797802491134,212.13730018321058,85
18,238.67229665294744,15.778317140144548,85
43,150.58210763677144,258.514439982648,85
62,8.554352106891649,124.83472450461153,85
13,89.84802580637175,268.8249943985252,85
12,313.99956727384273,42.776372460400836,85
59,188.48526734257936,331.7191796186213,85
52,101.23714568672615,335.5259934063235,85
16,322.97698158910106,35.18468151728127,85
26,363.4307544286474,64.32363365724508,85
38,296.31898063250577,99.31800600545732,85
40,349.95588068168354,108.16021391100888,85
54,339.539356469467,11.891877520369242,85
17,189.662406472135,357.60119071081806,85
20,133.86475025152222,380.03508393187724,85
34,230.47417719062656,308.28204394580746,85
45,153.99053921473381,402.2995347309041,85
46,130.3087219672852,350.0915488459212,85
63,339.9552841749952,145.23735304654954,85
35,299.56752821191924,162.81440743543303,85
28,118.70079484549578,447.5057695468796,85
1,277.3828318219128,333.42849400543975,85
21,143.23192594037582,476.4709477634329,85
31,292.6300393144342,201.01864591594176,85
36,346.43615586766424,225.87721250025183,85
61,314.1417993297545,198.56100734209582,85
30,68.9545485653864,456.28848979291587,85
48,338.41097856500596,294.09721826498225,85
53,323.39270323294704,295.6515038171663,85
