id,x,y,portee
3,177.66803879696502,302.24092234386296,85
14,112.51218588455542,291.96815905033634,85
16,190.94443550963692,218.93181931877749,85
11,86.44697660602945,228.1469702506601,85
12,147.2867956221301,200.00319630896584,85
13,118.07084587099581,151.9479696594414,85
15,82.57738980522616,121.59199642444091,85
