id,x,y,portee
1,207.59754830901073,111.55906038023211,85
3,281.0323752607104,142.13433455283226,85
6,245.91271074758424,71.88779053782596,85
22,125.2790782354472,108.9787526715652,85
2,272.79959304472845,174.80859207091015,85
18,283.1455546289902,27.794153736164674,85
13,79.74514355547623,66.48246491385973,85
