id,x,y,portee
0,205.35132002336164,209.1351855092518,85
10,189.39477945771944,126.31284336150955,85
6,178.248446170099,92.38123024752592,85
11,159.04137972356352,70.94933239258128,85
