id,x,y,portee
0,91.8966781360136,139.42014089004545,85
17,129.74407886151212,80.96053102989819,85
37,46.80248614297366,205.90503366251312,85
26,111.29479464276865,32.154107060256955,85
46,172.49965989921807,65.38557884681539,85
14,50.20092920354524,240.87795728844975,85
43,104.64916308736872,236.41080159370915,85
35,39.055649992361,28.682014974341975,85
47,70.9646792306211,8.679467591745205,85
20,130.5531582225995,309.42043798472224,85
21,164.4944303402829,219.03735327311463,85
16,107.94363760303216,374.5890509068966,85
18,206.98555418645003,272.48693561109394,85
30,87.94733924428783,323.96516691676925,85
4,94.55582437176669,441.3932332020228,85
8,122.80077394733624,406.2179741315868,85
10,59.9707072643692,443.68113774187754,85
15,72.71605866671548,378.8308674062522,85
33,93.17945860505816,397.80337193791263,85
45,230.76876233983663,295.50744965936974,85
29,123.34653692877495,486.67125598981636,85
11,217.410948870717,367.88048345951313,85
