id,x,y,portee
0,402.59540996973,200.3760439645732,85
4,392.3156524634354,148.14512551362265,85
13,356.9404648161261,237.18691049875733,85
5,326.89011168395143,309.6920698198694,85
7,356.9596093615615,354.5679793930043,85
21,414.7152522104051,305.57727586179055,85
23,352.4155485900177,428.40580848132174,85
26,403.74742192491266,388.1552008132315,85
18,439.39185287842855,324.6557787601882,85
20,469.1712691055941,296.272383510129,85
10,444.5586594224991,416.35265750296463,85
