id,x,y,portee
1,485.0597832154166,28.291031487361174,85
23,497.8173577976523,80.25412835160766,85
27,408.9691066856658,51.854901264154876,85
30,460.41770517898055,22.838739090565273,85
51,415.31440622342353,58.34965390066921,85
52,498.5842907915081,88.6659216934459,85
61,484.9968422282565,79.82837776709084,85
67,455.9598946061001,122.46122398407633,85
16,359.2878626216545,47.319049845279736,85
43,380.1082285161558,130.02619605612946,85
59,387.37388989016847,8.554944826823396,85
18,433.1578966988358,143.99184481462717,85
10,337.37811814806525,174.8927454421091,85
33,314.8389492791532,168.1771411847203,85
28,295.0134948886053,166.19197930351072,85
26,276.3129759747873,98.37893258752129,85
41,239.86184985670934,183.31610040311347,85
13,270.81031963547485,95.19967050889983,85
24,255.78857165155105,91.2001200701923,85
50,210.86058651745077,166.75760551827784,85
29,225.50057201917954,115.89015833582528,85
35,198.77037049603575,80.72320845169429,85
5,223.20054634564752,237.51669226639765,85
19,175.67672244242598,181.97870408170814,85
9,142.7703849242507,107.27049967609808,85
31,189.89533198196364,3.512336245254377,85
32,170.37489763887342,37.01125922355525,85
40,150.3486405708016,66.04775009441327,85
42,165.93206464007292,47.93251214181416,85
21,64.62689036349872,105.49774342799174,85
46,111.11431159725049,123.99736222773628,85
48,81.25876103268249,115.6261160737827,85
64,111.27067531878183,69.82985970537648,85
65,65.04232422418738,139.88164894221467,85
69,78.13486528263198,59.437432786832446,85
63,80.39175677304655,24.120565853431806,85
55,78.0595652366558,5.719843623716637,85
39,52.66758399572924,201.5100942661332,85
62,53.8007124006546,0.7228261993400542,85
