id,x,y,portee
1,162.3637590586723,440.38653250171257,85
5,227.99894864116055,458.79889246195603,85
9,221.7579776692462,454.3270746694958,85
20,95.280305660351,474.710909764037,85
22,141.5581048545846,363.9110738762996,85
14,306.2380506906542,435.13257831478387,85
3,194.2288393230545,346.35280070022236,85
2,315.35599764183684,447.9228051015004,85
