id,x,y,portee
0,272.42737249024634,474.1290344534623,85
6,257.6026902252847,490.6715884191427,85
12,214.57491958496126,471.7626034154232,85
5,188.188595984291,403.91998106591126,85
33,199.25512150306406,395.52906372379505,85
37,146.7457408961671,432.3328973625192,85
21,260.7418410818847,350.03449437353805,85
43,211.56827420907115,312.0418607379556,85
35,333.34070584392254,378.4453043682911,85
38,301.10418863072414,352.12574244006066,85
39,323.13748611209195,310.8717894310521,85
14,131.4537052707363,289.66335872699705,85
20,223.73543066103258,262.2138614354231,85
40,218.00926418864876,241.5759314556447,85
4,351.40622573081873,341.3035641594213,85
29,384.0837382723932,415.7526905536066,85
23,314.0435113864984,244.61484879305274,85
27,57.10812766282775,317.35440415310245,85
42,101.27719117678197,327.59178408998605,85
2,184.27127207983972,212.12218315008136,85
22,284.9915080898084,218.42715678594894,85
26,180.20458262112965,166.36120800994348,85
13,328.03847685306295,198.06389716671603,85
15,44.70251510873757,368.6378272795755,85
3,116.74480646422298,161.00261517822935,85
10,104.5532588595422,186.66490334140767,85
25,169.6030185863804,139.09768656569432,85
36,177.60201904555524,91.06562387661099,85
24,382.7771154380619,135.18116568972798,85
1,81.20562563445793,195.02392170662887,85
28,122.85372094254276,89.79284286117606,85
30,55.38219674456252,125.83512573727756,85
16,345.14867437989477,100.49416985093717,85
19,435.24668463143666,177.97780232992883,85
41,366.83796532518926,92.87624923424792,85
8,13.977603732424571,235.32880195912813,85
31,68.7095533428741,56.814574337379355,85
7,466.6222542333314,212.98640639497685,85
18,476.2241038987747,181.0546582372335,85
34,447.70540169367047,200.7312988647448,85
