id,x,y,portee
1,148.6839252687379,259.4117104388725,85
3,115.43064499087086,247.58572735469053,85
5,147.82327932892218,338.9289961664969,85
19,80.05415975119467,269.7370938241673,85
12,64.16583529690179,240.81961747906112,85
23,57.63310218455137,227.83149234042753,85
28,58.43256865950364,261.4000449352108,85
16,84.69728354225875,378.7667622243758,85
20,132.4571706066382,389.6929175857237,85
31,60.24786993240383,145.21959196018426,85
9,12.751056245316638,402.55371701931847,85
13,57.537154608097055,401.55635787043127,85
18,73.63004364880388,412.137295181752,85
14,57.716637197772755,120.25466325195566,85
10,13.734860699941787,484.10951341887113,85
