id,x,y,portee
0,86.34740842437071,431.21573412172273,85
5,127.86080914074421,450.20280163169866,85
16,10.222228407184286,428.6920662291372,85
21,69.26885832284263,498.9333441653288,85
22,30.37197982061385,381.6459415429392,85
28,30.856051474564993,365.98806855902984,85
8,12.658046185063887,302.4304171140825,85
20,19.610904044665144,305.52050247779715,85
