id,x,y,portee
4,427.70089306552427,328.1987199377993,85
7,424.7060377361493,368.6390344181082,85
8,397.3307567175691,305.2044986765406,85
