id,x,y,portee
5,189.48357380040676,200.16334890410133,85
6,183.20424259255503,185.18090171474793,85
