id,x,y,portee
4,248.479708238296,320.2423424324697,85
10,217.66198627026256,273.39024667937895,85
12,282.7907622371993,396.59914110801463,85
6,326.35716667690764,383.6745078588965,85
