id,x,y,portee
0,171.7974376808094,195.63784307062997,85
3,180.63852406393676,235.32578790028336,85
21,179.33442544985522,240.53042106671302,85
9,216.64009983448696,289.1169190563201,85
14,149.17053444375466,289.3092941033724,85
16,168.69025434295992,322.56439786063817,85
30,151.84639110337582,332.7076240405084,85
10,76.89632264246372,332.2319838994693,85
13,80.48656795542513,385.7558837417502,85
26,54.694337454730565,396.6427607781154,85
6,79.12636969648406,419.00921064507287,85
20,50.65590631135203,434.79229743590815,85
