id,x,y,portee
0,185.18666907690474,200.74096685147762,85
2,148.5097334707519,240.7830459636482,85
22,184.86419437757172,284.4582700301531,85
23,233.7706249392455,155.64256537276844,85
25,165.74525552212245,126.12132067977072,85
32,120.49718905810248,214.75154338378505,85
33,121.88489407361169,317.57128677259556,85
20,255.6995087336344,80.798346725298,85
29,292.12195499517594,189.1602559653885,85
6,192.1503251545974,70.89982387748583,85
15,111.53734898736084,77.32925980873605,85
3,264.56447957242233,28.892849409106304,85
35,129.94386259230566,46.51227779114153,85
4,72.53532142913832,85.64527067569772,85
16,76.01109513330611,26.73651030965596,85
17,56.9485012972693,82.0054631907699,85
24,65.9480679161078,117.23276381870119,85
34,48.664998171769945,115.93305286186711,85
18,41.51559261846327,149.96745955054286,85
37,10.638713481445738,133.10207695357013,85
8,4.602574549754879,28.987321348181826,85
36,35.835942022934276,8.456669507260816,85
11,19.30214437090744,158.04619232628963,85
