id,x,y,portee
2,440.2040649053668,394.43568853657376,85
9,415.8696158697162,316.7902763362795,85
21,375.39507212560267,339.9923834147743,85
19,408.75657131850033,257.48090345324334,85
20,467.5578081319391,298.5662978788461,85
11,440.22383188464505,193.41427799944404,85
12,486.4383013267383,223.68358693392244,85
18,434.79577058167195,179.87702277062724,85
