id,x,y,portee
6,278.95262115226365,343.3392637152295,85
10,233.53603340600438,292.8900850130243,85
20,318.0053310976148,341.392405905029,85
30,214.45196825241163,308.2423101787049,85
19,262.4477429050332,254.49986902920278,85
21,190.61328028176055,338.7155208972533,85
25,180.02322627564808,311.84957744757475,85
15,112.38290742695544,339.72109177616613,85
31,91.67165899353108,362.82408007161143,85
18,32.933567169088406,381.95738676679906,85
