id,x,y,portee
0,33.30145300057985,440.3263686272927,85
19,24.93760293426661,467.229272203984,85
20,74.31014182035861,481.05728337909915,85
21,62.53915729705939,495.82956316032073,85
