id,x,y,portee
0,211.58411056820825,180.85232315101857,85
5,243.8710977100972,177.84717989623317,85
7,246.78276077128126,159.2955743233946,85
11,257.3511894022715,117.30518855476996,85
6,296.951487269966,149.05061734727715,85
