id,x,y,portee
3,308.1197823763442,385.83653040689546,85
4,292.4267689167964,319.88994710531773,85
5,322.20238700019183,325.50854085796084,85
