id,x,y,portee
0,167.8209760103271,463.6099473141763,85
14,122.88138135728954,457.5028177208864,85
12,82.6304307094648,495.8186521117948,85
19,95.2743858229248,380.8789669782281,85
5,29.915733595075768,390.4290171241677,85
17,19.354831983380006,381.57626088711373,85
21,27.50614853111777,413.87643670677915,85
13,1.4370156727016026,469.9031887796198,85
