id,x,y,portee
1,399.97852808908107,272.7990444335598,85
9,327.3374927210263,258.34883752785595,85
12,288.65476699341093,242.1047208462152,85
14,327.79966812161746,322.43767925620256,85
13,245.914616544408,340.9362638182433,85
