id,x,y,portee
2,155.48541406425764,7.042434375165108,85
8,209.67622768683418,11.049116834769778,85
4,283.10394261300655,27.243891804876686,85
9,284.9129340864134,20.87166473743485,85
