id,x,y,portee
0,200.0701682433927,16.285577856387235,85
2,255.1487393626588,35.43420853623547,85
10,155.3777689178969,30.176384850736593,85
24,292.439683365993,2.771171068921441,85
32,331.67222133945234,3.399233562451809,85
28,77.90566703345043,62.49403670241072,85
12,337.74937619919604,59.65053319048819,85
1,332.205102956475,81.72571317331301,85
31,120.2542964547923,134.26952182069218,85
9,143.96922971015573,192.23050267548714,85
18,148.16290506502588,207.7569927442926,85
21,107.61826876784598,158.29828395553048,85
33,148.86967056790957,159.9292016963787,85
8,105.52555944640967,232.0201685087242,85
16,224.65544305192742,191.71439803496827,85
22,90.54970355826968,266.31822600898636,85
23,254.90868051632165,247.79578029190952,85
25,250.22413225907314,151.6810971078082,85
6,274.2859219586219,310.138190445517,85
27,307.7299410848362,325.6785313193358,85
