id,x,y,portee
4,129.5978056187845,176.20348700238637,85
17,64.47862001655913,194.79952271840955,85
23,144.34656462128476,208.440538199193,85
31,70.44870970117029,225.48938084737736,85
35,128.56452615197267,93.5707941630241,85
38,100.43731347584873,100.9878084709317,85
40,192.95432030057458,153.83769047245278,85
12,32.86744081238718,234.94390812362857,85
37,16.351265336495334,173.53244379142268,85
27,202.94622447243665,235.4065491702525,85
5,123.32421057647142,37.21596048767201,85
10,240.16305281386667,153.18136928462295,85
19,255.04609400875916,164.3601122051835,85
33,230.0936926065686,298.9357546034202,85
9,312.1298977164567,318.4607780002998,85
21,249.48385785478683,354.9908874712306,85
30,223.49636575318587,324.31254634459117,85
