id,x,y,portee
0,377.5572304273019,323.0369377706351,85
8,387.42740760180203,284.3217531986116,85
28,339.48896056304073,332.6379367767305,85
43,414.03508921459667,380.2719920787338,85
44,450.253334876696,292.6860422668471,85
48,350.247101131949,312.40187145142244,85
51,358.2298981359624,356.4214416306577,85
58,417.006603705514,275.2409639953558,85
54,438.08482909258476,260.8248603819948,85
6,283.0796841768652,292.33536327729746,85
20,274.32092338960035,302.4469011773342,85
33,259.11912081146806,328.9586793608715,85
9,451.70582019099606,408.58645322609505,85
53,478.986685326401,413.0674470897542,85
23,449.09083261643224,179.60014800177316,85
13,228.250518256515,239.23034944571435,85
34,300.9953573909089,235.52701392435955,85
40,241.35483941891096,283.44289747969174,85
10,482.95737919656136,442.7239089262561,85
31,493.41083066605387,466.7642284639452,85
4,455.2446720892751,111.32204650251526,85
7,432.52461815583325,134.56947534308185,85
18,426.2368539686012,173.35570185865075,85
25,365.1262422806122,167.78100180781274,85
52,474.57295658057615,163.63639832064425,85
17,175.04991048282037,231.07920838327257,85
27,214.06799169640504,209.70804221423762,85
29,173.33554151867708,262.02025379513645,85
39,177.87103763350348,245.6546604034889,85
50,201.97028282635853,243.65059101254062,85
2,285.5990973238369,163.80559951425323,85
57,471.37586258074697,42.618025039961374,85
37,155.97120220149503,179.66256731489128,85
55,176.00056984894846,145.0499802874088,85
16,127.3613130462623,329.7773799291785,85
42,414.3293352457282,16.645711848765455,85
1,167.17588054467808,115.75487449542743,85
21,123.24814737473366,154.2299196265398,85
30,119.15980120975428,111.38083096662743,85
45,113.23358003279776,139.29513756703844,85
46,179.53983965892334,104.30884464994233,85
15,58.961069879991115,286.9316714526511,85
38,68.46438541030575,278.67848207588133,85
12,147.252585277038,51.38756113705378,85
24,102.02406290816607,62.94826362082612,85
32,110.10685272831178,62.99013306671031,85
47,91.23692226801788,81.13494643770468,85
14,46.67271841786857,136.714710117897,85
35,45.26084750967879,163.69859625115924,85
36,68.36083875429199,105.0871210509634,85
11,78.14437788791673,259.1468472367695,85
60,9.84755960155681,242.829344168217,85
56,17.602152593373333,128.6104388847201,85
