id,x,y,portee
8,231.46725603758583,360.22211847895505,85
11,281.84016732441665,335.98691545510326,85
14,265.7291552511946,370.36016713403205,85
