id,x,y,portee
0,366.7752402749547,137.13708471236697,85
1,338.10430792178727,197.65317545153312,85
10,300.2241879859646,127.6458691398712,85
12,375.87141512465627,67.10652596646993,85
4,442.1760104141021,46.55369292602457,85
9,332.18907788815176,1.2939088032122847,85
