id,x,y,portee
1,434.1239141648223,58.87635911584771,85
16,366.89012629234537,48.44664349893585,85
8,300.8691194856524,64.67909821208539,85
14,342.30456292719555,128.26818220116408,85
3,294.63504762871617,131.08657676330165,85
12,303.3858971236304,177.69751150283076,85
11,353.6776311208421,222.49401779566486,85
4,399.01193192780966,291.54409832403405,85
7,421.7750503046706,190.44152752918964,85
20,401.04365374439027,250.2173153663254,85
