id,x,y,portee
0,180.57041523684626,78.48720547408294,85
23,146.8271969692203,98.36286720352233,85
27,128.0895743755922,33.128189760310235,85
36,196.3577424865277,122.63310111374132,85
41,236.31255568629078,116.6906245624938,85
43,194.94231598478285,4.912434961262868,85
51,119.70292120979431,103.25858618680478,85
17,84.96066574279804,60.27374763829013,85
37,104.83952207348385,152.3793353582501,85
30,61.35584390592474,18.551908206479396,85
9,254.44758583330517,160.56995946072382,85
35,269.478285801415,113.93550034090683,85
16,273.4540201194977,74.9512880398378,85
24,284.7418461493315,112.7962018614872,85
55,251.78246374570807,20.814347162319002,85
48,35.500489448869075,98.12525302165808,85
22,29.663372561123392,77.40385499643648,85
28,10.40203512573834,40.42650919636531,85
12,120.67596187882346,204.52505700557356,85
32,23.251513460739947,135.99297376706815,85
54,103.84435976048267,210.85870078998258,85
3,329.40575591846465,29.961097234472877,85
5,135.50121269202248,246.8185239741295,85
8,154.83235798000644,272.0949103759199,85
13,72.53683603906153,264.86444104200905,85
39,87.28699405592516,272.68511606278145,85
57,167.65239871299042,219.63135167202392,85
47,61.35462275901532,270.709000903715,85
45,170.53393197226436,285.9431603357747,85
2,201.88469676602676,337.9315791141129,85
44,160.96901520166068,378.7263753808544,85
