id,x,y,portee
2,284.18708439141545,321.08384227907055,85
6,238.6534893706324,270.0515443405422,85
8,290.6006498667715,341.1684720595596,85
11,247.57166155931804,186.10441549172086,85
3,307.8348078863442,173.1634028902117,85
10,331.7965346656576,202.2741086763048,85
