id,x,y,portee
0,451.10683441372174,128.78161522996822,85
5,403.2897103759711,88.13101455057726,85
13,395.6450068424033,168.5526446983952,85
16,391.6581616413604,154.74670537552458,85
1,446.11578226117757,36.451736440214546,85
8,406.6430006801494,50.30645309684023,85
15,390.3199299475733,27.128602009112544,85
14,340.60698655291066,207.6546740007695,85
17,325.7299306927629,193.7662174478712,85
32,315.5186722624971,280.9290933686351,85
11,292.8009682152273,130.17414833530054,85
28,278.5161274537603,125.70015853536415,85
18,316.8222979600044,333.3024726034905,85
22,255.88788863356183,288.6526128296508,85
26,298.16156597285897,353.42124705834857,85
33,261.7774383572924,124.30017954371353,85
27,248.26158533828468,375.64738357998505,85
34,290.95268382889293,364.23575144820705,85
30,205.52125242729264,306.2060779904538,85
4,184.77732269343272,98.02463041294823,85
3,228.7090663960391,421.38928384942244,85
6,218.5715348091249,394.27306176899316,85
7,237.25483495835263,452.69593801524456,85
24,290.01893170761554,439.06961207749976,85
31,172.03890347766387,343.65574461511636,85
21,170.56286129286957,256.18597590591986,85
29,101.46290838167133,87.5011959702343,85
23,97.47843047202703,240.18130717602247,85
