id,x,y,portee
1,150.9121734544278,295.6212158251398,85
12,205.99779347352415,349.5278420582407,85
15,80.13046125327477,337.73761075707256,85
32,112.57373258238707,360.0070720297195,85
42,111.31460692689981,280.72227873492915,85
45,132.04789344387768,296.34525865499177,85
5,153.87027236431334,391.5688804223508,85
19,94.90714417981184,362.4687661712719,85
44,27.611975002780508,282.0818412218532,85
3,135.180594567523,432.6514399675247,85
13,133.22266579865106,442.20785749981667,85
35,134.27197557898592,443.1423998698574,85
2,8.43226930608737,209.70276524454917,85
21,13.706276523382577,237.11711951001695,85
41,31.735364420013067,201.91621512118408,85
23,108.69624995478149,464.14668255174433,85
43,44.974724722677216,196.37242995334364,85
8,35.969891443870026,496.78071251301054,85
33,41.802307031747034,444.9618233693615,85
