id,x,y,portee
6,79.35554636973741,362.3337060572464,85
9,35.70687376262804,413.5944967664741,85
19,10.522015516031935,325.74320908798245,85
32,42.80244695690416,344.1365043040877,85
10,85.18616944151192,462.80992119872974,85
35,127.36487584783823,478.2982110644692,85
20,190.57765834749418,471.38138829554657,85
8,220.91445063457311,484.13263578507133,85
28,297.77078740545176,486.4321870907077,85
7,369.3653399738863,469.48788316783083,85
17,435.14405533139774,486.8734766407327,85
