id,x,y,portee
1,484.55591280252423,231.34952850888507,85
6,410.2451541344379,231.86293258524327,85
5,360.4697916991198,236.47897651643402,85
10,427.01406302568853,311.3401112253412,85
12,407.92781516627883,155.80668097833723,85
4,305.9861106751591,245.04612138636517,85
11,368.0180974250879,138.87869826493787,85
