id,x,y,portee
1,74.04375024674859,338.0516923033972,85
9,58.99031870602034,263.3054369490107,85
25,101.33490197949658,399.6401073199494,85
39,42.73998644668276,291.5014505550789,85
14,137.4738663539794,240.29831238032918,85
23,64.43710784141182,431.97250585645594,85
36,46.1434207685259,431.2528390498117,85
17,178.74218933227615,194.8479127427382,85
19,144.72665422834012,222.2619328659045,85
41,145.81980872739442,254.31254531993096,85
5,224.22815714554656,143.33947153062365,85
6,152.47834775222242,138.42971894305163,85
29,233.02568716610577,206.29449591494614,85
35,114.92330221086638,157.35101590255707,85
12,166.2358003374687,82.684783023331,85
27,301.57475291062696,109.67519004712106,85
8,128.8511289279139,108.76014317342714,85
38,261.95680371013225,285.53688221016495,85
3,291.18392175815706,47.33039339316325,85
18,226.4929683987336,300.92343773506497,85
