id,x,y,portee
0,205.0586288899194,195.13998505037034,85
11,230.7647947255233,275.25492844060796,85
21,179.70385565004682,251.97621322742592,85
22,281.68488309466045,217.43117528371613,85
30,215.467095907971,259.3504124976982,85
37,269.87633361957916,167.16476380592715,85
47,159.50185556393797,185.2093803382457,85
58,160.26765588064688,233.5194589475836,85
48,174.94362069992624,329.0791782511297,85
50,238.1917737400371,276.3236587243196,85
52,230.94111138081257,286.3699046962832,85
28,128.07780748512658,293.3059327934195,85
32,132.58169626137888,242.59185838608826,85
63,344.9796502257725,268.8058763592702,85
17,259.46856386728797,122.34883245381617,85
27,294.60418472961067,102.26538393826584,85
3,142.71406413470373,349.92978847466964,85
35,155.71406483320342,396.96588276781756,85
49,163.58934360045419,347.9027467239912,85
1,384.70452953815936,322.900647733657,85
12,385.6290724440636,206.74795214564801,85
6,256.3561778312694,43.16705920827635,85
16,314.20182213458963,32.72513108052488,85
55,332.6163407162971,67.50197997327922,85
61,404.613167573342,347.1360878508368,85
62,451.9811297328499,345.7360789660722,85
7,427.84756515762234,158.06105480491019,85
15,431.8153815780498,182.41382275383606,85
33,432.88166753290335,244.40357300015785,85
41,438.2521750477562,178.95101440189586,85
66,377.51431357925816,142.26308659405623,85
18,225.80363760428114,37.17857490098453,85
51,184.69059397081844,50.59858360954594,85
65,207.58175009491737,54.26116847564866,85
24,391.8181739153765,66.03250614700468,85
69,402.27369479256646,26.084383648249553,85
19,468.79088857405316,308.12895693953,85
39,480.7538103856982,347.6008889382456,85
44,483.7675445877692,360.76991088628137,85
42,490.604677388352,168.33926168856388,85
53,474.25792943785456,102.93971452337853,85
2,158.9297275917877,17.57076585994688,85
4,154.26418320007429,24.78004160095931,85
20,166.72436664276785,95.36573166393342,85
25,141.819594303435,60.44771861010601,85
26,485.34736234847543,25.715948116776577,85
14,498.89285050035545,432.94263677985526,85
56,453.610964466848,434.5099475748952,85
59,448.0054694138935,434.4924611733579,85
40,70.49519358444766,68.81791915673452,85
9,498.26162587192556,481.1335218872982,85
23,470.8818707735429,470.88353418685324,85
31,424.4414333090533,455.31464171220745,85
60,430.5631821557899,482.7440697565287,85
34,58.18230917176426,21.804390183063127,85
