id,x,y,portee
0,144.6182557876602,18.86998980251009,85
10,72.49841751255481,18.98823765817531,85
14,183.57202796819854,70.27910166963252,85
27,193.3122376592783,1.5075647052624208,85
19,77.453091604947,88.14273061256739,85
34,49.98719999846868,66.72592661289156,85
31,157.39831013929773,142.12565396026338,85
49,252.35318507165334,61.84415712374675,85
43,78.59296633933288,151.267072103491,85
15,115.0004678076868,182.12012119048399,85
51,123.42017812017575,211.00925883553995,85
