id,x,y,portee
2,263.55777851361637,196.41351370898636,85
7,257.732427475761,225.83572870428748,85
16,314.9098208325373,243.3601791430932,85
18,265.42149113387836,167.47293114503685,85
11,253.312491029288,298.6726269294322,85
19,344.93776176875537,228.3782539723896,85
4,268.74350967708295,373.69569359871304,85
