id,x,y,portee
0,200.01976215887524,117.75576990791964,85
1,179.22302468259838,67.56480121037833,85
3,256.12474526537864,155.90121140766655,85
15,240.26165982540465,122.31465000129654,85
16,249.34205621862066,75.17279347970634,85
4,147.2269186253618,9.975378208328056,85
7,289.003918681636,212.43143735532684,85
2,87.05919564698944,58.34067973273483,85
14,57.20041918422197,32.900690662240436,85
23,49.96473081183767,18.314061821908812,85
