id,x,y,portee
0,150.1793259003376,321.7750862432845,85
2,89.99560443713806,380.6328189415149,85
13,129.77745493375147,299.4200755452921,85
15,169.5075510289147,251.04233917854873,85
24,102.16156234239754,371.46272216743733,85
7,144.03291054094163,175.06673156920894,85
17,200.74187296260942,245.33546029067833,85
21,63.87722346832076,171.27380294334367,85
25,218.4894336843351,137.45542940296014,85
3,280.8313711327621,233.54762000287127,85
18,262.8817006492341,201.60341457974852,85
5,17.761067918240727,126.82069096093235,85
6,64.59129907495392,127.9150112601653,85
9,48.75441562094118,103.95955046632349,85
22,41.59235727701366,160.93019130535075,85
1,248.91900612454987,168.068042303006,85
8,309.1901584132728,232.22456617343263,85
