id,x,y,portee
0,159.55692260724808,436.8082868747803,85
1,185.31006287749074,454.66605964830006,85
9,101.32955819510714,463.01644642317063,85
5,248.50388113532972,435.70758953839476,85
