id,x,y,portee
0,251.6777624273955,278.8967004155356,85
9,192.42057287813853,297.5556608684774,85
17,242.6280817132751,309.6921163871345,85
30,268.422854063799,318.43073615176365,85
26,143.09297790031022,355.49754108951316,85
5,113.09623530698809,433.8121501987361,85
20,70.19770819475812,346.5364856792431,85
31,70.87370298584106,404.30516874804687,85
34,8.514462422698488,359.43323405717507,85
13,20.169465045543177,467.54867894543474,85
22,19.371202200468563,433.5188469987344,85
