id,x,y,portee
1,207.58176583932203,23.601907868326332,85
10,245.754885782478,10.123061277491018,85
12,206.25016912334593,39.90273674356576,85
17,207.79761720519662,117.61422844994573,85
19,169.0955215979862,148.58081230695242,85
20,132.95028036113138,111.65616627778007,85
16,107.87666995589684,135.96569212901895,85
14,105.75122747366056,217.27297555421876,85
