id,x,y,portee
1,121.36409378641928,391.9433207588093,85
3,95.53279094412676,372.28799638155965,85
11,150.44085520362088,451.178006618989,85
9,33.19115941088624,418.10122226428837,85
17,201.93837172558037,459.4164573393218,85
6,235.41805935242067,496.2864256295774,85
12,268.8330735667535,473.74585665763914,85
22,253.7250443037115,422.53855087446806,85
25,312.0633244757079,437.3464783201791,85
