id,x,y,portee
0,219.55675919962025,275.6062462107636,85
1,197.16948331891388,275.21751223625347,85
17,265.5292946190976,335.66171906673395,85
3,148.2788728680385,330.5754909763483,85
18,289.0099942985321,392.40785128435004,85
15,126.36717947648185,408.980569096049,85
8,349.85057542025567,362.1223405834142,85
9,311.53414778004765,407.5492511117747,85
13,76.63099886130337,425.3757911493687,85
6,326.94209640270935,486.7751305301178,85
10,21.770056856882437,373.45335239522285,85
14,40.95412886101285,472.8155531090735,85
