id,x,y,portee
1,364.6302872129013,41.73080143724705,85
7,326.2142212055769,4.411522055247974,85
9,283.0638292899489,30.286978456133262,85
18,435.80425712442525,31.616481861312106,85
