id,x,y,portee
0,232.46611407856764,461.65439245699105,85
3,253.1890650004887,445.1691611568942,85
31,196.2921945665451,447.557752333739,85
34,295.29891984987586,416.3649130250624,85
15,271.3650988730135,377.46863485791704,85
27,164.32703808041137,381.533880877307,85
23,337.5188153384988,472.81410392509093,85
35,296.88488616060283,353.10706178592307,85
44,366.22455435091496,402.07045410286787,85
50,265.310747849841,296.60767184750443,85
6,130.22711068142985,324.18326482602305,85
37,109.90294798936107,364.0159367336979,85
36,373.9901826693597,491.37871959094866,85
4,380.8960076579722,341.34789945534874,85
17,288.0427102184876,283.573057062725,85
22,372.04469666403094,376.1974917413149,85
48,240.497637945978,297.8954678407553,85
24,422.9736865725143,375.43983526233285,85
14,235.20985207589555,286.15803968716415,85
21,63.50596294283489,296.28645338537115,85
12,45.523308200565104,316.85094934483607,85
33,60.36409578301394,391.92988708596596,85
32,424.4928444940762,291.4953302496864,85
11,251.88939100947056,208.62203942644302,85
29,480.9125117902741,353.0663658556733,85
9,231.42961858500854,208.62920549641368,85
1,58.176860404808515,242.41792429544145,85
19,1.7390599915600435,345.4105652177343,85
51,85.42303635844561,215.87580481265218,85
43,102.80384665440646,461.8437616696234,85
25,447.9600397253626,226.86095187555995,85
38,454.8161967893706,244.78377588020317,85
42,304.2025858015034,195.6042229121715,85
10,20.390710851228956,220.74831311538762,85
26,20.736136696987096,195.11443119621984,85
40,114.74625074685363,188.20974412519996,85
5,95.53305940587825,470.79865226298523,85
16,406.22118827631994,173.01241781742905,85
49,399.81169606555306,202.44875245156868,85
2,50.85010094045545,133.34846031501553,85
13,436.7438933388072,138.90313595034354,85
18,369.3482359148244,123.7713414646905,85
20,470.10194592256244,119.23104971297805,85
8,92.48859360496486,65.1011800671622,85
39,44.25322746609145,98.66222060221386,85
7,34.99576400131793,31.56571818965115,85
28,103.49674435523775,3.034611558343392,85
30,12.507224799246208,52.67773540443271,85
