id,x,y,portee
1,57.34325411878727,31.21227210270583,85
10,6.490952956203444,86.81357283488344,85
34,110.52360467345396,64.97954710759174,85
40,126.90267586007676,2.9421137305994938,85
45,133.72632634663074,49.56889121748925,85
60,40.056660105534384,125.0513829791271,85
6,134.43473107669047,116.26988553182838,85
8,186.1075665453056,80.33576972036566,85
23,102.32168054762825,130.78020590311806,85
24,100.2891191182138,130.81729681021582,85
25,141.4650059256843,51.13834309837589,85
55,169.95773496133916,59.18876203026446,85
37,200.2158172486785,63.74229573899459,85
12,85.60694692984316,162.08971257866733,85
15,108.27154804659112,190.93157410526968,85
16,174.91511963401257,168.52654233372078,85
42,175.44975509387012,158.47429195361767,85
17,260.3220996089284,104.74456843335872,85
41,275.7166974000242,36.809787980222,85
21,97.2397424786825,228.45649927801654,85
54,153.86026231885864,205.93854321103,85
20,284.86119157394336,145.4341796092255,85
44,316.0151477775191,152.35610456689474,85
46,312.4573162211953,141.63699743849284,85
59,303.03000573179196,89.07970917699465,85
3,333.633700635982,26.84097130255253,85
28,321.33105967570356,23.78427690515661,85
30,337.13622574775235,32.860550706813044,85
47,350.5292385451469,70.46701707557973,85
38,324.7158270213192,168.66686546778575,85
18,342.1589814657071,217.45206290749786,85
26,376.81409917821304,144.81546147441153,85
19,371.03245860698786,48.57736806399543,85
39,416.2845153235001,123.48032758264249,85
2,306.5279119030906,271.4278686390534,85
22,289.5037336052896,254.20355943512084,85
58,290.4289024078115,250.68267160580865,85
52,406.63364277707257,143.33189724889806,85
5,442.34307051338567,83.94179625965992,85
29,440.92447849373224,61.41974173343101,85
9,455.58145648741896,96.5036936808536,85
56,258.93914259643594,285.09173103606093,85
31,208.79533072122214,299.3976520085364,85
