id,x,y,portee
1,123.86781846918265,152.3480341549771,85
5,163.14316055001825,196.21662846819854,85
14,58.3838370283814,168.00012070588394,85
15,165.70004328740984,204.4304710706919,85
16,168.60119358915853,139.22956496195832,85
