id,x,y,portee
0,313.26549280804414,171.37711582033327,85
1,262.74745568329814,151.11151837166403,85
4,233.34909276488509,146.22593924139238,85
12,297.8611135422986,239.70444862934477,85
15,222.554317443957,71.35967101896345,85
8,366.2514530133365,282.06069879213584,85
