id,x,y,portee
1,273.0287950867532,246.7038981915281,85
3,204.23838412847866,267.10901091545645,85
7,332.96301520931667,299.96626193248994,85
10,322.36946910149845,209.90848994590243,85
14,295.08573713237,301.3662104490444,85
11,154.3431305977837,314.5776310745875,85
4,356.91258009741256,270.59940672015637,85
8,409.7698484372211,298.70057065745726,85
