id,x,y,portee
0,46.84029685939567,490.29294967614584,85
10,27.19743315684936,430.77754427006647,85
44,92.33144391252817,486.56614038530205,85
46,51.89500040929934,486.5130666086789,85
12,29.647765348329024,377.68680545575154,85
18,32.964626028119284,356.06939677447446,85
2,133.27333464853191,426.7949213889045,85
17,163.92507557997865,464.3654093059201,85
30,155.5172760537166,467.511133331512,85
50,136.89248506980823,441.07662661026217,85
13,109.5080837800092,352.9681130201407,85
14,79.59850410780645,354.3250969607156,85
27,236.72054300376988,444.72800351231706,85
36,198.67705903752946,489.20547545123657,85
5,137.96105035947647,305.4983449190142,85
43,138.80596921060828,295.91873417000176,85
20,299.9156547850904,455.02097001907737,85
39,266.3649242546397,450.4304125681658,85
3,347.456900924032,456.2571874884765,85
29,321.88824044175186,472.83128937349045,85
9,409.6044941241618,495.86193667254827,85
16,390.31186763705614,416.29856237856916,85
28,396.12787843095526,496.5206339740562,85
33,385.06671543525425,480.32404817238245,85
40,482.738585562996,455.9500553752186,85
41,442.9041807846977,447.2509710355244,85
25,411.04369341193285,343.17152858906024,85
51,383.16648793172,343.50634298702,85
1,454.2994872304188,303.8314396298968,85
4,350.99032096918376,328.5757175699527,85
37,382.43153318193396,274.8040103467265,85
26,283.8587940323723,309.55841548441947,85
52,287.25250550031836,277.20072249446633,85
42,404.77425890791153,233.7851161791389,85
22,247.50040010944852,329.44318546941344,85
53,244.4605904055598,332.24154731861256,85
