id,x,y,portee
0,452.9130348234866,266.0948172747282,85
11,426.30539159173463,274.4869344984727,85
4,432.7894348967792,354.4134162011085,85
8,487.65254948716904,382.2506299835422,85
