id,x,y,portee
0,280.9655267505883,294.7204474542355,85
7,337.4681767844838,313.75786602849047,85
16,228.22348809519448,252.9686896431572,85
3,412.1871702116746,308.63738763240406,85
8,455.7162878712895,323.9636138665537,85
1,429.4719045919627,394.40792163498537,85
