id,x,y,portee
0,161.74190227703562,224.03505857834205,85
10,154.5699281116965,225.17258784623783,85
27,169.39241252452908,306.33840175006185,85
14,171.79836326546953,349.46336991779333,85
2,121.73765521149798,398.0365544502262,85
7,150.4631195891642,427.6536226438128,85
15,113.60475532375524,446.55293383003396,85
16,151.9112717444427,470.07227198997384,85
19,89.15480108938445,482.8966978696911,85
