id,x,y,portee
1,113.90891388991243,369.32773349271525,85
2,75.00623773664688,310.04827066996114,85
9,145.67748853709233,398.15179507808216,85
12,68.1347019470513,355.1079370970888,85
21,170.92592067545164,339.6841694543665,85
18,155.59195252538422,260.88528866085755,85
4,100.81873265545744,219.10369502389986,85
19,168.16362059040878,242.1665459080801,85
