id,x,y,portee
0,352.35613193209684,80.67304632510958,85
2,417.30052590936873,135.43791347769513,85
7,373.2456272334177,193.3445246782343,85
12,301.16796900065685,195.24281647263652,85
3,280.0482906402986,188.72544958682928,85
