id,x,y,portee
0,67.6150993138931,77.21736060614448,85
2,86.66532012548761,73.03705209439404,85
14,27.299363780954266,56.11060486169822,85
33,125.69020003089088,132.7216130133208,85
43,95.86354414637849,151.27658060625322,85
34,133.47386517954897,2.9099977674849065,85
58,7.620964335550928,15.503332854042206,85
12,119.53518450491069,157.01492932143057,85
32,156.80508100095747,158.9065467960271,85
39,97.81839967040546,219.34482888487221,85
57,178.41731048070304,26.013829925026933,85
9,38.57212012124606,259.3537245603616,85
27,101.9063840617267,276.21968137897295,85
46,136.20963094668664,282.8039676820729,85
59,15.466529919353933,202.12823411276065,85
30,233.93902759578583,3.0606823274981765,85
51,225.79012807196574,21.083968612658154,85
55,226.48331431260272,71.97223406205316,85
28,97.31731430933405,313.164308928385,85
53,15.503646412100613,309.39604312525853,85
56,5.169442593525253,209.70435269135444,85
50,167.50910658045015,306.86590651978656,85
6,138.7295226391109,357.38822602930435,85
37,214.14317249570973,310.8545173970034,85
4,287.1674381954821,109.67899396889163,85
13,182.53481134693405,386.16183177513494,85
26,221.32071552502563,279.5763409395031,85
3,228.2201978451015,231.55845792614232,85
29,253.71922132641805,316.4811768521914,85
31,294.9743089596696,290.8907897598327,85
24,195.25798175496263,449.22585180662736,85
35,193.76469841178724,453.13576303674637,85
41,244.4640394115428,196.80707729026292,85
48,321.2604953787018,354.8192120869487,85
18,325.1562250198821,238.381469110378,85
23,245.47730030463455,449.8741688501702,85
5,380.1111177632885,410.7438605605488,85
22,402.37444183368405,340.04724949512234,85
54,337.1676260064813,388.25948930846744,85
45,282.97798239450725,477.5371676087993,85
10,412.18338136469794,350.80592476188065,85
19,363.91860503167607,490.4238962448338,85
20,358.71859689809816,473.1632974127061,85
21,429.0532297995903,389.09505982454493,85
25,419.82985203544376,401.1734716293029,85
7,396.9938217836032,293.9008356900692,85
36,464.14970556456063,372.6428166414076,85
52,442.1949547998823,273.90679517028116,85
8,348.281229224361,492.8714908621929,85
42,468.8017481231673,255.74711700056108,85
15,493.0191146181047,196.10740512457087,85
17,472.127269855785,122.77259104367893,85
47,481.0844957758629,161.264679390148,85
49,440.63416021473193,136.88322434486344,85
16,435.0574297130299,97.90622594818826,85
44,399.0148381963098,86.25270028957394,85
