id,x,y,portee
6,81.55484259715601,367.5643215179465,85
33,29.965042207803382,339.1249126255596,85
40,32.19937288485719,362.62902391933784,85
15,10.962858722163293,280.9779695735551,85
26,15.641646590533242,196.66795649030843,85
39,64.15171612247555,240.90548814755653,85
14,62.78153530288238,179.77505847472113,85
30,69.22696633784042,213.25562923966075,85
11,109.87494742634568,111.4281660462585,85
13,75.3402581053994,48.919252234677025,85
29,104.48074663569639,39.385774135244965,85
36,120.20347535593196,89.79894175214443,85
42,72.99579298478565,90.93330438852409,85
10,109.4663853481077,5.6308841293975505,85
38,57.31910883253188,4.0729616667495865,85
