id,x,y,portee
1,61.1879868050883,343.1988445782995,85
10,106.34453551366563,311.51080490544246,85
20,145.31267732994553,345.91984705126,85
9,151.12235482414803,272.4966192610783,85
15,164.29568763646884,350.4959120201249,85
14,169.4581662690372,201.38083492130065,85
