id,x,y,portee
0,389.732932917061,386.5421035244054,85
2,358.96772350466546,390.92589114208005,85
5,435.5570772479236,415.32046130983724,85
7,324.5601177491789,421.17359835426305,85
8,406.54662276116187,311.8819787509998,85
1,295.5322564066738,357.9162015806488,85
9,359.6359970611159,242.72812585362396,85
20,334.3189006225164,295.17889206749805,85
