id,x,y,portee
0,323.2644409646288,171.10504759211904,85
12,264.98559989329044,206.0293239763224,85
25,216.2277409706283,224.32592794352175,85
22,184.4542058514213,250.46971172094305,85
16,178.26994551247222,329.766469750541,85
2,93.48600001223329,328.0306924869036,85
21,59.29049490856336,259.8222608372572,85
30,55.2095387849581,350.3872249215864,85
3,96.53734819684873,216.37841307466587,85
19,98.78711703287108,195.48395541085867,85
11,86.81877464380034,121.38976088934677,85
9,138.5135399679281,100.71743958481721,85
20,8.469263139775752,97.14417374344703,85
18,200.76527582843957,104.56450077945523,85
17,14.115776104657417,63.78106746817453,85
23,238.55651141442613,89.63407861271466,85
13,70.29298862600231,37.59166897239474,85
26,61.968459532703854,13.475017141779123,85
