id,x,y,portee
0,83.67088053619193,339.25799584634643,85
1,87.51617747136959,382.45493197386145,85
15,72.38315019589776,262.0959196002524,85
5,101.96618611571174,216.45814033076599,85
7,10.769276677263074,274.1565141446655,85
22,137.3919292572598,247.5535229923995,85
4,180.25866198467781,202.2143838567022,85
16,164.73381801844505,193.2664212914157,85
