id,x,y,portee
3,309.1136895039304,321.1189631525307,85
12,235.82004779355987,324.6839968655176,85
6,194.20975808292877,305.0397005438372,85
5,145.10198040059402,306.8307326475782,85
10,138.6871116519105,226.56279032502363,85
11,75.85727231568652,281.13685790789646,85
14,96.21957339264941,307.322977701119,85
9,151.34305368897972,218.65623092314303,85
