id,x,y,portee
1,447.3135287945124,304.4224295357978,85
4,393.1080666477447,240.25207460058112,85
15,388.4003279160327,346.45925045454527,85
20,488.2401174549511,293.47406777807964,85
28,387.0783995103745,260.3929719517768,85
31,489.46488245560687,344.4364336896909,85
32,405.80314059552956,360.10907049457245,85
10,418.53186030772457,222.8786125725276,85
18,316.04365076882914,325.53648417357414,85
25,273.5732137959586,308.97173944258606,85
