id,x,y,portee
0,129.11545784176886,356.38097076051076,85
7,177.41708221781954,364.5543640950068,85
12,119.04907225680856,358.2849931613903,85
16,188.2914101835504,446.6067620037645,85
11,162.3849060043462,453.09232608857775,85
