id,x,y,portee
0,369.4376517070541,431.9446093088513,85
4,315.03275287631607,433.4036407022196,85
7,417.92735930085985,469.2129788944328,85
