id,x,y,portee
0,142.43719406421374,141.64346764043617,85
5,157.44548337074303,96.35164176076205,85
11,138.72188102510745,182.1234663982309,85
12,209.92058221165522,184.7258700785186,85
21,135.95246372232367,63.254309192855516,85
2,193.65705385981403,62.28139655277193,85
14,188.1601045797378,245.01929708419294,85
37,147.28690370994585,228.89332263658412,85
24,223.16397826014995,219.3549214300437,85
36,215.6917951489492,245.4675501523142,85
51,240.34415124822988,135.60748741999345,85
1,68.72182620996902,48.33123409539214,85
28,66.85454066642687,28.01589102822638,85
43,101.05196228155744,2.018029545227673,85
52,213.90846958735293,13.358018423883511,85
40,322.8680240380349,155.85696014572707,85
4,71.72189479978825,4.306333619753911,85
18,69.58898619546511,2.615126734365869,85
22,9.857856832079182,86.31605100158002,85
29,13.639621585452344,28.194661828329416,85
45,44.28663606417932,83.96376853083892,85
15,403.16986858015815,144.98463484713798,85
16,356.20694299327596,207.4473442494429,85
25,366.0186182068505,149.72391080235985,85
53,380.18978790164624,98.61222420248488,85
17,5.24005406185718,140.15222856822595,85
20,55.00422362809493,138.79062308508716,85
23,416.60127697471614,61.82726561811713,85
27,424.6947935057063,171.00430419867246,85
39,462.48605154280364,194.3662670860656,85
46,423.4139689309049,114.75431072377124,85
33,420.61419401981783,229.79560866837562,85
50,341.7284388135133,250.82878438220473,85
47,337.42675263953276,43.992176269819275,85
10,489.06147621948264,101.09247805376037,85
42,495.16039785288206,63.84331405514882,85
9,446.7372539008522,247.51321232394636,85
41,478.2124153483342,259.1217739425922,85
49,407.3458015094267,308.98145587080677,85
35,354.7650097742672,0.28003843393320516,85
38,481.9717191384474,320.7248002946885,85
