id,x,y,portee
0,456.8283626755506,332.82635021912,85
1,381.39618633280173,359.68440843369444,85
8,484.6157043658805,310.44144763441795,85
12,326.02359367394354,413.97822872405965,85
