id,x,y,portee
1,449.053078250403,353.32046632998794,85
3,465.4010189588779,426.0164441623385,85
7,386.2952792541187,343.3871289937204,85
8,463.0966581909339,280.71803138134106,85
10,355.869765725212,409.8806786069564,85
12,329.25824201483306,289.54221439077594,85
2,315.336050848177,249.69962145134446,85
13,339.7371348987332,217.8016442883709,85
17,284.7943413464708,210.86591028626356,85
