id,x,y,portee
2,40.480601265235286,24.880524962481722,85
22,68.76428878452812,39.09830381724977,85
26,94.2857975899759,114.90387788089174,85
17,68.93147773826058,127.35467407237283,85
18,115.22828729821704,157.67081304955954,85
20,142.88804594169974,152.4087389727588,85
24,154.98367648045826,79.48619980245152,85
4,150.43675505060045,211.73850573545656,85
30,165.28460814205914,165.89524785263293,85
16,174.54223079850019,248.26756743644313,85
