id,x,y,portee
0,338.19178624394686,440.49013121447797,85
8,261.9819012859862,449.916296553029,85
14,301.4414307593298,493.9897743998512,85
17,406.9267873598433,406.8985259580212,85
19,333.0031234061849,445.6260711872545,85
20,363.2619100684321,498.2495767745332,85
41,332.3938562583568,436.44388879415476,85
51,315.7056867843172,438.067972666681,85
12,206.47639950647147,468.007915285933,85
45,221.8656355707102,467.7439151161354,85
47,245.52623224298765,387.2072015772373,85
6,445.2592991553965,450.37023185084615,85
7,460.35369114567476,361.9358812371528,85
9,434.90013570104145,466.0426857955384,85
13,421.6429439358398,412.412306616917,85
16,468.1156626602193,400.475348450606,85
48,178.5539150623866,468.7842154293385,85
40,230.69397376861446,311.5802196431897,85
43,216.5080727214098,349.4050121233705,85
21,499.5540522890324,305.3818064687888,85
26,483.6854324886149,281.46687683317157,85
30,413.32701716372594,291.6972917199783,85
2,111.16840128883021,457.32547478373243,85
32,119.01402804097572,462.8423516801555,85
10,173.35429695837024,312.38997338741916,85
49,274.30778043044063,284.4908090828558,85
34,382.65350074467824,277.0337567831544,85
37,373.3007279033271,258.04226871504216,85
54,78.19123578396653,498.0657359203649,85
11,106.62208978794196,278.60843382736,85
52,136.69192033358192,291.626613247398,85
3,336.7889800555647,340.34372863919253,85
27,232.8604477448441,221.85824537188864,85
39,317.428368535635,246.75981460927304,85
44,55.270894552240215,262.28456670028623,85
53,82.64049287792452,262.85593437047675,85
55,96.97755008891879,216.5927593622774,85
31,260.10105353461483,172.8530806071874,85
4,312.7109430737203,182.08255232788866,85
29,321.07698295718853,174.41288988523223,85
5,29.436918637774202,338.8700132351105,85
22,79.95536995167274,185.47908233743442,85
42,20.1493417980832,321.64693584221385,85
50,121.56064988142545,150.60807385986823,85
46,50.81191871009533,386.00505245041103,85
18,154.05112493946982,138.8268523779901,85
25,14.314640651879873,430.7825161609377,85
