id,x,y,portee
0,305.98057982135805,383.68643569629086,85
1,353.0633306352264,324.1972474568869,85
12,266.5262798756216,338.0813441117511,85
31,236.56611787792875,394.664658861177,85
28,430.7134318471822,291.61278555359604,85
29,377.28649856939523,261.69553689937527,85
8,223.13826628061057,417.46150925859246,85
19,228.1178402331587,431.69816307523723,85
25,175.94299725267243,357.83956205528574,85
35,172.0103172582937,393.36519233541065,85
4,318.88276680743286,238.99550953888766,85
15,302.8350843852847,239.63985209282373,85
6,145.31637527550123,394.26189772964864,85
16,123.91645768184512,428.1354030907605,85
23,243.37686921319556,219.31171924208215,85
30,237.22310383299367,242.44923731554792,85
24,168.65692383729518,191.27352307961522,85
26,139.7782607668267,170.30063663814522,85
18,59.05756660995481,148.81519249977714,85
38,74.04112743355235,165.87163672773804,85
36,10.773806611846126,172.65835073305496,85
