id,x,y,portee
0,117.65651920388437,317.1999489825185,85
11,155.1855575744144,249.41814468240787,85
40,152.69711753848998,325.1305947479881,85
2,196.79090945645066,245.01722849574548,85
27,195.54835440355538,227.12060365877258,85
38,153.7605464520695,211.14607677932307,85
26,241.48314947509408,257.6522789883403,85
6,96.36120578203794,169.90881192305545,85
9,323.20321679959466,241.68199137860034,85
46,237.15126567177975,339.50495906924704,85
49,304.0527591270013,214.26153509936762,85
15,87.01848212207864,125.4986686311928,85
1,362.5229642971261,167.33906107927598,85
12,300.8655795304474,192.42536816223694,85
24,355.33643397350494,192.92407956951746,85
34,308.3546406744707,336.57595173167033,85
16,305.8453065909857,152.96068660360223,85
22,74.66261280169101,46.1556788968252,85
29,83.73941692339815,68.02394040950071,85
41,117.41988640356294,75.24078755704205,85
21,407.39257425251463,166.52392082530858,85
25,404.93122852255357,119.73571988874215,85
44,152.25785163478594,42.343934319257755,85
48,171.27289327888795,97.46510359239774,85
5,466.0015484340949,108.46309153045269,85
10,453.2706027933522,151.86918184511134,85
20,477.18119550843693,149.3906850310897,85
4,484.7651554580422,114.23311292667249,85
23,433.64462985608543,67.9432070667163,85
3,481.2962969582664,54.04299574853905,85
47,424.92458670262494,1.892519314581731,85
