id,x,y,portee
0,455.47448131567864,292.5889910554741,85
9,398.91559192404304,250.57816986184238,85
1,405.21083983983664,181.69701967328072,85
3,337.10854327130306,250.66294057415266,85
