id,x,y,portee
3,464.3893777657804,273.9283639740354,85
7,398.1867409722975,260.1672457397895,85
8,437.2053259220152,208.04301977072154,85
10,465.4201282662611,221.85042210657667,85
5,402.14071187649716,334.59973110978405,85
