id,x,y,portee
1,298.4039551440658,208.17424167774195,85
7,338.6715642811308,165.01634872333187,85
12,231.49999566438584,258.32925311595403,85
25,389.34139753219705,110.53652762886446,85
2,345.20611180904456,73.57908797696189,85
19,402.0067643829692,54.44496628902185,85
10,339.86605894003816,20.884168858721353,85
26,448.4227218801453,11.442181386444428,85
