id,x,y,portee
3,329.29637448052944,408.38432351358097,85
12,329.262855555643,471.79005216205303,85
11,392.2215834011478,485.7779292518584,85
9,435.688435567147,455.4799744041093,85
