id,x,y,portee
0,11.24593158127113,374.5205186057576,85
3,53.906781660306216,332.3478254994372,85
10,60.312309408328325,322.66993059721597,85
18,44.10067228695358,418.1427016884363,85
22,33.996641676999786,304.9284431112703,85
27,71.30601359283295,388.52056300685047,85
32,58.22242600710348,444.5236369478812,85
15,105.8884717003673,380.7543008163829,85
26,24.033207588784578,274.4820475239142,85
30,43.08693344421882,283.5273153950726,85
31,24.409868826458126,283.93208030133576,85
34,50.67879509912421,272.86005095576417,85
43,5.8341007683208606,459.3622315441927,85
2,184.76792192192065,395.12257829684256,85
1,216.00975098348164,440.1621864397191,85
11,203.68139862655227,361.8702762810948,85
19,237.51345405185447,356.16891004483153,85
41,246.3521458672414,397.0064413222174,85
9,198.1665822280872,497.1704114590148,85
29,289.1473978435694,404.3817614598927,85
5,289.2509951370757,345.71221141904726,85
25,334.7832017068786,445.4744222316042,85
