id,x,y,portee
0,190.82790737852335,104.36439038595108,85
3,131.0154072445243,53.161650423368734,85
6,228.72824754071792,122.66816890535576,85
12,206.4683000091439,181.49899560021925,85
35,159.26916645729366,134.62306334332442,85
38,153.12594195724648,143.87372412378113,85
39,202.9060969881642,120.7379874309239,85
44,144.68978049786162,172.84409381005295,85
43,51.7263499218985,40.41263853033927,85
48,66.04809308356103,39.371429093828844,85
60,168.7761558621503,11.262855100176772,85
14,247.4987379200077,180.7324510469032,85
22,188.7274731693056,256.9932083169167,85
32,230.56119383992973,241.13448191036858,85
41,201.05436885745925,217.28234694904918,85
57,105.89258430498788,156.10483445878103,85
58,24.907310393802785,28.76302822776944,85
31,229.92333403268384,26.229961828788007,85
1,156.29865615948734,267.04254769036066,85
15,197.10017799457225,303.84826845658574,85
25,194.21764374631522,320.9464893349772,85
51,234.21474434537737,317.72047235831553,85
13,45.17710610375586,179.12878769480812,85
18,44.67743640677568,205.698593218323,85
49,267.33666634847754,346.52258227047747,85
30,245.00907655858646,381.0814252940233,85
54,233.7886674136248,396.4746012051777,85
23,21.269666282541564,144.54881206864522,85
11,38.115097640719185,289.20693041625844,85
50,53.83059201907231,269.3482898748899,85
55,23.524697836745602,266.98088115321326,85
7,330.68780580696534,368.0465063239318,85
29,239.81433490902842,404.99743760247117,85
46,329.75491817045764,375.06248435850415,85
59,313.6138283086989,367.9112864724688,85
37,225.8036180151522,426.1831570711144,85
19,68.53069658421018,363.5126462048695,85
36,3.6772701419587883,324.1925375716441,85
45,78.72086558347868,317.060240504382,85
4,371.8314446008708,309.9251423209773,85
16,380.9254412846888,371.8786366737085,85
21,310.8478924707168,442.7753108564289,85
42,361.2472413535492,404.4848795647833,85
28,193.46629870155607,492.24126365075097,85
9,80.5286710320735,373.1602693306555,85
20,92.8036294578134,405.64240938759366,85
56,113.8227516854325,432.4824525821067,85
24,432.7450488373116,356.3095478957932,85
8,112.0862559767662,475.6812960967635,85
40,113.7721938232661,482.34035906332804,85
2,96.27313260656484,470.0606423380161,85
34,51.28656024599931,460.31292158649933,85
