id,x,y,portee
0,443.4072150336974,121.56144295975207,85
4,359.4666464423009,130.29477176977827,85
11,370.9521606868881,134.0095304253167,85
19,419.9000427274332,71.91324096626461,85
2,354.66859126137274,139.8636063459354,85
5,366.4340534205981,75.12748488273641,85
10,445.89383328235164,13.997460925193161,85
