id,x,y,portee
0,259.290526422337,480.2495265167979,85
7,285.5231963110689,401.5961295000701,85
14,269.0479067637008,386.57205454737795,85
1,235.7121910964417,317.86376791986214,85
