id,x,y,portee
2,174.68054592728615,305.70286380312524,85
3,208.098594491754,334.0815577085001,85
6,222.18299666716095,314.46210880858445,85
8,216.7112698902346,281.10746042075726,85
13,187.3030382917708,306.1364066729269,85
21,140.21686190603427,356.74706041361554,85
