id,x,y,portee
2,29.270485944789428,384.56826234580365,85
8,73.74093803441939,447.3699086223452,85
15,20.189991616224145,403.88803542125913,85
18,66.05624053000814,445.62345405678184,85
19,55.38755500573278,421.9051171781641,85
23,46.16718195241087,434.7011546608719,85
37,71.97217194442912,454.73477287215246,85
50,41.175125681418564,340.08164523580825,85
52,95.70087526754622,335.36857619825656,85
11,108.62852968973469,303.93403821456354,85
36,42.484467411537274,274.15414413349856,85
56,1.5594226524646704,293.68984426010195,85
58,67.83699983732532,286.2302547732625,85
63,33.561294957455466,290.45760636823115,85
29,147.7418772675946,402.32138133856745,85
54,149.1229344538525,383.21157705860037,85
60,93.75239543714258,253.9798372088294,85
40,67.7891694204834,248.88870950635612,85
31,16.974527080823144,217.67824539513387,85
9,218.23567053247427,355.0789806599171,85
39,185.57810398902492,422.31683554000836,85
62,183.709369571802,391.16545099557936,85
7,108.83775451899797,170.44687306018324,85
42,125.76576451347876,213.55894869931268,85
3,248.34691314145445,422.0637914859449,85
33,274.96743362133856,405.92702983233266,85
46,200.97630868586108,313.71759614220997,85
5,190.61948342935776,487.71617592297736,85
14,83.58156820814233,109.17410952174228,85
25,152.7866600841741,148.63254082065015,85
43,129.04083759676476,94.32026673472316,85
65,67.49491972312576,124.43982795399316,85
47,183.19495799783502,230.0453549997926,85
44,268.07802138152823,444.2774480112265,85
4,7.928421792055218,120.27795256435509,85
27,3.2422632678640317,85.41790042629465,85
28,28.088004420358082,64.73960629712904,85
48,161.6022586986553,79.48472797380524,85
13,174.03182869309143,70.63475735916663,85
57,211.89034281362618,88.0449740386483,85
51,188.5076175532948,63.617831159316296,85
24,45.91788534603758,30.831665919277274,85
53,154.62153589118387,2.0154202106451025,85
