id,x,y,portee
3,349.6516131180319,61.423813106987915,85
10,369.8415184961572,108.0804366802185,85
17,375.70972108394176,139.26137618220176,85
24,402.5371100262808,67.88369777890135,85
26,295.37652345471275,27.380884919708247,85
27,346.87148559795656,27.68704688876622,85
29,339.36022069336605,7.510969623209906,85
15,451.24576242912985,95.63541594528962,85
16,357.3691824983554,168.11607181008696,85
25,393.94615680677776,146.18428437508436,85
23,409.9688307958721,203.93129036600143,85
38,234.8604954562624,21.316230931119783,85
31,351.7593416815333,225.26694619350525,85
19,450.7225221877518,244.39255067834642,85
33,490.66254352418537,228.63667117260712,85
35,470.15479828684687,195.81731410638497,85
7,337.33785804833866,301.89546968275914,85
11,425.4814287131607,302.1689103294004,85
30,412.9584029705207,296.1723217053611,85
5,475.3536102735756,329.0154709252891,85
21,475.41670604663403,347.23039560118985,85
34,432.6872559273815,355.3016201084692,85
6,398.0417802627945,386.9122564803944,85
12,366.69704964970515,397.5398023418758,85
22,411.5088277147405,403.4734393684665,85
40,453.178206721097,464.3292245910112,85
42,403.7195615130209,490.6584487818226,85
47,447.4585803315578,486.61448314016087,85
