id,x,y,portee
0,229.70154289587407,56.272831844096316,85
1,248.3248871323939,134.45469258941907,85
10,268.247292336888,15.907783848203405,85
11,199.12112383759333,95.88366890496575,85
17,161.5400901306475,80.34899704224213,85
14,287.30352760764737,197.96009486503797,85
15,198.67547358220762,178.23350632188072,85
24,263.58501610588746,210.9237665721781,85
3,139.9406256246777,60.43269905062304,85
27,110.70542297517527,14.742406346209657,85
32,309.1725990164634,218.28630416282175,85
34,144.16552852993064,187.92369977719804,85
7,70.0116797642451,48.53696477922048,85
20,39.07650902208493,33.154649235704994,85
25,36.937071623465826,36.93052812256686,85
35,60.19544679543931,127.00474869059708,85
19,37.635072213795475,147.43325561499393,85
