id,x,y,portee
2,389.2635752913776,202.36614956263122,85
3,344.2387891937605,180.65238125716132,85
6,435.08398512102957,272.0529538000596,85
15,414.470074326783,221.92573090145672,85
10,270.338460186191,148.93384149854322,85
14,454.3438637656262,282.7269960541645,85
16,394.1893434136468,317.8376172234455,85
7,332.37632539492427,324.75042710570483,85
12,374.39381837891096,394.03525671615824,85
21,358.5041173544735,447.57831315680045,85
