id,x,y,portee
0,195.02458554015246,131.29801224288008,85
3,141.03103219551792,91.20044980729031,85
8,225.5439594129051,70.12831935214908,85
2,154.39869973519237,44.254089702436936,85
5,281.4462935781576,64.38889758257938,85
