id,x,y,portee
0,427.34904861971887,169.7387321748496,85
1,344.7128265647112,153.4090838056691,85
6,402.30062038288065,162.9512045963148,85
