id,x,y,portee
0,178.28309807013576,154.1476203452795,85
7,116.36791631043974,180.3065461180362,85
10,162.51466847619378,117.48019769786305,85
23,173.16843502722824,144.66969807738707,85
43,135.94644599011696,170.51653741745594,85
4,55.40024276639344,142.59470605655434,85
6,105.31249577667595,234.6902659898434,85
14,82.18282533645454,146.98208267681713,85
17,141.58939976049,247.7546951189002,85
9,12.068906583655004,88.37731497916273,85
19,34.55520440599397,137.08637178977295,85
22,22.798625616915647,195.5181832673849,85
26,179.70174485878331,243.59381995659857,85
31,45.30156630986038,274.62189249876616,85
44,43.523792510524295,286.4278609333124,85
12,204.68608748215266,260.5453615891526,85
20,125.62302973914036,317.72147570436846,85
8,62.85953616144491,44.10358632945827,85
16,18.305866929876956,11.511494478770922,85
36,74.44679170859136,40.9361818864466,85
1,20.979583119201283,352.70781524618826,85
24,276.8755126376902,254.05738227208397,85
29,302.6005088899711,226.7031426064943,85
37,334.47456276769276,215.26753003838888,85
42,323.78932889705544,245.9019514581508,85
34,321.46418875985205,171.58827247650876,85
41,330.95327524889234,150.99214859962467,85
33,391.2543232502146,212.177262715397,85
15,355.21641459254084,95.38672204935806,85
28,464.19955173932294,214.14646095777783,85
3,341.37037274873126,54.26758034156492,85
18,417.38201170096426,74.6949525731067,85
13,483.98642529032554,194.45092992863943,85
38,486.6643375863157,283.9584498088206,85
25,486.59740720088126,78.95579100058353,85
27,461.9027873316487,76.71459945845088,85
21,483.3727445302621,339.10525285326867,85
39,499.16828585496825,20.36474172707753,85
