id,x,y,portee
0,91.495489762979,185.42839851794503,85
4,172.0144767284156,165.83589324591054,85
19,32.64415675980226,157.2628792338474,85
24,72.80729438248163,171.92812564835276,85
25,47.15591084919829,229.36228701499388,85
26,157.10994906122994,200.98802293993495,85
35,137.82778908341476,165.13549627195394,85
41,102.86881177669966,250.40348776090175,85
43,113.04606073572437,231.94475926314556,85
54,116.48728732400332,115.45413746437427,85
68,172.33990322557113,189.87057281291413,85
18,181.0307563500848,182.14127867419177,85
48,195.04613000386428,101.30338488511775,85
44,141.59943553831494,274.324700879211,85
2,94.70640294501808,303.10405339526585,85
60,122.11329663763875,300.5959621562036,85
17,142.96191111334366,42.62787019075765,85
6,215.14815731184245,39.02931026116785,85
37,174.12789548484747,27.735652004544587,85
16,53.16074628426287,365.75201973103,85
30,268.57724321533306,25.031630115804337,85
3,16.87292138073426,413.13182416749044,85
8,72.69144051232729,413.5832128987448,85
13,51.4263804506232,442.4516731805243,85
39,115.40114819359987,417.29993815275265,85
65,50.2612039096913,387.23939738257184,85
69,6.74419066642451,342.3198220966361,85
49,43.15478952418034,483.65091518559507,85
40,123.32416754784592,442.9196786315897,85
61,188.4903790771782,428.73639167531775,85
67,140.77589888495933,470.56935993125984,85
57,195.79540958924986,471.7420911380008,85
9,186.66671708624554,357.764212115735,85
