id,x,y,portee
0,122.08388999831766,131.35320162683846,85
11,72.51812491872045,128.0723277934841,85
12,81.63159092021971,186.05278725892998,85
16,134.3503884333374,164.10320572005128,85
