id,x,y,portee
0,174.72313042277932,313.4538085829213,85
17,242.17434598454312,350.07116904818906,85
19,167.16823064303665,338.3446391090782,85
7,325.47401402704816,337.077423068758,85
13,107.70446606577799,396.64875476750746,85
6,385.82262500892676,385.2574075947606,85
20,347.46638046093915,312.1637758372412,85
10,53.093101059354886,363.5255832925968,85
21,27.793438872185273,396.8225552295193,85
9,407.21298835788497,373.6934845543396,85
18,38.368327183714854,345.7662139036333,85
