id,x,y,portee
3,67.46531066957834,457.55092335512796,85
6,143.734957858637,450.3741031371997,85
18,95.80347950165202,402.3626858632555,85
23,58.05944829693787,377.21081208195545,85
24,96.35880710416866,416.76799386956645,85
27,100.28734029282393,422.7973574129969,85
26,35.93052759002602,319.39575804382423,85
30,81.44045416502821,314.22314147239626,85
21,40.51390907132446,250.71091488307212,85
31,73.30119275015696,248.06411734934724,85
9,93.0326460163397,231.8659578190149,85
25,131.31539215504097,323.8367894971916,85
14,10.776127974904293,194.83262693278053,85
8,149.08849761041037,189.8593100924686,85
19,176.722710445671,304.77689600561683,85
20,211.70992200151034,246.76984454053473,85
4,241.24905673396563,184.92654795039326,85
10,280.5191561529242,220.20523843096208,85
28,270.9514386566697,267.48993256201,85
11,250.40154983483166,121.27453673831428,85
13,299.0466811856681,176.56126038014165,85
22,279.93739645131114,147.68711981715077,85
