id,x,y,portee
2,72.98715023775121,205.50750325941902,85
6,63.79611849392297,238.04999564238577,85
9,57.6774056913677,177.74125287033448,85
