id,x,y,portee
0,387.9827065990275,317.7843611440211,85
7,370.68958342410815,370.32306040592204,85
15,428.4046831592966,303.10944132828723,85
16,392.6025653534353,340.94551436838657,85
20,395.8454914755642,269.9793369956519,85
5,454.49405301681276,242.26970022953515,85
25,454.2196848372651,207.67825779470638,85
