id,x,y,portee
0,457.60405764659095,281.19683118914764,85
2,393.4578730470726,265.83487037659916,85
4,405.67977787998944,216.35390529890702,85
5,467.33895916506117,356.413747678885,85
12,468.7744913423589,198.2638248708109,85
27,400.54822128110106,221.5693368111642,85
38,465.36566032877516,343.3695870878889,85
46,416.05949786642566,305.81313215478855,85
50,411.1528738329073,327.24123487887215,85
18,359.7221306481419,293.3215072215391,85
30,437.96385940640175,159.5766692012175,85
47,347.91266844172833,175.95927438730612,85
3,369.1514288923107,393.10620286675294,85
54,394.67019269412873,401.9958953387577,85
25,276.0809728517902,296.32036005859845,85
21,400.9350247944755,118.65741534920288,85
22,393.5874900059068,116.26478044923755,85
11,299.0938140893652,146.60642587557737,85
49,327.99143622151723,133.64626826123245,85
9,319.2166997591743,436.3272580494686,85
44,320.4641293002261,451.08717444070203,85
31,254.57398694438027,316.0918776211657,85
37,282.12963920352416,372.8688439824358,85
40,259.9679718805179,364.4084914310596,85
34,410.13699002341815,41.57792470544841,85
39,434.43789240833996,51.181906701072364,85
51,392.6713885870944,79.98401639651497,85
43,227.18216350043963,128.69373373731736,85
14,370.43752140693584,490.7967355969184,85
20,253.45540778005355,399.10543897450964,85
17,196.79164941486738,256.2833548441835,85
10,198.85305769201383,95.25845260148863,85
19,227.81452451042983,202.24264608032598,85
32,246.1345871551247,72.27960444144827,85
57,187.6414298846812,200.8969096052693,85
45,158.9437250873384,202.35325644836948,85
52,222.8971757957961,216.21662545670856,85
1,171.76990148314286,46.775418685234605,85
55,256.8927976340991,2.1821060739835585,85
56,274.591195314896,52.85161245102277,85
42,127.82363491990034,187.07123694217015,85
15,93.18777159274438,180.6477785434434,85
53,21.13938809956012,140.85085605641828,85
58,49.87498363796239,148.45422250566332,85
