id,x,y,portee
0,105.95689976755834,71.98918968825907,85
11,184.60172558991235,58.36003417149671,85
15,169.5201981245284,122.10822390163062,85
17,119.10427495707648,82.95094699605471,85
8,227.8355969584479,35.58722530275815,85
14,177.85946129478708,22.145766117810716,85
2,237.41340628774915,141.41919036021395,85
9,172.90460750923557,155.91390051022952,85
21,252.15324284786877,136.6818732562059,85
