id,x,y,portee
0,309.78503234480155,150.4632208850492,85
1,335.0386427698713,141.8983507726757,85
12,259.61919969707395,88.46783301229955,85
14,335.8957239507397,110.70905893227062,85
25,326.6717043518297,75.28144528360392,85
33,298.1398685774947,75.81526385400083,85
45,285.19760659968506,217.5853546038694,85
51,359.23241449597236,159.6021663401744,85
18,383.89606356946723,210.11835586377492,85
11,205.5306293159452,61.00378270878859,85
30,264.1895546342927,72.78146335964696,85
35,223.03850711354585,114.340306713136,85
26,364.15538934874667,35.62782473529247,85
37,393.71386881939486,72.22620992079776,85
22,274.1257820841136,297.1870177545295,85
23,237.4714847687243,213.58053260908198,85
43,214.95242504553053,258.60705197286984,85
7,368.9287710265971,243.88945824800658,85
15,424.07399978737055,256.5951600315377,85
41,413.814494485176,241.82242178600032,85
47,460.32082433776213,246.49185259835943,85
2,122.41285913156797,51.21731647528666,85
8,223.0634973021896,9.038643976955141,85
38,157.48412862439304,78.20486114023379,85
50,152.06969068762493,96.52910404202159,85
52,182.90656025279083,154.3797741403668,85
4,456.53580468733554,77.69079864009154,85
24,244.8751069162719,299.52572779111546,85
42,301.30203421795477,323.8972459674626,85
46,294.6961874410537,354.85471791668857,85
34,179.84483848657186,214.03206373535727,85
19,432.6217527855592,311.5667842331543,85
28,480.6185599319944,219.2506436400148,85
5,109.2016894022863,58.795304585829655,85
39,121.72488089243527,0.1081316587132064,85
40,94.5157570723641,118.602902511868,85
10,125.03386367858293,148.85486294653066,85
36,177.2184268133345,342.75550531261604,85
27,245.98187935927768,396.9995304999881,85
32,302.729191801946,419.5920267584358,85
3,102.12031042549296,187.81951444532558,85
9,33.09852930941681,126.43190359444057,85
44,63.966262630892835,173.98587038587166,85
29,91.9688841068504,207.2859997674093,85
17,198.84808606372567,452.6298003310533,85
20,224.85929890973537,449.5523278734358,85
16,362.06928743956996,478.27406020303965,85
21,0.07632748469432737,185.7863718682717,85
6,62.02380699299903,275.4064524328389,85
49,76.09163781944928,272.3841677453933,85
53,143.92858719976627,462.74913352726935,85
31,1.149671813212294,265.41548367906034,85
48,66.19242455420287,297.54219085817596,85
