id,x,y,portee
0,277.41129571571,205.24359498743218,85
7,357.5858541176139,207.26616824481525,85
10,289.1584361308056,273.57490944875684,85
14,299.40144827637704,230.3469771245486,85
15,289.3648353931266,164.99221793204566,85
2,379.21501081197744,187.42014566364324,85
4,381.43990463128534,157.36278156017676,85
13,260.85407679759487,352.5031005626483,85
8,322.44371519387965,87.54901580806268,85
1,359.8800272347103,99.9388265588142,85
9,206.28301438462643,331.7555115456464,85
