id,x,y,portee
1,4.205900509438532,350.55633362962607,85
9,45.39425211456327,423.75379589253794,85
2,29.51266152762827,484.40653340732393,85
17,106.67103793849614,384.4427877517537,85
