id,x,y,portee
0,144.51467076946955,149.77603054669208,85
9,227.93381523947053,142.57957043295448,85
16,185.1111553931107,200.2141332781009,85
21,88.8325055062818,172.44833935600934,85
23,122.38537244599762,119.02870297824725,85
44,87.69535549480845,134.92724818676038,85
3,180.2427183696081,233.54806081011654,85
8,124.88774050217356,243.23574951944155,85
45,152.45161410785562,269.83299899411276,85
41,98.61820350815142,223.9139068881766,85
43,160.78749841327016,55.480006255154755,85
51,138.32240277446738,64.21015497576332,85
10,219.6259945880339,281.1694577222852,85
31,97.83001474917474,293.94284449237085,85
46,189.22333790425327,53.51000799053685,85
19,270.260576878567,273.73916773252324,85
2,311.5602282494136,316.0395596554775,85
34,331.8440660011869,247.34012900404457,85
48,327.8180593876203,320.6574974148282,85
26,371.0459938548876,349.4440944626827,85
47,360.2418395779152,352.0408355491647,85
49,354.0637781344476,364.6241292257263,85
50,329.30993516696736,347.1643408433084,85
15,306.1274346419181,186.1347023170975,85
53,378.7752673981493,232.38870651403892,85
42,403.5511475650787,313.4479032240963,85
38,412.7600619654502,374.4585504320424,85
25,378.49845664203406,152.6490041497749,85
1,445.265727744335,269.1083277803753,85
6,451.71772150794544,239.62344696169274,85
22,464.25533667876067,311.80585875673665,85
30,381.3029472766215,86.55373708275754,85
33,411.15087753495936,86.5312900970806,85
11,482.08737467919065,265.39612569073415,85
24,489.55592920903047,298.5967869107345,85
37,492.88218723673265,273.3466878115827,85
52,493.8828159123117,236.518073151028,85
18,431.8089362926929,60.53962040367023,85
36,330.6582095001447,38.79130937473235,85
54,361.3263495683878,58.84889499574519,85
55,309.64012718558604,56.93876807818771,85
32,466.3041774160466,7.803102305729615,85
