id,x,y,portee
1,402.72521985739803,442.88267952014417,85
4,444.05432277084145,430.0028114811703,85
9,365.70392529981916,425.63509893989567,85
