id,x,y,portee
2,443.15182950856405,47.51182150158062,85
3,391.0693373813348,56.991147418036626,85
5,495.35170298917126,54.7141265809003,85
7,356.73502146589925,111.44265097278105,85
