id,x,y,portee
0,332.8875856212021,358.28688182831866,85
3,359.2134713031618,405.307203052098,85
7,294.43054590102065,437.1685530853618,85
