id,x,y,portee
2,358.92426976107885,265.6515804280709,85
3,351.2144032537479,221.78126688524046,85
9,379.7440493785792,328.4632523942962,85
