id,x,y,portee
6,190.76667162925298,300.09459644111513,85
18,202.87384451139394,325.5481718847122,85
22,252.02713668231485,373.2018194150412,85
13,313.66054546582586,344.3843795377503,85
21,330.43703930429996,350.3791108231063,85
