id,x,y,portee
1,340.7595941501064,317.3008803318031,85
29,409.85912094851665,296.8980892766937,85
36,341.43209802265653,297.28156392168,85
3,431.21028393839765,346.6810010982346,85
12,405.7327036779045,377.2595920253937,85
18,393.58875108401764,220.6269824172334,85
34,426.40801385065254,261.80466369546554,85
2,315.65231283929836,229.25780469890094,85
16,383.9884319386051,454.81903471895106,85
9,382.83983349828486,494.44867414865786,85
28,348.82343525710746,481.08930953599827,85
