id,x,y,portee
1,123.51455918667604,152.06438755999497,85
5,175.74926483013147,184.1100683386076,85
6,58.65802752750293,164.61372493019516,85
3,224.9460236926662,180.22163783249755,85
14,200.71573899533928,243.64319170734305,85
8,261.636953978793,126.37540643819761,85
9,266.74900581414465,172.50218701161197,85
