id,x,y,portee
0,303.96492979815434,181.8969948407577,85
16,355.2336013128021,225.20427962662072,85
3,300.5519180130315,268.8374097017636,85
