id,x,y,portee
0,298.3710853583034,151.6693165179544,85
6,326.39265009283304,211.8606059935954,85
13,243.03926948256444,146.5216692560267,85
3,391.7958250429176,167.90173808011767,85
7,385.2140465969199,131.9108768596807,85
