id,x,y,portee
0,281.7495284808729,436.3075371274344,85
13,237.96962010663836,428.65338168666165,85
6,180.83760599874688,381.55814416411323,85
8,174.3016672168432,472.29678744351224,85
2,147.03467822836453,404.86299740918633,85
3,144.09206289877363,384.4775148281048,85
