id,x,y,portee
0,101.24172235158291,387.2203304841612,85
9,122.0209758220322,332.68680067265893,85
6,126.80879103422949,296.2470848491069,85
