id,x,y,portee
4,323.95483156606406,133.89404701364606,85
9,373.07809195687594,110.87512510142273,85
12,309.05901939581713,180.17514160886884,85
13,368.89031081148306,58.83012964271883,85
