id,x,y,portee
0,433.3208976672656,284.7596552262685,85
14,375.9298075230881,278.8811305529827,85
22,469.1613025847423,265.29404958341377,85
51,434.9508552741257,307.01856675231437,85
6,350.5520676993506,320.00880871360886,85
31,356.6303943869456,345.55400183220485,85
42,298.8241631160753,312.33820135818286,85
40,442.860235486295,190.79751327066745,85
12,298.40015550797204,380.5575910161074,85
57,315.83594737484447,378.0863059257217,85
53,321.4402069494062,420.52372696584223,85
32,244.5625549152926,333.6989689436019,85
33,463.66380507560973,163.46249889838276,85
34,454.7446423913103,126.20351912633454,85
47,420.90764335303487,116.04892108822779,85
48,473.39724372618053,120.67598237376731,85
13,292.8518583756387,414.4031178777833,85
38,299.06523007553307,438.10228175175655,85
54,331.4724016798907,450.85842080750984,85
17,343.67379209337463,482.0580047097233,85
26,186.92663131408827,272.6331993820777,85
39,202.18128487032072,320.6739364076398,85
3,425.6145203791218,104.17646282451648,85
2,401.68128435281767,92.29422108729473,85
16,377.48081747855605,110.57976742591374,85
60,426.1488573957033,86.33160332055789,85
10,351.9375516042399,72.28583810160966,85
56,361.2702069544398,68.90798696622569,85
9,230.9809827665892,479.35730273787743,85
30,373.41655381743504,489.4997618043714,85
23,247.73901175282907,224.83663205921113,85
37,235.35623752498773,245.84665254503545,85
45,179.03604563193605,230.59433519259392,85
59,165.06292814267803,209.68970155938567,85
15,405.3119486720105,28.68808337145895,85
28,445.98558470725635,32.017355088661326,85
35,427.5009513006157,21.000859665815497,85
29,296.6970375157144,132.03497714812963,85
55,453.8254752983142,12.526769716977803,85
21,247.58116586684952,191.42502815553246,85
8,112.46035416961043,197.41885556298166,85
7,134.96513628286178,144.36255772099076,85
25,129.83889510394036,159.14956004839632,85
52,109.25621742558073,177.4593933063029,85
50,214.87675927380744,136.40692929650095,85
43,145.20877758604928,70.96054440016036,85
49,123.16101576704574,100.61938951916416,85
18,227.65099261278516,63.9980776067689,85
11,201.02899471615393,29.495898227088258,85
44,154.9261998347788,22.43385898917538,85
