id,x,y,portee
8,138.1767608987018,253.8526942369611,85
9,116.08350995939676,311.01809830363567,85
12,92.03809175135919,313.59737665134594,85
17,111.83683808114696,225.6870294707133,85
16,196.51070399924896,328.616105134188,85
19,237.48421506418987,396.82956162541547,85
