id,x,y,portee
2,48.1504568561299,267.7084263922686,85
3,37.01988868907702,235.06773519224333,85
12,125.55995754442966,302.05308551287527,85
17,116.3582272039847,294.01550807936036,85
13,125.17318965243646,349.65919902933797,85
14,84.43328980505733,386.5575001715415,85
