id,x,y,portee
3,327.88176538017274,294.39461906717946,85
6,354.7459580104633,254.98005308017002,85
8,309.34584934323397,321.364460772496,85
11,383.2886125980678,241.4272255078947,85
27,374.78277987143736,328.4216645683504,85
26,383.21523659223624,361.4220898747522,85
10,394.6159777026456,369.1997462374994,85
17,387.68102847655376,405.01122145729323,85
7,426.94496253569736,432.3251867847055,85
12,351.4323958681966,460.55710054204536,85
19,430.1722243418206,477.24443048238106,85
