id,x,y,portee
0,387.8410050162314,182.2727758247814,85
1,447.7272536372416,231.97323721625546,85
5,365.32184705434327,155.5070289079908,85
3,436.2152822600968,276.08909473812616,85
