id,x,y,portee
0,376.92055972222937,283.37622119125206,85
15,441.7096032018637,315.83486074622107,85
23,446.67593110020965,303.15798450781523,85
27,386.41852150092103,228.15126372075505,85
29,379.38816207973196,294.7976045520145,85
9,435.77869771383484,383.9647234429705,85
26,489.0665572300711,255.25716155267918,85
24,315.7434492337049,210.12363492059578,85
30,363.5163587356735,425.5601566212935,85
8,251.95239054768913,179.0784256560064,85
14,270.66663569340113,144.15054057483061,85
17,352.91301323651,491.7575326324078,85
25,325.24778115343815,449.34255051970587,85
3,218.3158622950041,210.9139717308205,85
18,325.8831330550586,95.17731157152242,85
22,225.21276007877321,96.7327346339692,85
12,273.58450367563444,425.9369863441222,85
20,145.3099228643875,209.54651255292512,85
4,347.56624463366995,101.99916772371675,85
16,386.8614743337406,107.66434659073393,85
7,160.5037257749044,286.600617124686,85
21,140.50646079116464,258.2957448220623,85
34,78.46130193046186,160.32261362171053,85
35,133.8530581933428,270.08323275539396,85
2,431.21122675799734,77.6222111130942,85
28,444.63994013543606,163.67653733394582,85
6,40.83418277498352,167.93070328861043,85
10,1.6175504628180293,182.14218417488775,85
31,24.0937616023611,188.49798722442935,85
32,9.61576520131957,266.5003767646617,85
