id,x,y,portee
0,166.14827366695405,145.02638027721886,85
2,197.1054979286272,118.49717901497165,85
13,115.66713802674927,99.63782549097094,85
12,152.9249284587077,23.630625804064,85
