id,x,y,portee
0,119.55890063516728,162.96077379102303,85
10,168.92482621203325,194.26806954477894,85
15,84.39581043540073,156.18973715320246,85
37,158.41059297289166,119.68376822090721,85
5,222.85893753033497,204.68014124091226,85
30,213.78035016923968,145.99836401285015,85
4,72.82243431441799,75.36241805527655,85
8,210.39933740949783,74.55283841572479,85
13,303.6709297974555,186.01652509259247,85
12,100.23463594573678,25.07354780375404,85
28,18.05046439523811,25.897905531427902,85
