id,x,y,portee
0,252.4160615582226,336.1138985878496,85
3,230.0646411800837,373.14615602955604,85
16,269.3091274061941,348.4274813283251,85
20,260.1005247124588,328.05922449340346,85
34,277.8358824895409,278.62178509803687,85
47,284.7849898169738,268.49509728747586,85
50,189.00554837011606,323.3153988252489,85
27,162.21212945438413,410.1161348481419,85
2,334.88349601877707,374.975071660507,85
4,218.45606148639018,226.10916755348637,85
10,274.71158521919716,226.30435586467257,85
15,334.56759393152606,259.3491763817717,85
51,353.5821705462475,257.2800768877919,85
8,171.6469086610259,279.9130692949206,85
42,133.65187795400584,284.6957874768696,85
1,116.44168201121563,429.6952702024534,85
18,88.68488286962616,369.3880220279852,85
22,92.11553758770097,365.4067621154822,85
26,93.55748985581408,412.9281194866891,85
41,139.10349058332943,424.49370899637836,85
44,217.83996101444336,458.29495766439896,85
31,418.5891098557314,385.3153016640171,85
35,246.4641864868581,173.82921027184213,85
6,349.036350584213,195.32662711859894,85
37,394.2204336437205,224.3419348077047,85
13,76.15242141997658,289.7100387601644,85
21,62.31250492824747,324.62246718307534,85
29,90.7551721073182,346.32315628134,85
7,105.14457631392143,477.1459425300526,85
12,51.63125577163813,472.6189644065693,85
30,14.56212635499493,351.4319085762452,85
39,22.950994245710564,322.5948992230205,85
14,451.5695414661521,386.96123321049964,85
33,444.9272006104748,308.35777071688756,85
38,449.43514175616,385.93065531113535,85
46,233.8823108945407,133.70625442469287,85
24,322.42392841695886,126.18093486974152,85
23,444.3162830022991,183.71108437517324,85
43,13.110439552785735,309.8069390849922,85
52,197.28047751497414,68.28840106316203,85
11,320.45883021118124,68.98117823823769,85
17,313.04740186822676,82.30756903832426,85
40,444.57561255511695,146.89519899014076,85
5,216.6197392619613,36.425860411050834,85
53,175.83762337985814,49.82812265586889,85
19,340.6787858422476,29.12935456853144,85
48,103.72262788452346,31.826938208246002,85
9,83.7063422008828,66.3535010853461,85
