id,x,y,portee
0,300.92784988640454,302.9962094954585,85
5,326.7286050025184,367.70132785476255,85
25,364.613052218543,259.1344874707258,85
34,296.9364951915593,233.58964272445925,85
11,322.96066595666787,391.2639811726045,85
30,356.16608310083564,435.9153054631132,85
14,357.644510317731,180.06444247522518,85
22,423.79307997538046,290.9755385762942,85
19,436.4905877162587,178.38856838018918,85
