id,x,y,portee
0,165.43612166152127,393.79265330294083,85
8,96.86495050959948,417.0125429025783,85
12,173.70226039569332,358.09689429631555,85
30,122.15225244111855,337.2897356597105,85
31,97.24263251778348,415.4823759767117,85
38,99.93857456592752,415.1640502143303,85
46,152.1314861052961,397.9930894366156,85
54,121.66385875658803,419.838071515067,85
42,43.302118495533946,405.55629241262955,85
61,106.06656473011961,479.587592837573,85
34,198.0892359270443,299.130967019897,85
43,54.93814886959658,330.32188469600555,85
52,88.41897755178985,294.6312989104196,85
23,12.587069991894351,461.3412069585043,85
16,242.73501214275052,251.61845604862532,85
33,226.72752471148027,276.0253159872823,85
44,266.9006399822245,282.342116234465,85
58,236.740842631731,249.32755659137823,85
11,23.15314864926282,266.52685057740484,85
40,287.7709472677829,279.21978944036147,85
57,293.1384489049792,264.5087984768257,85
7,331.3668948429808,284.5419237515059,85
48,354.60775698845396,263.98148761024913,85
6,422.8548790620831,223.48575502428153,85
17,427.8618508629612,285.988889503596,85
5,442.7410105455471,222.8455653935697,85
25,377.7941711449193,157.25481672395225,85
27,489.01514166622485,202.30791055292235,85
51,458.97367341275196,310.0190568522876,85
59,347.15419410372994,138.21560712442826,85
60,303.1236553231581,147.11787657996632,85
20,273.14950376138415,123.77694794533423,85
65,281.9394633423238,81.37344692066256,85
29,205.73750308173277,90.82158173543026,85
36,219.14674652594996,111.79074615106282,85
4,306.06570677424577,6.761815552139005,85
14,318.28333552688224,41.15247221634333,85
18,227.90146070390287,22.90332937467765,85
55,236.82306470756475,24.009216789862677,85
64,294.03666933377656,3.316182043724192,85
22,121.20582502250355,83.93617241658818,85
24,137.71358047843628,48.59695541870707,85
50,213.24601001650478,16.432774114807593,85
49,377.2337211789806,12.145189010272063,85
10,147.90561716903068,19.764649922167756,85
28,41.63578604483542,100.99653589902336,85
32,45.40122919414385,49.28787087116204,85
41,104.93874883403493,56.42102666214554,85
9,450.9416475613888,7.18677746470725,85
3,57.30069278333006,143.78432141369453,85
26,47.63079962213052,152.22624260377,85
35,32.72432101120931,176.08553978585311,85
39,7.4670004718130345,13.229376662267978,85
