id,x,y,portee
0,203.62421126658458,400.26904727605114,85
1,225.88560701070608,479.93665245269676,85
3,234.87496794005637,439.90032384647094,85
10,145.34996675303702,436.3482665076286,85
14,241.5623617803651,429.7346964745254,85
11,290.5812574552369,390.3079063137026,85
6,67.89735797778573,401.65338035383616,85
5,373.7341155396381,391.2665902351863,85
8,53.99034505077099,352.85325495813686,85
26,88.27518501448795,294.92654336751207,85
