id,x,y,portee
0,143.80550208351644,161.25838454794905,85
13,176.8273150368564,98.54229344960919,85
18,99.40295544776367,112.54238670274441,85
19,123.95681493504651,100.91846750249755,85
20,140.0797097714459,124.45038104244405,85
33,191.08180299482657,169.85542507090196,85
35,164.1859324106673,60.58549095106319,85
4,209.6552990286693,217.5185762857275,85
31,181.82848660359323,250.20114092112883,85
16,156.79461392817117,321.3473209301604,85
