id,x,y,portee
0,24.37019070846913,250.45267997790648,85
11,42.37516547505593,209.31991177380877,85
20,34.47320757466055,223.32877330644686,85
8,73.66143704121025,154.85457463820768,85
13,111.63109165015611,163.2973993754356,85
2,77.66687797926025,94.51105108908587,85
3,139.03435696269406,110.00648728672464,85
15,163.7113044187964,129.38919238095315,85
