id,x,y,portee
1,218.58470436205184,235.47500187694254,85
7,171.49270325969624,185.0258073754898,85
10,167.86997848425517,196.6019103543485,85
4,172.44152571102978,141.47299181903523,85
11,119.64368927211876,255.39712172807742,85
3,51.46887114664283,214.0309395963718,85
12,114.9003245430481,287.78879164331465,85
