id,x,y,portee
4,131.7850648183504,181.7878515053336,85
12,178.4027337998371,113.14054083790765,85
21,111.88232287865613,213.01326906411177,85
17,127.22024239872631,71.7933685079441,85
