id,x,y,portee
1,115.32094619079997,469.4584626355524,85
21,162.61735861360606,469.1796784807505,85
47,80.48338329829541,473.68331365242847,85
46,237.64548417295688,469.9190620389224,85
52,233.63129810123013,438.66692807082217,85
57,187.67226896108247,419.6274403749587,85
17,294.01459881616836,448.7566834506384,85
22,234.44225194210756,385.3729011039529,85
36,221.9136661183826,389.8224247747058,85
58,291.46486000916855,458.99468643414207,85
55,284.148352012725,373.5996885005869,85
18,189.4158933036948,334.54111985038367,85
25,261.5283962744402,324.01575128222305,85
15,110.09114833060968,345.11492572550213,85
38,138.62959394013185,308.92616581450187,85
2,29.256503311930416,325.1973993412653,85
56,71.96259691751078,383.2338780557336,85
6,106.61956454859956,253.42184238227972,85
50,132.512805922471,230.64837797864746,85
4,38.264580074881984,275.4880750281137,85
7,31.66828579499814,252.1690841184101,85
27,49.77836661810059,259.2505771183515,85
13,3.675949755948371,421.0362416621642,85
12,109.15822527210383,174.04068351849233,85
30,66.64319944638203,199.20605426365995,85
42,120.54414617608028,154.6006851334879,85
29,0.4558261834662347,209.98949070439366,85
11,68.75880948437363,144.7968432655573,85
26,115.59221750917392,97.4873866780902,85
8,118.39482577678729,75.39406490653799,85
16,15.325861676869668,82.37526796091038,85
40,37.95787106689657,84.16577109493394,85
