id,x,y,portee
0,33.56010143503296,123.83545796221068,85
2,91.39331678345941,73.28236089361168,85
6,11.866788473850587,110.555858168151,85
16,5.248896355875665,108.96809574626909,85
23,11.397498461617861,114.8434167275969,85
47,67.71661418601033,191.06279397183036,85
5,112.59571845605021,50.36696946469521,85
15,165.27184089099507,102.7298914379397,85
22,162.99779880132635,56.22526523599536,85
9,78.35120364724007,215.64666379689314,85
28,125.1885596409052,227.47963932777344,85
52,192.24363266277172,59.44178047128362,85
27,202.1395829022733,54.845363071473145,85
50,190.08819762997953,121.65910496533988,85
45,208.06930973855242,17.792677207226827,85
48,132.07567744219273,249.7249205527564,85
49,202.03936033294963,232.331008667032,85
17,277.44129748127676,83.39606039720582,85
7,285.7889468357559,14.9521844633973,85
1,88.17960186960589,310.3042281100676,85
51,182.91379507160815,311.3734988374521,85
54,241.0350935164415,292.1170615806652,85
13,315.2586249863427,145.58263606395178,85
32,310.6718952574214,74.28000629346882,85
26,364.4664237091786,46.18684676189194,85
3,26.623446577112908,354.497010766437,85
18,65.8314636217266,342.0329563291946,85
24,115.38192413609704,362.6956365564096,85
46,88.82902345974081,325.4881173262742,85
33,233.24641121393375,359.2900576597703,85
10,276.55859187919583,288.703293253459,85
44,271.2926569830938,356.99876896364793,85
41,344.8558238459638,165.82901425551444,85
34,367.0080836790729,56.481680174098884,85
35,6.452603588106676,356.74330768291884,85
19,242.78827094939064,413.1089281540185,85
29,344.7643972260735,249.1566906961671,85
31,319.52268498357256,258.63623676616874,85
42,325.4334104668736,326.11150045760576,85
30,290.9848134673669,432.95013181666076,85
25,220.22085388392713,489.52910549640785,85
12,408.8267053511508,321.20203231694865,85
40,351.26403451643256,395.51606872230104,85
43,347.34188884495717,400.9061369751514,85
8,363.1436663411049,408.53460939034744,85
4,159.3036481240931,489.25177320035,85
55,161.19804379957282,490.98831545540384,85
11,493.4301201614972,324.9505590373791,85
21,457.47668260478724,321.5296352791626,85
38,439.29805809362296,341.25801196360953,85
53,449.24461832535627,373.8913322237866,85
36,385.84062913594744,420.5522670380761,85
14,106.15308871998596,477.76121107719,85
37,498.45698631691863,379.9281476369009,85
39,473.8067212514248,250.98652770024765,85
