id,x,y,portee
0,366.67791344810183,160.25561621437555,85
7,316.9186654253534,223.522636559029,85
27,306.79379180692285,132.94505284796782,85
29,342.1117807531455,237.7426233399933,85
8,315.01146940167115,268.5683497203979,85
23,267.21746407101665,289.45970570810033,85
10,339.1084463706296,59.75376882501837,85
14,327.14343585108037,83.81733382356387,85
17,261.45346685458577,136.66359290670633,85
19,281.08337735164145,138.35165374248092,85
20,237.67146818499396,99.65217702448459,85
22,260.48342570577023,66.75060135700717,85
4,401.316349217688,242.44736070932265,85
21,294.76731230740717,320.14265709743216,85
3,193.0022146036069,273.42405608725,85
1,203.21696138602212,115.53327889296567,85
9,198.96605976646137,119.11493077025986,85
11,221.06581629817256,89.5194350277641,85
12,224.3987368224013,111.86520222697833,85
5,173.09857681499886,83.42781563384094,85
13,433.36897310421125,308.45210738520905,85
16,403.41412321048796,311.6805063384803,85
24,182.39929713957304,354.88013271528996,85
26,159.11952097678594,142.16224595340643,85
6,164.9458528344975,25.593949330081355,85
18,475.1856889314656,324.70765559445965,85
25,444.2888454270985,375.27030019470664,85
28,146.8077815128236,387.51713847995956,85
15,147.53587702333016,465.91542031305084,85
