id,x,y,portee
1,436.6870822788119,156.30149874807697,85
3,410.263973175995,172.53043754741702,85
17,384.33315948400065,108.68365257624407,85
10,323.18145866602885,155.91636565543877,85
13,240.94484285301465,175.91573233400464,85
7,220.09810157688327,243.4143792118794,85
12,185.44124078542222,122.94380456008935,85
16,253.55768024144226,216.13031343365424,85
18,225.62236401608178,204.72200000119085,85
