id,x,y,portee
0,188.80443300320871,315.885827936793,85
20,228.86839535322855,357.083378340342,85
22,244.1160560237736,298.99080573701605,85
44,247.7602595917348,284.09909102925616,85
1,226.33927701835316,441.1377442634707,85
11,301.59773668281355,349.3464901673873,85
26,199.74713670592652,400.8958865509974,85
54,288.85594404074214,367.35484752099086,85
16,290.7816075099055,290.1264722250809,85
19,220.52933582823874,234.54762618304588,85
24,208.53469672934278,224.77323814095269,85
42,285.5437460408434,208.44663024317438,85
21,204.34910692223218,440.65064178710475,85
27,189.67679419240673,432.7311289561494,85
38,331.79421370420766,355.19831084982235,85
49,364.5879992351818,310.2364611070436,85
4,116.98714459819698,418.34566100237686,85
39,338.89183661572366,167.47367314231727,85
18,401.07507100073695,344.9429423408205,85
23,412.5358110628663,295.40709128415006,85
3,56.42347362291683,432.33092944759096,85
50,121.71591214228616,493.11755584069806,85
5,296.34431473262964,97.65920725564953,85
8,402.41865746303364,174.9743228581843,85
14,372.82534166888587,153.59970983163618,85
17,394.44484817327015,209.07023703006294,85
33,349.06124196055526,117.04153527505478,85
35,311.7724651353266,106.86668601178756,85
10,380.5941399901491,426.28140363064375,85
43,458.07416476055033,250.9712893568138,85
12,4.3564324616239825,484.4438797538765,85
15,59.91187482253413,497.441280775061,85
7,297.7746397010878,20.953545409364672,85
29,218.06918241026534,90.52581269398662,85
32,259.53173963466395,62.53427640505266,85
34,417.79058386343195,129.04352623018696,85
36,470.6082283003749,147.12547658439433,85
31,379.30017353564256,76.08257745232466,85
9,322.37195826075856,481.31262967521553,85
47,348.8790799970873,449.30204967566766,85
48,169.8801835533722,71.29437569382135,85
30,441.15128658075486,73.87553458799594,85
37,485.65190985623235,106.7428920088972,85
51,462.3348736331719,111.72651445542398,85
52,475.24278867701173,114.30671989087915,85
6,445.19371113095355,39.58913026302141,85
2,163.3411396139814,7.055730639928259,85
40,125.71399028572739,132.59744419078828,85
25,79.44737205466495,61.66555795946776,85
45,110.07420794797501,171.37554991034227,85
41,36.2946106549486,210.33227436907976,85
13,52.82038192754046,278.99295013181376,85
46,24.283338139776845,286.1888623126098,85
53,52.222993138724696,276.73603589460464,85
