id,x,y,portee
6,109.01363511819162,151.40064484394344,85
18,188.77174521589973,136.21463498443802,85
25,54.114081030362414,213.847199082772,85
16,78.56053995094264,290.4798983406223,85
10,105.374927814749,352.9297880498863,85
24,118.73484807654589,293.0303544349425,85
22,170.59032519776957,317.3374848662817,85
11,181.34897487796232,293.1342115063776,85
27,197.7271501672922,331.64728658199226,85
