id,x,y,portee
0,367.838889431188,6.090733882375243,85
18,298.8143922277979,26.899925109072132,85
22,422.07662896822114,56.693983154413154,85
17,235.3559790708941,45.662679785588466,85
42,224.71628742529415,52.77682303180609,85
44,267.2915447415991,16.143830578333905,85
26,198.0443604912816,40.496596190822295,85
36,179.83590430894836,0.813045014970204,85
23,165.08443364855995,109.67560178620717,85
34,126.29821897784893,13.603152006756991,85
45,128.47827672725398,16.599535077563786,85
13,142.24320261324203,115.39940498061834,85
21,164.85268626701193,123.21757849993887,85
46,123.35692646945745,129.4736467078761,85
38,84.85496498218414,55.25144698140372,85
1,75.19303945109878,87.80294817188266,85
7,164.76160892381935,199.00609302553246,85
16,115.94046164878424,197.51595408078921,85
6,209.96698766802814,263.9514557100187,85
28,123.43447978599076,254.57886703246447,85
31,198.40189120793355,214.38437666507875,85
37,69.88977108483529,208.91100719757827,85
39,112.96517415526591,275.6764590661722,85
43,87.2375729473605,237.72253941015182,85
32,205.08819526991795,338.18826057943915,85
33,281.1853132515891,307.65437332327474,85
5,162.6276722973394,361.833963221653,85
8,201.53646100590282,386.1780338592844,85
27,210.33608810338305,403.04328426516327,85
2,320.9009198177105,233.68437093539112,85
30,341.62709091853316,282.37082108251616,85
14,99.76314817911735,368.7704529155819,85
29,237.82502622279267,420.5524824638267,85
12,286.62036714085224,433.4644756651069,85
40,411.21418638435136,263.20045475993993,85
4,34.911908089043045,343.46828366804573,85
15,52.5422389526432,345.31086845469247,85
3,316.1784144545385,476.05874062394446,85
25,314.5275910560704,497.6418734793598,85
11,445.6106441410797,197.26877519713543,85
24,436.3005090902128,188.13129522538358,85
10,5.353255929848421,300.20819593418315,85
41,379.14054242760864,491.80544919080677,85
9,429.8435168656954,149.53227404994757,85
35,474.6471830465009,199.07469712503135,85
