id,x,y,portee
6,45.07410643971988,215.5846689298301,85
11,109.96683496864785,268.98855436777336,85
27,58.53037699712377,266.10530200503115,85
13,149.9776881764061,316.002422043048,85
23,155.0929248563433,256.04961536458427,85
9,49.85029468612967,340.4990939576673,85
12,17.692546191535598,319.9540623326872,85
17,23.201243166538767,387.9322866819957,85
20,29.650065890114984,438.5934703692402,85
15,43.06394353556631,471.6488121710627,85
