id,x,y,portee
1,77.20282455816435,212.31263566116326,85
15,66.75552066621954,231.8381244775945,85
16,14.810215563648255,181.08556320510937,85
28,86.24779997441733,208.3884560630333,85
51,115.28392465127568,267.35016362279043,85
20,77.36399051230187,315.99013842256466,85
8,33.07084260767268,136.08738763527788,85
23,106.70144990997044,313.0432569278498,85
40,170.9344111934894,240.88431232505408,85
48,176.29688861456987,253.75317398670904,85
7,108.16955631985763,362.77787291427404,85
13,11.20546276974127,318.98089212222817,85
33,54.91767238862605,336.88408213686756,85
36,127.86494263337083,369.06518682418056,85
30,70.49994421275684,115.88943884385,85
18,190.85520667274287,163.63128694274164,85
42,221.8823735563079,212.56171006859154,85
53,223.18514131669846,302.36120074187954,85
3,92.47317504530017,443.4342372767686,85
32,107.01547693134744,401.59992982477587,85
41,12.297133413258553,395.77724894102266,85
46,171.02969905991745,432.338112915942,85
2,104.52440263423074,89.95255661857942,85
25,160.8523127651339,106.85647297945688,85
34,248.10990247431525,102.63306839624359,85
37,163.84424245332298,84.08315928771427,85
11,282.5142993719439,252.14284051704678,85
24,284.49102122728243,271.7248541832482,85
10,101.7676110952228,463.4521073811281,85
14,86.2200175129158,465.4303024147961,85
27,19.62242179741347,470.8344780721624,85
31,119.02802986034783,482.9172324310371,85
45,80.99755931340059,486.43985229558035,85
