id,x,y,portee
1,124.38918248423097,187.57346178993672,85
4,95.17077894726967,189.9647882861973,85
9,191.48856106365807,177.50352142675408,85
