id,x,y,portee
0,397.30406165725026,457.2849666572713,85
12,428.2830412611886,493.1586978490806,85
15,358.6475286158627,415.32504217599364,85
20,474.4653718554932,455.194444419754,85
21,461.6347350986438,436.86892874020185,85
2,478.97304443095993,396.68446358470976,85
17,450.771256646442,342.8263422618664,85
27,410.71579104860945,276.84292953015796,85
