id,x,y,portee
0,43.730953942283875,165.27821002927956,85
6,19.101850211040215,224.32025562423863,85
7,83.93346550375513,93.77503686660538,85
11,7.245334043077367,170.92927923384488,85
30,41.79705398211087,182.89297739152772,85
36,93.96674545281658,133.2499743662582,85
43,110.15163149284673,115.6540666345356,85
44,67.90481718657732,132.42856404939258,85
54,73.03450960649432,230.24028309694071,85
18,7.869711930385382,256.25268406636053,85
41,56.930585882178306,261.25386731507325,85
45,76.2800319552931,64.32926025480323,85
19,161.43774993233257,56.17113073982477,85
47,101.44857044930028,288.5667169955397,85
20,58.61011290472562,321.08486575557777,85
37,51.413219899958676,337.0994803302551,85
8,3.505271637311125,57.569757924275045,85
27,3.4781795097161283,35.2226314642548,85
10,114.67532890471071,362.6289876362014,85
3,69.22243786791282,395.2428469979863,85
9,34.67157816847527,363.0967759608377,85
56,19.60130847469166,353.5098292657387,85
16,58.49077371101752,418.3123786584115,85
28,56.14544873406862,416.04438338713766,85
49,196.61599609407764,371.0772237859846,85
58,147.47806599841363,380.46766784501847,85
21,45.19944683110116,467.4200590436503,85
50,60.37513361810609,437.10708845719745,85
48,136.1028554149789,475.34711154531095,85
42,189.74824277290935,478.1607308858713,85
33,234.73488591919195,482.69864559953254,85
39,300.5597361649046,468.88689559976916,85
