id,x,y,portee
2,460.2649910324139,228.15535775249506,85
7,414.9850954623042,279.7512136635434,85
