id,x,y,portee
1,185.97707988087308,450.8464623834757,85
4,258.6399213755486,476.5004324695397,85
2,325.33965894189345,424.26664342467086,85
5,307.03861618047273,355.89044235525944,85
