id,x,y,portee
2,232.60473413971255,325.63459277953655,85
9,238.5804338537824,265.4085362280831,85
27,151.48678018640788,312.1345295582063,85
15,141.76842546318358,309.4780554167669,85
7,61.53631554063488,287.25236184883573,85
11,56.28639191381246,341.78870841804905,85
26,3.6026781359432825,323.0567531753344,85
20,54.39499678490362,383.2783641654542,85
