id,x,y,portee
3,216.03948392565565,92.0913240775858,85
4,226.4462303468455,153.70121385964114,85
13,190.3080550814723,27.604645130342497,85
