id,x,y,portee
0,45.769198331256035,408.2532715099917,85
7,21.92521978665052,399.6989757716757,85
9,1.8883182165223,428.91862132343755,85
