id,x,y,portee
1,99.66701777257802,237.1673376798404,85
2,37.39877856532436,226.5559489550364,85
11,38.13417987511464,210.1249356626731,85
14,145.66815194225052,170.4284435480447,85
7,12.714336180990326,211.8787716298834,85
18,8.506177111606728,222.55775848712318,85
