id,x,y,portee
0,25.57018828587382,203.28729453972682,85
18,28.998588907394428,250.29656538492569,85
26,24.438552348859112,150.61407092748652,85
48,10.420559254473883,241.92981445377214,85
37,32.95901102378429,329.14933284933,85
4,88.3691305806687,136.69132755013834,85
50,2.957781799893977,81.27760545572276,85
33,13.00670892782696,346.1480926458273,85
53,65.62467905257418,377.45562854068226,85
21,121.77782208281535,76.6233529249461,85
40,138.03527643496216,122.98813526331575,85
46,72.75600962867534,56.03950536605984,85
24,53.11990041172399,454.09645566906556,85
11,179.81758246866204,17.35516192252029,85
35,191.58765614484574,114.36298339387102,85
12,214.76590578141958,147.9065995553871,85
22,5.218390849966282,474.07854296482697,85
17,244.67549851259096,43.21354711297259,85
38,254.83887316842873,143.82817444975353,85
49,229.88861319245817,130.50980258085636,85
14,294.9804344143692,167.2526766021737,85
36,265.2328232396399,21.837721532962373,85
45,324.1949727280738,43.09004412067152,85
41,372.636552128733,65.11377727399615,85
52,396.6730367248165,86.82022035011028,85
5,381.5330312466307,147.44238579365228,85
16,377.55971886736734,124.43832886422528,85
27,371.47890294407335,125.6813726154276,85
29,415.07850874165405,1.1486466022900266,85
7,469.17111438535517,97.318189916405,85
19,457.7360630570776,72.80004456896361,85
34,447.86729429772686,10.289001668343401,85
43,494.1438756184203,62.72724752912462,85
47,487.47140557330255,105.5895835843893,85
