id,x,y,portee
0,284.22790704263025,242.9953774943376,85
4,292.8168503134172,298.9537426065095,85
13,295.337747727529,242.30014481496443,85
18,328.23044729007876,208.78481915967222,85
11,252.58239110354842,354.61443139557196,85
17,360.69710788611894,291.5979167857024,85
30,408.61249906644724,200.580564573821,85
34,316.7427104363947,145.37168235054676,85
40,382.6964532107995,183.7184794701719,85
1,213.07696208670856,340.66860376660435,85
7,234.0480847032692,424.115892221183,85
15,197.52972140303214,388.31599941005874,85
20,188.68176371298006,387.6607597251398,85
44,284.7104808200409,390.36202507490987,85
45,204.72311677463068,302.87353379875503,85
36,361.6015003578443,369.88089740528125,85
46,442.33546806187474,292.2168267343011,85
9,460.26535904514174,232.6293697795294,85
25,436.6975987208948,233.43871151678186,85
42,451.77092164212775,161.344070061269,85
47,464.87554888206415,158.30459282982602,85
33,285.4914272537558,94.34045385195977,85
12,289.8759221294421,443.29950744876646,85
22,323.749801327333,416.3942697339326,85
37,349.13544975094226,445.0975172020243,85
29,389.01127021127263,380.72156737363883,85
48,354.9157513128332,448.6196475083374,85
10,358.0602927529469,66.62673529651497,85
39,216.38157878225144,45.288366259340016,85
43,223.2539365298832,93.99885225303578,85
49,395.1497213661562,477.3057874784856,85
50,426.7003675537832,454.75643291020936,85
8,390.76827230368735,78.90845614315484,85
23,409.8828699611248,83.7950299920584,85
26,394.77421360777964,7.979326653894059,85
31,386.12480020686536,67.59051148684364,85
24,145.28799718427854,101.176276408748,85
28,465.0964141467565,18.52122537570411,85
5,137.6385098147441,148.59918824918506,85
16,98.88146530077829,158.1971240969582,85
35,139.58908388658088,163.64679629009154,85
38,62.155105130454245,95.40249727893018,85
41,82.19038854125371,113.35910249955278,85
6,89.55748867858426,215.6632108384078,85
19,72.51158197543629,174.72499242961365,85
27,158.4530805687403,188.85001134924977,85
21,55.14539458861151,79.06070680961591,85
2,96.10801697703764,292.69110924116507,85
14,58.47162414200419,250.06074438291915,85
32,119.50616382903745,295.4200172252638,85
