id,x,y,portee
1,224.83795232304448,41.49790522825897,85
3,202.23402839672744,20.323615584342424,85
10,291.76236588978844,54.69372959721153,85
13,288.24690192636785,55.14856008345082,85
46,196.80095522535385,17.23822167215183,85
50,240.8448516153031,81.04646189568099,85
52,184.11139233610402,47.923229099465225,85
55,240.02140452415622,10.3286313561885,85
64,177.6652408830714,79.23878158006897,85
69,167.90710445274837,36.1493273245031,85
33,133.28367945689058,43.17679997538848,85
9,344.1788390998423,6.262843732247281,85
49,346.69070954791727,10.139619553484913,85
66,337.1315461236676,66.63662722951507,85
14,164.85678468469084,106.65523212216222,85
43,184.66200564273387,141.41988855552472,85
4,122.94310735268444,102.50492430627006,85
41,107.45668831305194,53.75895527379371,85
27,136.08074298113092,148.5121340246794,85
21,78.04808625240972,44.40041968714786,85
15,394.6624701077949,47.62255193983344,85
44,379.9008120532096,6.441066880091606,85
30,397.5841998405318,73.221790229752,85
38,393.57908429687825,78.0698160350588,85
31,416.8533383519282,92.74725844224669,85
65,408.11990995423764,69.08226627051295,85
23,101.28160641792022,123.19069312912684,85
57,71.45128571627967,143.1051440589,85
11,474.8123390885015,38.06624680350029,85
24,411.5243740294504,112.88951381010409,85
28,460.09828946613965,73.07919392224605,85
