id,x,y,portee
2,104.54024926660988,463.12298046392254,85
10,65.95249040893769,426.21284707226084,85
9,53.81389199753384,375.53949854777886,85
