id,x,y,portee
2,489.7564190619683,14.862357862283071,85
8,490.72582866010947,85.53614790153824,85
