id,x,y,portee
0,160.0538610697442,72.76036247177665,85
2,87.60223101336129,101.14231419110054,85
5,153.0738614975359,7.237811559875407,85
8,163.39133206085322,62.34664286324065,85
39,134.94487110735454,107.21082816357003,85
41,125.83789079910879,93.7955289398379,85
7,28.566355665773756,88.76478836030616,85
22,92.814223767549,158.17599241598546,85
18,97.50507065840131,200.99070740111762,85
1,46.43772008139485,238.01630052932114,85
25,181.78573245399716,202.32879013547173,85
34,69.96417803539661,248.8234504267367,85
11,197.44611538828767,181.8782641694897,85
14,230.47670701710027,220.68096312328402,85
20,183.85480398708737,285.18639292297325,85
17,286.60796255644493,236.39838590456552,85
32,215.7089903405967,329.6590411867273,85
35,348.0063147147127,245.37362901740195,85
37,305.5885782578929,295.0466537282607,85
40,339.0330488645749,280.91976955089615,85
21,373.15393430164914,281.76084457938157,85
27,366.70175953767097,183.61141971261708,85
13,429.52665330788113,319.04752878647554,85
42,396.87755317453014,343.8697433305613,85
38,312.74330739369844,131.92166885952972,85
15,441.0382078007329,397.0259407150728,85
29,466.4018583405149,352.8165236306509,85
30,383.04714535485783,381.30653151763147,85
19,394.8576164674635,410.1684628785254,85
4,432.0077085423346,458.5099554877571,85
23,414.426949755375,470.78366959031575,85
