id,x,y,portee
1,367.4567402732581,127.65974342651259,85
3,394.8614161645536,117.00564727555602,85
17,387.6641089626814,162.51275809764908,85
38,293.25429675788126,146.20298255182996,85
52,439.6812612559249,132.7837166265311,85
29,399.040857392083,211.75407756288055,85
31,357.26021308164786,219.53570409639238,85
12,227.28028830968083,162.98231965618027,85
15,267.53372534890815,183.84051382636528,85
43,268.1744535085784,197.35850539287225,85
11,405.9578948524609,291.32128721370015,85
27,392.8354245617546,267.5936132570209,85
40,439.9591153704403,275.40161404965414,85
44,216.54705479215437,108.66945572834136,85
47,180.3971179334255,204.7082866982043,85
48,189.9951462937065,147.76976140135295,85
23,201.8877811035585,248.58853561821965,85
10,341.39571738290044,310.5088237930977,85
28,471.6867190293601,281.27691796312325,85
36,348.47224478561145,331.40479587721376,85
53,435.3577314734194,311.7346948531229,85
2,216.59666103151227,56.410131762910375,85
19,193.37152371846443,56.655110079676994,85
39,221.69527133340122,45.03340723661209,85
13,180.86906211061105,263.22057497678173,85
51,102.95309772387678,208.64214971605588,85
5,107.02259961626304,140.45896041534468,85
24,109.6279747487951,147.77497583546122,85
26,133.31521033236794,85.40170733470053,85
14,409.34756100043523,381.3724971070391,85
18,194.27345218654628,15.884357573881791,85
30,190.59282284526952,13.586734943112077,85
22,102.03742173332574,275.39543544025656,85
33,116.33641225496783,317.13673839409745,85
49,45.69141980272534,202.64744722553263,85
8,86.68086275899262,18.77960727827116,85
35,459.25713832216013,428.08038444900876,85
37,393.953682870552,406.7995022421204,85
32,25.030331680894523,246.35561247511544,85
4,3.827868297489323,242.70836317713167,85
50,8.998221673993555,158.87845315803122,85
9,453.7170412317921,482.66851639014817,85
42,448.94179525961744,497.83811719865145,85
45,332.50191232148546,427.8405935027694,85
46,347.50930640909985,442.7797023278847,85
7,275.8630874223678,413.07957546381783,85
6,248.82532604833813,357.63225607383663,85
34,241.6721004144683,330.580582055642,85
