id,x,y,portee
0,465.44204614629757,342.24364304228203,85
1,440.9449680690704,350.30524373546285,85
12,471.06963565226874,289.2911921587363,85
5,441.45377338427954,213.85769664148003,85
9,405.76934145972206,167.7655614371752,85
17,356.7174518997876,222.26015217995177,85
11,362.53690948464083,251.25115133501401,85
