id,x,y,portee
0,70.45185146530059,57.13643912598976,85
11,12.285020919807376,104.89964074719876,85
7,38.696426198928876,170.16021635957685,85
