id,x,y,portee
0,112.90012408730327,479.09799375088267,85
15,47.678657691533175,453.2315632769827,85
21,197.74371794426483,481.80023069346583,85
2,16.26447751404614,446.01201203806727,85
3,201.30018971602144,412.1014929695895,85
5,245.41002677174333,444.0293337762321,85
30,239.9334768791809,430.77436441806066,85
13,237.99773831549044,354.76044686997045,85
37,188.45143580062424,359.4304299599124,85
11,319.2732818023357,468.91165811746896,85
29,315.8450391101208,455.7993596917958,85
10,214.4510256648014,318.35228960761793,85
41,196.7661084741154,319.9342438010968,85
23,118.90264735674694,354.1696891211161,85
6,335.02965764288143,471.2915863462634,85
28,341.4481757628961,420.17490320328204,85
36,222.19149012853944,238.41156357653293,85
1,284.71791717135613,269.5897075665332,85
7,210.36035943943827,188.7678602641772,85
24,223.1907841112277,197.14147077262433,85
26,181.22394315783495,186.78182697246197,85
34,194.8050099893503,230.19349150996416,85
