id,x,y,portee
3,234.1518369302538,393.3627017850806,85
12,272.0088333433892,329.2708311821942,85
14,275.2715512662596,412.6176840841093,85
19,305.0798268471399,362.5777540034536,85
15,335.28724405540726,468.87967162223714,85
18,262.4296745846841,485.8831194573997,85
23,386.2780524689684,407.7934013963699,85
8,399.4171886453871,366.8209362172575,85
11,477.83367074381505,347.71655456879824,85
