id,x,y,portee
2,280.27846049225906,336.35978785202826,85
8,212.4992739588859,306.1088447818376,85
10,314.01592281281614,354.6899143002499,85
13,324.3853609933078,267.04207483243425,85
22,210.5810086547179,321.25257066553115,85
7,208.11300630676365,290.98990192339176,85
21,312.7956407475344,247.98486979252937,85
23,403.8388085490275,289.6787711219126,85
