id,x,y,portee
0,100.83825483589887,177.1219443336128,85
10,135.51942431398,186.0244302539996,85
11,83.4086653565827,258.43227002638855,85
16,113.60119376948668,211.40734960186154,85
17,47.97107931669531,158.68625994952762,85
20,83.74878949763436,184.5603250361209,85
25,113.73735230445337,179.08917114960832,85
26,77.12249811842709,242.69411076086405,85
7,18.820256539667124,109.25371575351744,85
13,54.99035936924746,102.79609086707131,85
14,55.22338566331214,35.56014849290023,85
6,106.1520144190291,82.53453088613793,85
