id,x,y,portee
6,171.52164896269855,350.7270726316897,85
11,169.1225433774412,270.0222268494097,85
15,228.3773107564348,212.62624037826532,85
