id,x,y,portee
1,140.6911414190019,113.04968931226539,85
3,162.97496230239716,68.05944943245274,85
4,182.1961608783088,26.322841159015788,85
