id,x,y,portee
0,155.62210785355174,355.28138297282317,85
27,216.81403501345602,332.1144495111185,85
33,128.12949297504366,319.26818160579705,85
48,159.4469112113075,374.7633020091041,85
53,137.7499692510779,347.4151230823433,85
56,218.49908526463096,313.1755815341273,85
59,101.42558631989607,353.2717096306766,85
61,133.84778451791945,384.15945125650205,85
62,212.27355349004102,404.03675860200894,85
2,281.88006727790383,315.78735371660855,85
44,278.9753671156456,345.4448675210398,85
42,81.67811096059368,256.4605007719776,85
11,113.28966729391826,445.8178672120409,85
28,108.19485510169191,438.6776742560412,85
23,254.9383611325693,247.49159473160336,85
40,247.40357609891888,237.45066635981675,85
47,246.63075394018992,238.52933712887952,85
3,40.31668932179916,307.6166102613752,85
24,84.98303348271902,422.0710979809105,85
18,323.6981086655506,338.3012422104252,85
37,343.6254571640209,335.61534111285044,85
41,304.06789294271067,327.3726796995646,85
13,125.73930390175813,215.60397306976054,85
29,129.8459962930793,499.71129745463793,85
54,100.10804635309478,487.2001251910875,85
57,86.92210036350889,470.4160059342711,85
58,98.3301790377349,483.64232491006226,85
22,228.82489003924738,172.53317448907973,85
31,239.05085628015848,192.55391026714165,85
50,255.58495917987173,212.71915700912703,85
9,126.00734234330046,152.91806559730992,85
35,106.53367473937891,147.19436257544638,85
43,15.889722643104175,474.5510900147198,85
26,289.0222484515787,133.2946979583905,85
55,301.80240029111076,140.60402620863348,85
5,120.20199116125701,123.58548761880256,85
52,53.830052099259674,118.28168510785247,85
6,350.42325803294864,163.78342620679254,85
20,345.17840096491267,137.77773858454634,85
30,362.0060379743397,119.20009107266426,85
60,356.2095348709543,130.3510565697818,85
15,366.1815887616963,96.44287329611129,85
25,355.29962790220253,199.18618411204514,85
39,20.07195960635316,179.77451441081894,85
10,371.4534726238653,239.69128866409005,85
36,350.4754937195021,215.58182668950775,85
51,354.84874502299175,228.6476625484235,85
12,402.04472992518066,41.28807986311439,85
32,478.9877797723337,13.992603040741514,85
46,492.30763017466774,66.00457498504808,85
