id,x,y,portee
0,268.3695110295696,137.6762328944603,85
2,309.9901184523012,192.96240926288573,85
13,278.1417141156302,146.21961860567495,85
24,294.8617264751657,176.7359451354321,85
40,192.04937448673,146.43032406818452,85
32,332.30968302702684,265.18906382942146,85
25,155.8381779376702,95.49133753189831,85
44,115.94682860400174,136.77641816829794,85
4,411.48906031018174,262.64091586448586,85
20,408.6885943815596,274.121704447478,85
28,307.5748640563075,294.8454074929282,85
35,312.1270330444572,343.7978549063918,85
1,157.2218617925229,59.87893698310975,85
14,110.8625210087622,81.0263091109975,85
50,188.03292511489573,56.062976921887994,85
11,463.53833113472433,307.4075117515004,85
21,480.5476901549463,222.63315231649432,85
34,416.1535398025869,333.07887570752615,85
29,271.84676130063565,343.1362957864875,85
10,353.0128792388079,383.27231261153923,85
36,297.2226843549372,382.1930408792252,85
47,242.17232883847205,360.6718485567638,85
37,162.67907174343426,2.201809975783786,85
43,46.31672478368631,38.786699715518125,85
9,397.22973150883985,389.6813193190187,85
12,416.32321431209715,399.032844017516,85
3,208.1301868388072,334.037735527743,85
26,193.40248017759527,362.8470831092529,85
38,221.91974448727365,346.6392077662536,85
41,220.45217344468216,338.55926256781487,85
31,326.05557298238114,451.34428766475537,85
22,213.23585450581123,421.47424945300475,85
27,182.9155460991741,393.403796103306,85
49,177.99639278898704,384.9033731739833,85
18,18.043342619251725,98.00561889516956,85
5,426.65547932455536,475.1946529022659,85
7,281.6265188341767,468.197836266347,85
15,350.64591934460407,477.541139221083,85
19,377.9599551985702,497.31121235310195,85
45,20.689801338043267,152.95937939905235,85
23,488.7364781221213,487.33113983761655,85
