id,x,y,portee
0,252.0471952754467,282.18008107329814,85
14,271.8254303386266,239.6029566524272,85
27,312.74924435866467,187.76555379749954,85
6,324.17639072315654,172.57207374798384,85
9,304.12012105632533,140.42093301892177,85
25,285.565872520274,88.14473828575919,85
4,354.5368873098333,60.211642282340826,85
17,231.2614657950493,74.55465588537413,85
18,212.00068060592542,117.42123872627668,85
29,253.35264669825742,66.63936918299451,85
34,329.69303007882337,19.664097455084185,85
20,163.06129963065234,42.99693505779534,85
30,166.51903098691935,90.04316595914891,85
21,160.4776027938803,154.24639892575814,85
5,144.22415673379047,49.585911467870616,85
26,138.42169566003676,165.79291335860418,85
11,154.11639306106207,213.3639970687435,85
28,147.2376039745043,248.82364131486406,85
12,109.35955920579227,270.29905610521257,85
16,52.22489722298867,326.23496197209704,85
19,38.094218332652865,369.20442513305335,85
32,38.71921355402669,411.4315323447482,85
