id,x,y,portee
0,268.10669096976835,196.96274674965485,85
28,246.00005738083158,147.12050741218562,85
64,317.4217693730163,222.24483931419203,85
70,321.737699645871,202.22483176610262,85
52,189.8892235313203,151.83683785469643,85
5,359.1320808155684,262.47129884756885,85
66,354.56433100850586,204.28685526145102,85
14,398.7858626425909,166.75204572406653,85
16,180.47252385442692,83.14099330031239,85
51,134.6112822180861,173.98761841452892,85
55,170.44126680810817,187.84498807504968,85
69,127.86804185249223,97.41137399329352,85
33,425.56454325927905,221.86662955449492,85
36,397.8575916001642,140.94192177370013,85
9,468.89509032676614,154.53732373132718,85
29,383.8691854650907,108.29320000257842,85
61,481.3639785307983,154.06449963024727,85
22,217.86096171416037,66.09378122375576,85
23,128.18711199022732,22.126952451117344,85
43,149.72903318124835,49.21640235801233,85
44,133.7275759259595,28.178199192415263,85
10,131.8652006947189,222.73915193431247,85
40,76.35485010619952,230.3807192237164,85
67,126.26673072227757,221.62547660012655,85
12,200.08728912355522,261.34331049001855,85
37,184.4643703036894,243.33039098467003,85
39,93.83886727604718,29.135524476300468,85
27,489.0814583499701,254.75688029262832,85
41,464.88386194632153,270.49126085276123,85
8,499.67035201042665,143.22067752217689,85
18,478.1225039660582,105.08841398007873,85
7,338.4946363190799,59.85316655575185,85
48,349.98278046023194,37.17701344884611,85
2,290.4452576675323,25.563731811158842,85
17,99.18428466364371,293.1643822064436,85
31,56.153882052466905,228.15212385589024,85
56,61.20612479075105,238.29278968038443,85
19,10.94885942607926,227.7634425111592,85
30,46.58489980612901,200.26294837133645,85
38,3.6024252047220373,205.35377479890488,85
53,26.227424575343882,198.36148904611716,85
4,184.06418937791292,294.6100520698896,85
32,351.98502140487346,1.4509377121530442,85
68,340.66132517170615,16.746954621969735,85
20,107.48202402615902,372.2510548382721,85
50,97.44088712016475,313.2277219317149,85
35,8.761219767791262,153.84877396473752,85
21,7.671412260632615,89.38646182585846,85
54,6.235604106851533,68.4734939535021,85
60,3.4858194796120734,42.137602516306046,85
