id,x,y,portee
6,163.87508581953114,231.6815441359158,85
7,140.59631822044943,151.06836015186832,85
9,146.52153672824969,175.11592807599757,85
