id,x,y,portee
1,469.1003359801527,292.06928391095244,85
4,409.84561703009865,326.35820876295594,85
6,406.8223126662413,407.60558985454134,85
7,382.8611524805172,283.88548313983915,85
