id,x,y,portee
0,459.066169547792,474.41488983741993,85
11,390.8461266878037,482.6810159530379,85
15,448.96058415510043,445.54951137819774,85
16,416.02181830072556,420.74113636094484,85
26,475.9763751589669,492.9800046105752,85
22,420.18297277942906,379.8679050000399,85
2,441.34506383686124,353.6252014211717,85
27,383.53823101016366,349.49624737433976,85
28,470.84932793086955,358.6796417917437,85
