id,x,y,portee
0,349.4679065306726,69.23522976024438,85
1,315.4311475013117,6.049384130045354,85
9,311.291175542764,122.05704048076154,85
