id,x,y,portee
0,464.78834633667105,132.6525030890157,85
5,440.84624724617885,186.1723080284965,85
6,370.2387389474614,154.8666310958501,85
10,446.73219050880346,239.4918812312396,85
8,388.0924623633981,74.99263196861783,85
11,308.13104717736326,174.81881683301776,85
4,429.56109359474743,295.96127079168014,85
