id,x,y,portee
0,295.4631156673399,230.89324683295558,85
3,319.4606414369578,192.85480938657113,85
7,272.0490978156063,166.89284214713717,85
8,246.0712498699877,163.47460709110356,85
