id,x,y,portee
0,309.60483922298323,269.013909904126,85
7,304.17179382196923,195.89983059414735,85
3,321.49628772406345,151.95523679704587,85
13,247.10574371698542,183.21470737949357,85
17,296.6968064267022,157.34542644055765,85
11,265.3333213538422,103.35667263812287,85
16,183.23341630876504,182.0947017747464,85
8,127.69844410525837,169.00050357621237,85
10,84.93470315509599,146.19879733116392,85
12,104.6943080194232,134.5777817025265,85
15,34.198151829294034,186.88939207579037,85
