id,x,y,portee
0,49.023480954405066,111.10612083162252,85
6,121.70281121813731,105.5959138699109,85
8,75.77257859454006,125.92573661976215,85
13,16.33735787397922,112.27362163686011,85
14,41.83064134644737,86.1988120421503,85
9,187.48130237689404,129.102036593236,85
