id,x,y,portee
0,165.6338971295842,296.71184777247504,85
4,120.81918266599456,334.44243693230476,85
12,105.03738522684569,352.0535026280712,85
15,170.1869658955655,319.4256146739133,85
21,130.66684148869618,355.54386207070417,85
5,155.30142084110088,410.74167172885046,85
17,138.38154928781015,401.4117596022671,85
