id,x,y,portee
1,59.288635753905915,203.86171215486965,85
4,131.7657370774928,180.0965351036759,85
16,88.21466566896063,149.38936927467594,85
27,136.5069153463258,80.58705840902941,85
12,174.89908350323878,55.499272329171454,85
18,189.1276962292312,69.88792576546737,85
