id,x,y,portee
2,463.2853820943509,105.00857913454387,85
14,486.49696326168527,93.49432077496184,85
16,456.1883529777952,108.2255760039082,85
17,488.10913110441464,70.81260253357956,85
