id,x,y,portee
10,245.12365828973887,143.63532048558747,85
13,287.93629102053455,196.177921617516,85
28,247.55635245574186,144.41810223371976,85
31,242.65066682912882,222.6429531013428,85
18,331.6120551430319,152.6070424167118,85
14,394.6368984527452,198.4994234132569,85
19,463.6194371434499,233.19853124056823,85
26,381.4404941359017,261.2932313215341,85
