id,x,y,portee
7,56.94734952943731,148.44599335367604,85
17,39.89049302164116,222.32071744333786,85
25,66.94056736253818,296.2107936027246,85
13,68.0097545808649,355.03169714795274,85
20,139.5726886166666,295.89266302430383,85
24,104.7027608037885,287.695312378957,85
27,132.86554163717662,310.9637905189908,85
28,8.441037060524959,349.5589464421687,85
12,192.31321801836089,306.3599136856633,85
30,220.66413672407288,257.427454121113,85
31,172.61001672445602,190.04430153084044,85
15,157.77463567407744,181.143480905141,85
