id,x,y,portee
2,232.92319801983558,202.4754875427679,85
12,233.2744007783652,208.5426465169596,85
15,169.2930709580695,175.51842204078616,85
14,182.99130356974004,113.32102107304992,85
7,163.91973422086227,51.54309809832169,85
