id,x,y,portee
1,343.9712126874877,300.8042282308543,85
2,339.414207454377,255.33993675626803,85
