id,x,y,portee
0,17.108628819721527,193.05146875673884,85
4,24.87814091292906,246.47132137353884,85
5,18.48807621032561,182.5080466050622,85
16,38.728830460357244,187.27801990209835,85
28,64.14659437338533,231.38407579466875,85
44,70.50548457060474,206.87863258339374,85
30,121.45460980373518,181.98097899812404,85
9,138.9867720058941,231.73085222906104,85
22,127.29755260066239,187.4492536425385,85
31,132.83246109369435,150.28604405645896,85
33,162.88356956477955,225.03428494909323,85
10,152.9635772010136,275.84268055094515,85
11,130.8193759991047,288.08946528443624,85
37,162.17366025510032,257.6977291612156,85
20,191.90546625988208,114.67310353577432,85
29,182.940118345573,112.04863210062443,85
24,216.28483939351884,192.5807635706265,85
32,203.95644411791247,298.40838453959975,85
39,181.3044457228446,312.7386284328,85
27,248.3631872659005,77.03222614935828,85
35,254.18424708160197,86.67072617048244,85
56,197.94890122061864,31.05141650205284,85
41,264.56221602530206,211.3838963438044,85
52,280.4631286520701,237.86804767212232,85
21,135.32504177187255,18.432343926950313,85
7,305.49565796117326,307.8384768158964,85
54,76.88336146353136,25.882102296931663,85
8,292.58940380228904,362.1261277149374,85
23,302.6846194321902,357.013083166365,85
48,280.09146434206804,375.91082918782075,85
6,309.17148970037977,433.80628271490974,85
25,256.99367801318266,423.8684550765719,85
1,365.8350941900907,476.6082987949665,85
18,229.9572958646324,459.29562197743564,85
19,215.38573660124587,467.367587705291,85
36,215.90657073666253,472.4418792868965,85
15,436.12469881002727,490.788917791242,85
3,182.2971068187352,480.0344140263642,85
47,178.66845986354312,477.13820401362483,85
26,146.67729017485087,489.8106054834283,85
34,90.04370734883032,494.8745893274239,85
