id,x,y,portee
0,398.8227283744647,441.3208005655674,85
21,473.3245283575848,407.6786378962445,85
25,463.8560900780995,486.686587318328,85
37,385.146832087731,439.5682175327548,85
42,447.4587480008505,405.1391834666839,85
2,429.8043113387296,353.42153507689477,85
23,360.2209192072057,327.93942233689506,85
38,433.61159972028656,275.6576749614683,85
51,421.54299198153785,282.8484032073588,85
3,313.2090131299507,262.5115778902894,85
7,299.9081141211342,309.4331535889245,85
11,299.3291618927313,271.128640728018,85
30,292.5445717650056,297.811429147719,85
29,388.1708279497656,210.19324469494305,85
44,394.43471096651103,212.5588008560037,85
14,245.48742280293635,271.4966664181846,85
47,245.50460894188757,329.75278460573634,85
50,281.0165076193052,366.1043843737285,85
5,242.31163418705066,208.23945528738375,85
15,471.71941954013585,195.95888862673456,85
20,374.28856256175663,188.8596073527124,85
35,354.8410208404496,173.44565098844257,85
12,205.6117833598934,252.9480958937837,85
27,204.21964958717098,343.99782619651154,85
32,206.37411871875582,340.9621780482143,85
40,192.0443517784975,340.68994306442545,85
24,238.84691713541213,435.9449467472078,85
6,188.4274557884577,149.48533624423365,85
18,197.72932455439468,150.83481333321618,85
39,283.0365979514661,171.27559534019605,85
45,465.4037718914849,128.981857584263,85
41,320.35553251073173,138.72283372638145,85
17,146.57015169374105,341.8641713505688,85
19,160.51699669086167,366.9729834598632,85
10,110.1274808229244,356.68447230772114,85
22,287.5183567433614,496.5820282707176,85
28,260.788971203871,450.8054114894585,85
43,232.84305065866246,478.076852834069,85
16,199.45171324722034,66.86640238203134,85
1,268.180722842018,80.17734342395855,85
48,63.20598165111624,339.99356651206944,85
13,166.96611796181514,41.86515442619704,85
26,182.12792371096225,43.85045823451939,85
31,271.91201058765574,7.131441698105034,85
34,309.9776279214931,19.71483668457613,85
