id,x,y,portee
5,38.73645615305576,355.1712602050186,85
10,22.74007857717003,299.36360476005024,85
14,31.124694299939136,432.3921077990002,85
16,30.722580966480283,497.60440253812965,85
21,90.97896362000468,493.63449053308574,85
