id,x,y,portee
3,386.86370059726147,384.54203397738735,85
9,371.53676751365066,350.7064365101155,85
