id,x,y,portee
2,285.6252582368209,76.23499975028797,85
10,277.8795873027502,88.81819809544555,85
11,288.7888980099687,70.23026588365677,85
