id,x,y,portee
2,13.33961533835476,376.2222100409148,85
3,18.613284626656622,317.5215544720837,85
18,42.57024328304143,341.41762651268243,85
22,61.01129450881865,362.7847730731746,85
33,47.02369127540901,378.144458346402,85
10,78.23667529834243,257.146229065619,85
7,101.75523592376967,367.1231267076666,85
31,40.79346367431036,191.96386255039926,85
34,130.89280966526974,293.1338710661854,85
9,88.84807501893188,145.14473756966066,85
24,112.24676371667786,147.72789104889733,85
