id,x,y,portee
7,154.03323346082266,235.22303013645163,85
8,105.94190214985932,195.46511567188656,85
11,180.61071211826774,300.3244645382129,85
