id,x,y,portee
0,251.27520381872986,268.27030660578026,85
6,268.80770330139165,266.339942850009,85
11,256.1630045969335,193.73287873836537,85
15,283.4803319227352,220.9688151156271,85
21,184.51819264999818,308.9057851185208,85
23,255.87126989146458,234.4540861001087,85
25,212.47554064498553,330.17884123203083,85
31,261.69484614089856,216.49902172881653,85
43,226.12684451999993,321.237267493142,85
56,275.7361248463637,273.77743283008385,85
5,300.3422894480689,139.24950522763174,85
55,348.70173589124863,179.03885128170893,85
32,217.01104626247502,355.4941334395087,85
53,137.22636712204866,315.32139150936956,85
12,334.8669417976612,70.04875411685369,85
35,372.4867779937099,248.1844321283636,85
44,402.49989814959594,143.79218704601172,85
9,177.21658069156143,417.2419581838495,85
39,92.63406698703774,287.39312622112453,85
42,83.20219144631835,298.9825038705481,85
10,397.27651497053375,22.79406760703562,85
38,400.58587533897605,78.1520606982874,85
45,320.81274586755535,42.17699805576159,85
46,276.93625669615807,10.98333327318446,85
47,388.1106087940069,30.85378873812772,85
17,430.33513196450895,296.785876751405,85
57,452.60715067627183,231.79778086078377,85
8,417.8123876313003,89.80970023374124,85
40,451.8063510795118,200.4194020770219,85
7,44.95161075818655,302.65538465117174,85
14,114.15947487170425,214.6829403619972,85
20,45.4183601265839,345.52090446280454,85
34,45.072827778958825,351.8888817201401,85
51,110.08897598352225,233.94995741239677,85
50,8.180067181835337,316.9342152989159,85
4,204.66082296874748,27.302588760791448,85
37,227.8820526772242,60.83766709116889,85
54,209.4802967696246,4.0323518433621475,85
3,490.304239411319,337.956867426661,85
24,451.3421991436593,320.3705319807212,85
33,439.2342382695633,334.7252447494507,85
36,488.8865167000621,337.9713577623143,85
18,482.99272554622894,55.66800918765475,85
1,13.759902239784738,231.77717824399312,85
22,150.80531701306333,153.15734697227552,85
29,163.42208746063957,177.65336987271485,85
48,33.16593995872985,203.46249315168774,85
16,41.71975007105211,428.3446397538631,85
26,157.86552428544482,10.832088702967646,85
13,119.91967159016953,102.6215377567405,85
19,53.65266057008805,440.13851645909546,85
28,91.81112939639796,436.775996786639,85
2,119.31045723598594,4.376072820641008,85
27,76.24348345724059,0.31814343109176635,85
30,46.13515566745918,84.16340923268584,85
