id,x,y,portee
1,246.66675144700056,64.36383577094202,85
8,252.8207609789524,144.65197270665757,85
2,232.93053044960382,199.87628928647223,85
4,231.04865012201847,161.69305684842828,85
