id,x,y,portee
0,369.050537966632,275.1714749916624,85
7,414.94382828378406,301.2607880615732,85
22,347.8629743764608,219.2929564120338,85
23,381.8690131176596,327.24566281443185,85
31,292.49572861641104,309.60428233198365,85
35,299.94419379022054,298.2455003795087,85
27,288.07894526530816,201.86043742886102,85
40,364.36526760529534,378.0219644890915,85
5,270.87602788778514,324.67373949091103,85
24,281.180973381197,391.3546537260061,85
16,225.48643243911982,210.92536974472625,85
18,297.97768754789206,124.28777851875378,85
21,248.7168045119459,217.4978884747577,85
33,205.64531887794752,222.09706142836143,85
9,413.5604895201464,440.34345477414627,85
36,417.29189550085084,407.57270001262566,85
49,260.6226731243165,388.7584458389814,85
10,292.3149668241636,439.93043313011987,85
17,261.9891079543389,56.81765643656889,85
39,285.6527745851979,48.807170104090915,85
15,456.1558948918639,401.6876321314047,85
34,367.68585109311516,494.2359573286863,85
30,312.52942551510677,24.55551159431063,85
48,236.99342364367547,26.250712537577826,85
42,371.95535893370345,2.6979689013849617,85
13,431.7681931762549,41.182821452680486,85
12,394.85595014486256,109.64027999548782,85
6,434.18663662042314,183.39126835152763,85
32,437.8243960012058,161.5884834462669,85
45,430.2688166616734,175.1453370825561,85
