id,x,y,portee
1,429.3015622155065,85.68246992723921,85
7,423.73808310237104,27.974589488462044,85
15,482.0887122428412,148.78816704987597,85
19,494.7966558432779,56.37602372584821,85
