id,x,y,portee
0,172.52572386732385,279.48528580888217,85
10,155.17413758450738,272.7405877024426,85
13,208.35794447256794,348.5693298993103,85
20,197.24481641397966,345.68814794478567,85
21,163.70075428497927,294.5036652575698,85
23,158.37536917032574,272.04704065955576,85
30,224.25721365985828,288.18951427924713,85
38,136.17139507729786,301.9816567224204,85
25,117.74305621591108,212.63613677868793,85
6,167.84931038160667,413.652180684397,85
39,286.13193490869315,339.1199433937355,85
49,284.0198416185232,335.89259269328943,85
14,246.52549720542748,211.76672270201757,85
1,60.75950071414865,188.1807934080038,85
22,34.75588675082031,230.93546847469716,85
27,41.26496981182315,247.35726396367951,85
48,146.14049085619584,145.16772661236092,85
36,154.28746567916212,481.6785917775943,85
15,323.8255124477686,289.8496236154472,85
47,338.344548037926,384.9242331132468,85
12,262.6559009740129,128.55206462583152,85
19,46.84116672328842,115.40431758021269,85
40,31.76248267481968,230.11692521701866,85
7,189.76520176458544,144.509372456411,85
9,171.27589402267867,98.3748270840289,85
18,170.67265756549432,131.13699825280278,85
28,131.55281451906365,79.23480941616879,85
34,179.82934077843947,115.90124116088707,85
3,365.0559239610717,261.6014774286252,85
45,355.50604879050184,239.44161061487813,85
54,376.8910062969459,292.9448644968416,85
16,394.07926533021663,438.18014814880155,85
29,306.119053715024,428.8023564444468,85
32,386.7775670483687,427.3041485063741,85
33,402.4189917374247,354.2270432849128,85
37,341.91758035021616,460.41499090443193,85
4,307.876418807473,59.018762966142,85
42,83.79882807962879,53.139474285881064,85
41,333.7957813436294,182.55897887375195,85
26,381.88333444978485,170.72536940513055,85
8,467.56617893887505,454.7151403434932,85
31,248.77976574753012,487.14343439835005,85
51,246.386507574681,459.48896939013605,85
53,266.1575846380354,489.04871497061066,85
5,470.4492070631021,334.75155248552204,85
46,470.40412735404556,367.09058468822127,85
2,376.04509048850207,147.43363498070306,85
43,385.60392678016706,113.29802827699919,85
17,489.4727261273676,427.2638312647097,85
52,421.3469788048413,72.8685520975011,85
11,436.98916989576475,11.607385759751788,85
24,482.23442911472563,64.2358646883186,85
