id,x,y,portee
0,374.15617409128276,495.64797591422126,85
8,356.6144072257016,469.8523320677045,85
