id,x,y,portee
1,319.6631167555802,402.33748875114856,85
2,349.96325585379816,341.17702365695067,85
6,338.6190602518841,369.21113405842254,85
9,347.3071818356657,452.92523425920984,85
12,313.09903160156585,363.88358323079854,85
13,313.04196900038414,402.8093911242411,85
21,261.10170167503594,362.98284155061435,85
3,256.3770659450254,465.562516690766,85
