id,x,y,portee
0,126.13141953500295,285.224949832475,85
4,141.18475926631208,319.4602983040263,85
6,89.55479275978323,230.2011556864657,85
10,96.40161106749694,216.1878381144981,85
1,75.90193021651109,139.83555760861148,85
11,150.5035777698665,158.48294175043299,85
16,103.07174225524219,115.26638418965373,85
