id,x,y,portee
4,378.84622075515426,146.48382996451502,85
13,307.5931869970065,188.74036968475906,85
10,319.7918315813153,252.9430415862729,85
6,399.0526338013679,271.8375366370185,85
14,279.86367146155516,300.3574538258625,85
9,363.40617972914356,348.85463818175435,85
18,481.821907803322,290.7996170563319,85
