id,x,y,portee
0,16.288746160718848,210.2664404762115,85
5,6.0559897769765225,221.81268218885964,85
