id,x,y,portee
0,71.70252501603464,290.39431730654223,85
16,100.52044877674388,297.29816846503087,85
23,148.37260494012418,298.9579350890969,85
25,54.280943258618095,279.2777307939021,85
33,46.07596917404933,328.23165198993246,85
20,121.31947936747645,220.43721677028,85
30,186.1956381680878,257.84392953184744,85
6,40.94312235610731,392.4575471239336,85
21,22.207875222786832,409.771097489151,85
13,130.30968851742446,157.2912045253445,85
15,108.57198138888985,150.8118202279622,85
7,69.12703962229011,425.95687777329664,85
31,65.1615853393187,480.1787944857898,85
2,141.41793002516812,88.44302391283709,85
10,64.4773883962091,116.39587241592875,85
3,37.26490939767796,132.41993771039722,85
24,116.46829924243785,477.35816578496497,85
1,65.1085413659781,52.204984796292045,85
26,80.3401214940409,57.538468417090485,85
4,48.2894738263201,46.22935160581692,85
