id,x,y,portee
0,92.92281075268465,207.80386915456828,85
2,39.733996945685135,240.40501673059967,85
12,118.48662271346683,222.17834618882281,85
14,168.50014131357804,193.97862844420004,85
15,58.20759604182096,224.04025559108925,85
