id,x,y,portee
1,298.5647839399208,204.78933734026094,85
15,318.77394558458366,198.0165534339501,85
17,312.4748253474218,141.95716160677046,85
9,250.8267540269012,120.893414606413,85
6,197.08292264167875,174.28934397844736,85
22,224.9422443610488,77.4346164448686,85
