id,x,y,portee
2,444.3150429018812,376.53288947106074,85
5,447.6354731212717,356.33617431464,85
13,463.64960796953835,383.1166924337258,85
18,479.2101667603031,418.30139902800386,85
22,463.45616906374636,405.5466187561118,85
30,488.64015495037256,430.7308750315341,85
40,382.0212905218985,334.4127271288114,85
49,423.69447642013614,427.49171427772114,85
42,473.0489752612924,293.67801588542454,85
10,372.5602545334607,256.5246109990701,85
24,356.27991579083806,312.0438242436733,85
39,306.98104973044474,363.81891582082886,85
36,454.41611213451046,265.2628756939066,85
46,429.21540303459176,239.29560470375955,85
4,307.07169298656675,249.6683208862035,85
7,309.0637336474943,403.90369027746425,85
33,270.9674986916262,397.0421501134988,85
50,257.01206694875395,303.7506685056759,85
51,300.4762482815952,377.040427777149,85
26,407.7358147510445,159.78067707582866,85
43,252.5038824125959,253.62870278523042,85
48,305.3183224273091,200.3272675681287,85
16,216.27467947002492,444.3750543754351,85
55,228.75563165505469,455.8980638033887,85
31,173.46933922941494,306.7164012937128,85
14,466.52931160775347,132.26370481847317,85
35,144.34939706573462,474.89034504307295,85
19,153.58146086593305,311.60230495104724,85
20,100.77075339737057,311.5906571500232,85
32,147.17940858690497,263.06511226728543,85
47,92.67382575615134,314.4874080743081,85
53,102.56670402563806,318.18709817451077,85
21,108.66085979299561,462.89281673794017,85
29,106.2482945946932,448.92413588558986,85
41,85.37742095614153,353.2587844265329,85
38,50.41193777281167,245.35579735268965,85
45,50.15345830596429,436.9030961940896,85
11,11.474028156248483,256.9979249747203,85
3,23.215437089642023,479.6702588426541,85
17,5.46363633939656,424.231293525729,85
