id,x,y,portee
12,114.60713642711434,221.1957555347031,85
16,122.93246522676898,301.7846733265287,85
18,187.51109175077647,291.5592072245821,85
24,143.65004072678107,357.4277403894014,85
