id,x,y,portee
0,284.8931629597075,155.77664101223476,85
4,286.1671010140069,84.91011669563564,85
8,226.35178983963394,171.37969272377268,85
2,210.7799236607848,82.49113289751442,85
7,311.4726237550478,17.035996167935775,85
47,213.7089594964769,105.54384362973151,85
14,186.75254334959374,215.22498400825873,85
48,139.50976884099236,80.83895839920474,85
50,201.6941062332488,53.07088294518658,85
3,342.8328538533596,17.68041367361367,85
26,381.6254077895956,50.06349210673483,85
34,393.0376093309198,40.69548048270105,85
19,190.09698164937856,276.6769443336161,85
21,133.49610211453262,150.35186189427264,85
39,206.17602969742381,277.67917470388835,85
12,138.58931471173653,10.063400401025213,85
20,105.86084840940313,111.76531126547063,85
41,392.2301636379907,93.595025709992,85
45,281.4841062672602,250.07282281270344,85
10,28.211221121244968,144.27291469264537,85
13,346.8271746011525,253.89870691913646,85
30,359.74476217219853,249.4487786980424,85
42,300.3323551396452,311.6396511975859,85
49,329.68949333483505,281.9740263862429,85
1,43.530932403023414,188.84116345676426,85
25,68.44267630894174,218.3976063026395,85
15,401.9543576812279,277.4865935492829,85
40,396.8320678865282,236.75891148651152,85
9,345.6962820648035,365.1427783542648,85
29,370.630715326678,352.13440199226176,85
28,69.33705539950452,263.0249388010941,85
36,43.119190742698045,251.38461839419162,85
18,34.12009399734628,279.5136351134764,85
32,1.1147881960978934,266.7253229623444,85
24,430.06863158602783,348.6158238846547,85
23,413.57898252812095,390.8662396208679,85
6,425.44713177487756,409.7435397938026,85
27,81.16485401036549,308.04779370081354,85
16,63.430081517440065,354.9700658752194,85
11,410.91189290132985,427.7376929555677,85
35,461.9156808116507,344.19803315606504,85
43,470.13487052824996,408.14771322823213,85
44,489.34281861339554,463.89882273809155,85
38,131.0970445308363,393.6189923752196,85
22,403.56972352963277,497.94276290749235,85
37,365.2948159015887,489.82689157097144,85
17,167.30230277275405,435.11030530871227,85
31,143.01446785444176,400.7392550759164,85
46,85.22052699782162,444.6899753118988,85
33,221.38809157616396,391.0727604673228,85
