id,x,y,portee
0,225.07957590491569,143.4863261420199,85
12,207.3899798216795,130.1834232990724,85
4,149.31869701074945,82.064542762947,85
