id,x,y,portee
2,139.04861873934388,230.76014555966884,85
12,99.97265859528099,295.74606307192283,85
28,122.81905281379957,255.236454824341,85
44,91.75938431257514,218.89027192786574,85
55,194.10723175623824,230.8108107736443,85
17,67.70063807269689,355.79338938482374,85
24,28.58417643755584,279.8998302139038,85
31,119.53565488174411,371.5407528365312,85
40,92.6583832224378,328.86268279655803,85
47,73.92873155698403,337.6221069644963,85
15,9.586656669133387,205.13956614447844,85
58,201.77526009224022,293.1476673297184,85
16,59.20767772171504,380.35377932459545,85
41,43.19996428723671,389.48913208228964,85
53,103.73039535116352,432.0416083287991,85
60,139.80913519832905,371.86729507854096,85
66,32.40885691794648,379.05314891755745,85
26,186.9182543340857,370.3936839586217,85
56,185.02312731444152,361.11528880876546,85
59,101.54133852515307,434.49253726334365,85
32,44.29943330147357,476.45142258898676,85
43,91.2302284196369,475.7435273034138,85
9,211.84912459886536,419.0447324005603,85
20,215.88939826709358,427.1126033333071,85
42,238.4882927567989,411.5694161481151,85
52,252.24536053016638,421.70268509881384,85
7,201.15514628727138,494.98903991937385,85
38,266.0206838713475,474.1049326122858,85
46,278.634726058941,387.6308761582828,85
61,190.61537102119735,481.0103765968572,85
