id,x,y,portee
3,247.88477966944566,246.26706884781441,85
11,260.4235575005898,273.84128638647195,85
12,243.01616247287166,195.6867465031566,85
17,248.82052940580513,292.7234679167297,85
4,260.43236344762425,143.22200701252495,85
