id,x,y,portee
1,256.4239166215996,384.1641843203892,85
2,278.94076210978125,348.68224081650465,85
5,211.35143787491495,338.4395055131723,85
6,221.14154727771697,291.46303306392724,85
10,332.59252309131125,316.213886519207,85
3,210.3361455459871,280.6379918029699,85
20,210.4517399501782,247.59831263520377,85
4,132.8615934619833,213.68835946031916,85
15,96.45424568975575,266.7193935247947,85
14,82.73413970037092,328.8955885162429,85
16,49.32562812353319,247.97595282073726,85
