id,x,y,portee
0,160.62744995158386,145.59002362385775,85
12,173.34792771527847,65.7700443845623,85
28,171.3979063806556,75.31426705241955,85
38,173.81768217984649,104.32555715541825,85
41,200.04119370052143,188.06467984517778,85
46,175.85285730242134,115.41873099422162,85
52,148.30003514679984,40.84559613852279,85
53,194.80099245944837,266.4444387521099,85
21,216.47297088120848,336.9614616217096,85
44,274.4002224743915,288.1359424819071,85
55,130.68376902294133,311.892841098138,85
18,289.10904454442874,333.02327282928366,85
29,139.4441050364963,359.42320679689306,85
50,133.53468821598526,326.1781840540305,85
8,299.82066451317286,272.80129429920044,85
20,327.6134592097238,352.6307905957072,85
36,290.62735996609854,218.36503778916187,85
57,291.69871253346935,268.9172329024123,85
1,63.01339412692636,324.24661706538257,85
23,87.11080505648883,385.04978001906403,85
37,92.61295524487062,411.9861839098225,85
26,354.33573133324694,223.77044156997684,85
54,328.85120446098415,216.2888490049833,85
65,294.2945878109114,193.09313604491297,85
39,363.6992507772784,374.8064763901409,85
58,343.1083608171491,430.1724577060147,85
34,364.50936898772534,203.52863891152006,85
47,45.36749413925539,306.36065936079854,85
11,55.72567700162006,421.6918326310102,85
63,88.06009657704949,455.92443327340266,85
48,28.72831581740981,452.2427683619863,85
64,396.79624957540756,224.45587210743022,85
6,422.98288219516235,326.9946401537742,85
31,416.90561630867325,346.60719267752114,85
56,262.45168285741283,427.62796263706946,85
42,10.02851568059998,254.08957060595088,85
45,17.731139784974314,475.6990734727642,85
10,166.58002662088052,478.8708623860675,85
3,454.42370252304255,310.1781253086484,85
22,198.28318096133697,430.44343288339223,85
7,15.215924374620048,202.5616158779211,85
9,65.49113784866233,219.75419999492112,85
15,174.26630638252627,490.0901368042309,85
35,494.5566260875309,267.16540886400253,85
5,17.118910896289087,135.5378361708876,85
17,29.507976599534913,155.59082854040977,85
51,5.998883684334544,127.08697494416171,85
13,108.77979058519178,225.8050324547633,85
