id,x,y,portee
0,345.7335903078283,283.1064344381762,85
10,309.7822927157696,336.10535369960303,85
24,269.6387355267059,286.78821128536737,85
28,371.21034517111764,335.96380108811064,85
30,305.9864446644666,246.2107476812661,85
43,329.34744631742853,261.26141403874107,85
3,194.07191219878794,285.83382922597104,85
5,203.95065783481664,308.9461312235761,85
26,298.0652801362591,204.40986856543785,85
34,295.66256294656574,168.134109095305,85
20,155.01342469270347,237.64975024376517,85
45,170.89294302307795,343.72232216704464,85
19,243.5586832398708,174.72598937385035,85
23,357.7183770033001,156.56203229716,85
48,223.47818982715262,167.67469539311784,85
57,267.4692956479889,119.91024200407851,85
53,116.3316715864413,250.82795908399373,85
15,201.9202215440295,102.79466525030418,85
16,219.75935018750005,118.72828568136956,85
51,378.1080292313598,127.65519502680883,85
42,450.4099257820825,113.22929162835754,85
36,497.6169779346694,164.63429071076945,85
38,465.03723806345084,170.44747115774152,85
52,499.66407118541093,145.40463870171462,85
56,461.6333253235742,66.30544869976468,85
2,487.4985321800029,193.0275602032167,85
18,413.39632508577273,34.503531522084515,85
31,421.2421050077199,29.382343961738222,85
