id,x,y,portee
4,83.17462141446386,289.02373240052066,85
6,38.649264479617415,224.9675057066508,85
11,131.24409411528015,341.83496093168884,85
14,56.0643500755606,260.91068828907805,85
21,133.9335521925123,236.78575591840513,85
17,208.49192468980627,310.38096301797634,85
