id,x,y,portee
0,144.19160005469638,320.2396770456062,85
2,109.92090006848154,298.68719133780826,85
4,179.0076547303564,273.46097345329673,85
