id,x,y,portee
1,245.005004213526,78.736543068549,85
6,181.23417039217094,37.20253581092181,85
13,202.22942098127146,145.1328977878125,85
