id,x,y,portee
11,236.4301015535879,145.70335883085832,85
13,217.67085702175905,75.62402877125335,85
15,193.4337414818657,106.00702651137772,85
16,204.78484683753777,151.6058287025591,85
12,211.42015181035833,53.16903498711573,85
