id,x,y,portee
2,372.16831625802894,429.81925668255855,85
3,431.4220815928708,450.4315957861482,85
13,397.1109093576095,418.97926430837526,85
