id,x,y,portee
0,134.29567748929304,447.1790782880335,85
7,81.05051090076259,392.123711440688,85
47,198.61571612674516,442.6452083727355,85
54,124.01993382779914,483.56229546117095,85
18,88.0219257767969,320.01894530991,85
23,31.567462589791372,430.0087677732927,85
45,146.86746552252782,350.6426706977595,85
52,66.36452572624336,375.3257211765485,85
13,262.58714377185254,387.3124198224515,85
42,238.7934918866884,397.9901335382868,85
53,270.7345233825137,416.14691547071044,85
10,146.8604291990751,273.7338168847824,85
21,158.90344324068823,332.8770224109788,85
6,5.331861382103176,476.87266691009387,85
25,301.510110099166,335.8692657124603,85
30,284.3224272529875,378.85775211176207,85
57,220.998969481992,248.33941950571793,85
33,324.1787541837819,294.13344870907343,85
50,235.76528326555007,286.5163918313162,85
20,320.86889595567857,240.12708589638447,85
22,398.0656894942489,293.8937586068622,85
36,337.0451975919059,245.1916053783121,85
49,398.95164599642993,299.9519066092467,85
14,397.0992371013897,207.39256648801756,85
41,306.0709902566806,172.17311510310284,85
2,464.5697661401366,244.64676777460375,85
55,459.53780062873244,285.7022044795811,85
17,406.9548762859613,132.9273450221486,85
3,337.4379215397602,124.6228857669271,85
4,360.3780838396395,127.38979422905444,85
9,249.941654552315,141.58149130529458,85
26,315.232097821276,102.52787032167649,85
32,304.1104439249544,108.62309040071172,85
34,484.2679452756967,332.1451958554026,85
15,460.3579859754537,99.03822081149876,85
35,485.2498812036227,124.1514937238803,85
51,477.5172645392072,110.60837732498385,85
28,235.5441266227849,100.7574243233303,85
40,491.60219966405674,110.2058395307654,85
29,208.7517047235211,24.682558970053226,85
37,230.60245230569836,57.62887621380786,85
38,158.05759725665348,132.94380059103855,85
8,110.63438606115905,118.2137214767171,85
27,133.3199002827243,68.38224479785299,85
31,133.55954703007222,151.7290724830242,85
46,80.98042510391784,144.23788333670205,85
48,76.23212683979946,208.80754832323885,85
16,12.367274862660427,107.12629575880133,85
39,54.50588910297871,210.93474942196772,85
43,32.647396685801574,234.05506412686995,85
56,27.69620702091491,242.16234200337132,85
12,0.8997683523742084,100.28747294416269,85
19,24.688145639945315,61.152563365937,85
44,21.563786143123988,49.77639003668044,85
