id,x,y,portee
2,202.98226067736118,249.67185437951196,85
9,265.3006637997611,255.9340364856965,85
13,313.34600606073695,295.42063338383184,85
14,384.13581498669464,267.08304194644336,85
6,400.01199090581906,286.1894360692425,85
