id,x,y,portee
3,361.6276670660832,227.26191687081493,85
4,295.5496736081807,231.91209467656893,85
46,407.97238799843745,166.84655278054345,85
50,343.59320062156013,279.26349367167614,85
18,281.0000224831041,305.1777991345384,85
53,288.0073957906569,295.29367827462676,85
55,240.34685635738208,181.57116725237822,85
16,423.72245185239706,146.97767718220433,85
25,377.5067502516083,89.33069487431922,85
27,457.99460082962827,146.51901777881005,85
65,458.2619965745918,158.00036845908681,85
60,295.09045735405533,319.9527239966542,85
35,296.61058627651227,123.99433263885268,85
56,192.68233642762013,229.30809253183577,85
9,335.43066358208546,83.90122589018922,85
14,410.92801538899187,49.13997707428269,85
21,397.58535454246004,22.262044438049355,85
26,351.86422987033615,35.83649290747481,85
34,346.414432930256,97.61427721927768,85
47,338.9716737870158,57.66781755332329,85
52,345.2754791042386,67.63001567974186,85
54,330.5866428669089,83.79561457845736,85
59,356.9017398835113,62.513332173260714,85
39,283.46166155992734,42.35650646225858,85
7,163.27794185022532,218.15662747787889,85
23,222.2052727640345,69.27953661887514,85
8,197.93188311126286,74.25345206326811,85
37,171.37775221668184,10.334865954878868,85
42,199.9194498980383,0.05547319596932443,85
64,161.48060043960183,14.302732821495246,85
30,88.24034127729868,6.730014910434456,85
41,17.692044515986606,35.48777805168763,85
