id,x,y,portee
2,343.96663484385084,146.38190081428186,85
8,392.5173830492409,197.5624353404214,85
27,370.0482540896328,140.772681530472,85
3,370.3114544629486,231.43790238584012,85
10,465.5440528543518,160.52227431307003,85
20,466.5985594760153,172.03182916885567,85
28,399.9629485564158,281.46973361617637,85
17,313.1144464352969,252.5347409498384,85
