id,x,y,portee
1,316.5117441977626,128.00350673842658,85
6,360.79977502291234,110.34783822164063,85
9,312.7090502191632,207.62979478282944,85
11,360.14235671603274,186.63065979986692,85
3,247.90091695006862,221.2149511064737,85
