id,x,y,portee
2,446.4533581864618,391.66573586281925,85
12,466.6361420862538,407.4410219793247,85
