id,x,y,portee
2,46.82545594818438,287.17293504901784,85
12,31.29950403756354,287.25877045132023,85
15,82.79214422699671,277.7073818353223,85
9,122.31563616391134,212.95820356616468,85
7,54.30520463536259,196.7046386400171,85
19,13.919743773425475,140.30646022420297,85
23,87.74964899509813,112.50718187007935,85
3,120.00665679405043,94.65740879820767,85
