id,x,y,portee
0,102.69819318325507,16.334359725785287,85
2,116.44550974206675,47.29332278104803,85
28,107.84134658948685,60.3038330527913,85
32,137.14605014474108,77.8536829131179,85
34,175.6093634422589,41.745842011168435,85
9,154.60594573858816,115.71795529548912,85
18,116.89172416436749,128.0861636839386,85
39,101.88440350339972,103.31299142027927,85
47,135.26857767564994,160.13253905077877,85
13,160.91036059524748,177.7180322068675,85
15,156.7151716631905,185.99116041260578,85
31,212.2751831373495,145.9903306096448,85
3,155.39106442192113,201.28629321415647,85
29,72.41229055696208,173.52558223305513,85
33,149.305174016581,242.75792948865677,85
26,270.04714488550627,200.27907878440936,85
27,269.4369059725258,105.7710327812858,85
37,250.3032153770525,151.15723175675427,85
46,283.9139796383519,178.20043147640007,85
12,36.119855710671445,246.39183962139316,85
10,117.59580937006514,297.6941912419982,85
16,299.39156782392354,239.64562945800782,85
49,333.715689812733,209.34735370750934,85
23,363.98301170548336,196.2726128589906,85
8,12.177065736395098,273.1796937402499,85
25,130.30962469232966,367.72126122176576,85
36,99.57555307890364,356.84546755612007,85
44,172.32293528760917,349.6697709510912,85
24,365.62614955634547,265.84513978561034,85
40,388.98669327029586,154.99922729335225,85
21,94.23957191075944,404.47189622227773,85
38,124.88839588007889,449.857125183017,85
19,216.3614437289365,366.95109950897086,85
6,433.4130032356178,297.7529821742774,85
43,430.0879665537216,258.2434564944189,85
11,364.48094968284033,84.32049380832967,85
41,444.8137059969977,113.00160500884249,85
50,73.22176288463406,457.77063436910174,85
30,228.48522172549696,418.1403349650023,85
22,497.8185714255659,270.65472627443023,85
35,470.1245234849744,310.02583990881203,85
17,377.9543880995804,60.79136215516051,85
14,487.50203764184016,90.88979657030205,85
20,277.954408799425,467.2706358600211,85
1,405.38373205524925,9.528149545300957,85
4,421.25569732219384,19.278985833707075,85
48,333.59294779957145,493.3962779677727,85
45,368.7761018464357,481.13952910216017,85
5,410.5839696838282,454.31388888394173,85
7,417.38324947312503,477.4645943872479,85
42,388.9419317299303,406.3203826586452,85
