id,x,y,portee
6,115.55451738874339,200.26636702532085,85
9,90.92307781571473,199.0739967968394,85
17,80.60977048815843,136.89733942583777,85
19,64.00935661073382,179.17280336065693,85
25,0.09829157755703033,162.5487210219847,85
36,95.89255016641313,59.863310318569674,85
8,6.598089914272743,215.34345238655973,85
20,54.35333382898594,38.057790179503115,85
33,14.654717887286672,42.58718077541751,85
