id,x,y,portee
0,395.6776864449899,281.18331755660955,85
1,354.3774492457521,308.67036990776137,85
3,381.22373939266515,329.5000633648286,85
5,398.48022030493416,257.97331381602385,85
14,363.01146930398517,244.76351838925038,85
32,332.2391785426432,323.49427645578686,85
49,328.80306215863897,317.16157048415107,85
2,326.69856034782487,366.68859456188625,85
4,300.4624945724769,335.63046065114673,85
36,378.38344327153817,377.0439057286274,85
28,456.1310979852787,342.438093499113,85
29,377.455571890279,400.48415149268345,85
57,477.0740356830638,239.7811507928573,85
17,284.2393249301661,218.5543293472519,85
23,281.03851152465506,247.31608125422662,85
34,285.6825890196381,396.28662431595194,85
24,239.93904453009335,311.3292590191914,85
42,497.91838885332396,161.78266516169487,85
18,173.3682174755327,330.3835081039303,85
43,177.70577047956536,276.95936518930097,85
51,196.35823977449985,307.44869281999354,85
65,193.4221730240606,318.10322521958415,85
22,127.00176764061416,397.354233847855,85
33,107.4721706139013,334.5322956343885,85
37,166.23028500127745,375.6924128176012,85
60,143.09908466787013,279.40208986173496,85
63,200.03497994681484,387.4798074646329,85
64,105.90799727102174,300.3630032754338,85
66,97.94535573163243,310.79363255072,85
39,162.39504267714815,238.92945304080442,85
19,144.79138739462644,444.01490561422366,85
21,126.72210516783406,427.60219478711565,85
55,103.11150920008483,223.02941567482858,85
52,200.27952276465427,469.15900918659383,85
48,20.832518072651407,333.61982197553414,85
62,211.44912824713379,484.3071488502241,85
54,56.487018988522934,208.61144804270043,85
58,32.09149617733842,178.1414084819744,85
11,2.0386315081984963,230.14470072315618,85
6,99.80415621859984,134.38855801025085,85
9,104.05395213627833,126.19812695998527,85
16,157.67186525644695,77.59498103565015,85
20,174.49866713562727,105.34206526211764,85
30,113.0185281403397,94.79853555338158,85
44,155.56729031257538,78.6449062967543,85
15,184.7032089240241,83.26521286925242,85
27,188.6204803540259,156.19865295119916,85
45,258.0662685020339,91.6206925393016,85
46,217.07266426055693,144.98488189397025,85
61,56.87219821153955,32.54143131327597,85
12,114.98551176728394,4.019429645786554,85
25,200.10828277236598,3.7545687949594453,85
59,232.21690977349513,10.852106822146656,85
13,67.32931565864064,5.333936140949957,85
35,110.46038534165287,3.011051927330255,85
38,43.69212533741901,20.34693498661433,85
