id,x,y,portee
6,395.19314702081596,183.79302738319043,85
19,368.8532617233909,180.97673563790394,85
25,436.4962514495956,201.63872140882378,85
13,482.1646447084379,247.05463319180993,85
24,476.9613740424861,143.28378247846973,85
16,431.80173455620525,299.2459783559236,85
