id,x,y,portee
0,101.81313110964501,62.778468895883954,85
4,114.94035609531555,137.64982897341287,85
16,86.46809832541568,5.270102551722056,85
21,33.1631791389056,70.29234691548054,85
29,42.808602796106044,122.12770869652945,85
37,60.6482621808882,16.45904428958589,85
17,181.47108354385483,112.55282684856871,85
26,149.14592511233465,151.16913851777446,85
34,12.57084621385457,112.01408882423685,85
1,208.37222683422047,112.15037515679404,85
3,208.84888373372058,133.66784692653866,85
15,283.06601181859,113.53799677089339,85
2,230.25541267767446,206.26436429832447,85
10,300.2422255296955,159.49732428632345,85
30,317.2734925588914,131.77262967131054,85
43,322.5375423329483,66.36310560787462,85
24,256.7997415308543,246.12225423634533,85
32,206.49383003621784,256.2818870596932,85
38,236.96149963431318,227.23150971029017,85
12,327.7049323882481,224.97077190786203,85
19,368.2991004338313,183.00385763676897,85
18,370.6413711038726,54.928395359942705,85
36,190.06680797291392,301.0172393068987,85
27,406.54570983669356,159.6235896775434,85
28,420.93582161518503,221.94050757881735,85
5,226.6563213923239,351.2532950305868,85
6,184.5169459585246,366.1098956117715,85
41,220.33188144112725,370.0758392069707,85
14,467.45744819889944,103.303567936685,85
33,403.5436097197525,274.48271656276296,85
40,496.0806882804551,243.81690948515555,85
20,250.2042926254753,398.9697094436484,85
42,259.719701529175,398.2762573768524,85
25,496.696784692126,63.6464016862312,85
31,464.2174969453812,84.41957279298634,85
11,426.5953782726245,340.3309909161246,85
13,441.2652229377722,309.17157608497143,85
23,414.4631311979624,341.4316693827451,85
39,371.6914605386798,380.9784416441825,85
