id,x,y,portee
0,47.93245743275587,197.39061317399097,85
1,91.27380105609039,233.74715849624695,85
10,59.48928277525406,158.43217215960365,85
34,164.33565627151515,257.50697189476483,85
11,224.4591028045701,222.2518219679137,85
22,227.7638670203817,274.870701357234,85
23,156.69125016553153,302.5724317138256,85
24,233.17245351486665,253.6629014511516,85
33,196.79201271871267,246.01183431390223,85
3,265.52453216638975,219.86561079399476,85
5,273.4697779862867,248.16795665384555,85
