id,x,y,portee
2,412.9351035612659,99.42695759217418,85
9,481.24113066263504,94.69272971741377,85
13,364.9947468673275,95.50213960456722,85
8,323.29770763010174,143.16163032065364,85
