id,x,y,portee
0,96.31754818313925,204.56495747812002,85
4,40.341008982250905,244.70164214316975,85
5,92.45484967186907,269.577179541699,85
16,131.43097145674793,147.79785237602022,85
37,98.73934983569055,127.92014803040658,85
39,116.39712709916611,124.8039883383461,85
44,110.31540895113679,284.8661453737445,85
2,178.62680308426448,148.78837561366893,85
23,115.78656095321615,63.086616380178704,85
12,138.77542315171425,49.792601592938915,85
1,214.11379797989377,173.2326985606719,85
3,261.3049644572726,135.60999756932185,85
9,143.65721180143797,4.871103846125491,85
22,154.62918849941286,25.328768343640505,85
17,263.24393789150423,107.92276061444251,85
26,266.6852563572006,165.31959805859447,85
19,300.5900255462192,72.33649075359288,85
21,315.7227531952223,133.9830393322604,85
33,361.1914920696805,40.0902839620656,85
