id,x,y,portee
0,22.739539446504253,322.93903642979893,85
16,71.83082237505828,288.26678874506234,85
26,50.149983589612035,211.02889956862796,85
27,36.82630597433095,221.2418421666234,85
9,32.28282593199516,133.95837978896625,85
4,30.102380678324657,50.84910457351744,85
28,0.8160867669337324,111.11286397389702,85
29,97.41012711652186,123.29579134371122,85
8,124.45558100757015,76.02648214318542,85
12,147.32009827040156,68.7024427541339,85
19,163.1208245823289,77.88051121551388,85
13,199.8020446979067,127.66530648390257,85
