id,x,y,portee
0,172.99441754072942,59.55050477766799,85
5,143.72042173932104,28.453513211673776,85
11,192.88273680066104,107.69813903303144,85
14,163.59843871934643,29.830904373013556,85
3,165.2713317290862,174.34484859925635,85
13,260.62217761791203,131.95693491688044,85
