id,x,y,portee
1,217.08734304014794,33.389741614795575,85
11,296.2090174103623,24.110607513354033,85
16,175.48712659543847,24.53427623996618,85
17,276.77567256199256,49.93619791594628,85
19,169.2156871191183,6.042004337229456,85
55,298.53976456583825,97.63097814858645,85
28,115.90690612079807,50.74254973874509,85
43,116.4431280498695,34.093902736752,85
64,159.20567543513164,98.43533644948177,85
47,286.1826018560432,126.37457854086998,85
15,339.83330504600855,130.34879078762134,85
59,375.1639210042271,102.0664363894092,85
9,102.08084806811135,131.06698548525281,85
12,79.36458913072941,15.715069461945564,85
37,94.05180327900425,102.20904257902819,85
40,79.04319462625664,56.50688825557254,85
54,95.00748816063637,95.34217324497723,85
67,96.13582830323875,56.656255551152,85
21,155.7234004033698,169.20293769254891,85
27,130.70459693529395,171.88500983082238,85
46,125.4215648778353,135.43185981130023,85
57,229.72097856305928,183.2056810200518,85
18,401.94701839376216,148.65176401284995,85
25,387.10865435366026,30.951958445489534,85
26,408.83134207876185,69.9072353194563,85
65,65.23638977821028,169.17158839904906,85
3,165.99883175857528,188.1649824878641,85
23,140.50387083285898,248.6568142237499,85
39,169.8121953323296,185.95376356957615,85
34,122.38001791750503,253.51207053350717,85
50,249.44948755249763,250.65416624600618,85
69,185.50310419673482,251.81066589097156,85
31,478.0857716028748,108.52434992891102,85
5,38.18487297337242,210.94610797730158,85
56,61.396148057525636,267.9078275365692,85
70,148.49890999452032,299.9269391800911,85
66,303.59378271258043,232.84046661633383,85
6,496.44440362177437,153.97836283829213,85
68,26.946808871702476,246.088950695041,85
10,341.6546863447064,252.93636335046398,85
