id,x,y,portee
1,177.29267299509144,387.50877191724635,85
7,177.997850106386,379.94008039270665,85
10,237.1253752642894,440.14616431590184,85
20,202.9440138518878,346.8471284096745,85
23,282.8596155614809,470.2160802453345,85
17,193.85957499132823,295.97085334478567,85
