id,x,y,portee
0,402.5759574754806,443.1242989240416,85
2,365.50743443718727,455.20178283024967,85
6,435.019584279619,486.62122631815686,85
10,450.2168978057004,486.59837262632135,85
11,292.4476147502521,488.2325984092275,85
