id,x,y,portee
0,257.4616819076751,378.085317848804,85
6,302.34086932440584,332.192027595235,85
25,347.6164859679621,296.06897345544877,85
19,361.30160557252844,217.1164672196233,85
23,371.75587887321205,218.40879806763274,85
17,329.11283307434485,167.6571362618634,85
7,332.0405249868629,123.1410557721006,85
1,288.2373574843442,81.70242949071066,85
26,362.90686114825826,51.58249817409272,85
9,276.2753914962808,4.696860276787785,85
