id,x,y,portee
1,167.7806737743195,174.61681859594512,85
12,163.03054144314044,192.6146232772955,85
19,188.64683239104895,228.1700473746257,85
25,86.59358109891812,159.8358301934754,85
8,115.49887740262854,259.72491837508744,85
10,52.673699858559296,87.53656396245097,85
15,92.51390369749134,264.1549199208454,85
