id,x,y,portee
0,209.9380484693234,433.4997191326297,85
7,262.27093298194416,444.72427536262717,85
10,250.91592663270075,431.68372394003666,85
11,206.05699241940172,409.84845629441764,85
15,183.719458378499,499.7699141080996,85
24,233.37262650835544,493.75653093790936,85
58,153.2809255348418,406.23621482807,85
63,170.5675836616608,440.1580218001572,85
25,300.05242925499687,382.54479502286654,85
27,301.180358603829,402.84038148049297,85
33,318.12431415602094,444.2231153401025,85
42,310.02049450250064,435.56168259530943,85
47,333.4450176496663,426.1264865608873,85
57,321.41979040165387,412.3609745692588,85
46,123.68372463506577,415.8279722103616,85
32,76.88719299935032,442.29652260781194,85
50,344.557346053383,417.2756411557868,85
38,88.71791918690003,345.3213406908932,85
6,37.823658535340975,445.11657565983217,85
22,4.418348314715715,410.12091953293543,85
18,128.676363896315,270.88028040298303,85
55,104.79641913266774,299.44996486838136,85
21,87.42832249196641,237.32938823901895,85
59,94.60002825296854,234.43760392162483,85
5,41.74084928182076,250.67370434606968,85
61,43.25856801471956,245.887433115415,85
19,43.5999105585585,181.83950746373685,85
30,85.47161076686282,125.77894190320616,85
56,80.05513108840023,105.40636051709218,85
23,53.235206654772824,64.44699610214094,85
28,86.68601825102873,56.70080664045973,85
31,140.98238971330173,82.68797343029128,85
60,85.37369523827859,97.28931147399823,85
41,52.66983173196249,2.5578472726544565,85
54,138.3813842041822,13.386998822235874,85
