id,x,y,portee
1,108.67202951315602,499.11179822835544,85
4,132.60426137653246,470.1142050269305,85
6,49.05058900083487,485.39138976463613,85
