id,x,y,portee
0,56.81123291688866,95.5291835451229,85
8,103.61706507945296,63.48029104161396,85
13,118.53825178069904,90.42496082676021,85
3,126.0039202966125,12.286542824877012,85
