id,x,y,portee
0,269.9941994132885,133.94845485606754,85
8,236.76594448802456,113.70614617202286,85
9,309.5210971839854,104.03969927489631,85
