id,x,y,portee
2,361.54479002608326,366.2059079385896,85
11,441.70084498340225,343.0966274151405,85
15,285.2760464011231,357.09036017123725,85
9,446.1535318881379,404.0047751850888,85
14,484.05403807299643,379.30066645771046,85
17,487.4753328540178,399.1956652437724,85
