id,x,y,portee
0,56.68260938159331,186.29806723989202,85
10,2.7714937990169775,203.47436436526422,85
24,92.51699599026986,151.59085027438974,85
27,43.105791881146885,217.20651023930864,85
8,123.05059603716023,75.0560781115751,85
16,135.7526180018147,223.81940101137664,85
33,139.70089112656603,84.55252506488293,85
5,42.74849124777547,280.51121146139127,85
1,169.01072310445915,31.307324875374796,85
42,203.06183316457845,84.257188673869,85
46,148.67485960797077,14.815361028550855,85
50,188.3298588640817,27.90538763666267,85
2,177.91684251036054,228.54406050268867,85
25,155.69777488345395,287.60525319112713,85
36,151.08433129603165,248.60341348730503,85
11,179.23300648442097,143.2806473137434,85
20,89.49754058091574,337.38549781847627,85
40,248.11621409658068,87.17189538481219,85
43,215.3689210047084,168.67653511095477,85
3,306.9013967284458,39.31653508328353,85
28,313.50149179640977,133.1438754204194,85
35,312.390792901403,114.79128571128867,85
49,303.3095361989936,113.89826599010483,85
14,379.0413652318457,57.9041950087199,85
19,340.29521892780576,196.7390016237287,85
44,422.9636143297314,124.56233428748881,85
12,348.46839590466817,278.0403967015126,85
21,366.7739317912024,264.5921121720593,85
30,470.52420238405693,133.95825535179935,85
32,471.0464855259407,94.49540904676873,85
48,481.84290341463674,159.75229106494422,85
6,361.35041588515026,310.6449936290505,85
7,298.26986474550876,343.483432643831,85
15,279.81408950880086,303.32153388742273,85
23,417.4473550984089,282.2654172366172,85
45,440.7277032427103,230.10627917099745,85
31,345.434197679095,406.520482001521,85
34,286.40372441931663,356.0667125590934,85
37,261.38029757892787,320.81252198531126,85
41,326.3897550737702,391.72500671942646,85
13,458.4509094482642,264.7606969018895,85
38,456.7429193649117,284.66356762338285,85
4,351.78161635176696,450.7007510250247,85
22,334.4452212853454,447.12850436925737,85
29,372.7993659559371,440.6076741419085,85
