id,x,y,portee
0,220.8422557536477,116.08057043626962,85
6,165.1706152847946,92.998949831334,85
7,224.40795252278994,157.34007341502232,85
14,117.63309766907109,46.77467782454375,85
3,43.01904721362537,30.115058567118492,85
