id,x,y,portee
0,381.11625727986274,382.40293855152527,85
7,334.14011899305785,314.23281753418945,85
20,455.045657826306,362.3317806992306,85
29,421.5244513309776,316.45014272275546,85
18,310.48029555822,244.395060997892,85
24,260.9177384264921,308.7304013609497,85
26,413.33627871532383,232.83080535691226,85
1,342.8548902191482,229.5111215863982,85
15,375.7406336883744,207.57995184722162,85
19,275.9528040305539,177.37858372683402,85
27,314.962874252646,175.2922603725569,85
28,280.648332552049,222.61137952320215,85
8,241.99005448497886,367.77218558296715,85
14,322.4741895771501,148.75213265883158,85
6,260.4006543739695,112.71896650307723,85
13,199.08764471762274,104.91270832685574,85
2,139.86125795823352,51.47427226979684,85
11,143.62668033726945,134.25951170177996,85
10,85.56355875190647,63.485306463517965,85
16,164.9358778272833,21.579684840815794,85
21,179.12182860937438,13.294733055134733,85
23,105.165204080864,58.009146520694834,85
12,33.413699098725104,4.429450930201584,85
