id,x,y,portee
0,435.7490372307328,221.434093388218,85
6,437.7720816017873,202.81311200222734,85
9,439.14348739654685,244.47056943810054,85
10,486.97429003387424,270.730183114151,85
19,432.2620259479655,187.65295154078564,85
2,490.9218820846659,152.68996883632124,85
4,356.15742144293023,190.65138891282805,85
35,470.0429293973991,139.67878542110728,85
18,317.54562634286003,205.9414422554619,85
3,428.3193009514099,69.88326421479296,85
17,259.22502491577256,156.58049068609316,85
24,256.9953093403184,242.5084255776296,85
31,268.88345902166225,241.8990091878035,85
25,457.85998538067724,47.37011917358508,85
20,305.86366097044936,113.54284931581016,85
33,200.6457318036266,103.2692560637325,85
7,231.8661971172709,255.28191185761983,85
8,230.61526292792124,40.58981919804583,85
23,174.51398895021748,169.6667959962802,85
32,151.74817089542452,59.332585485610764,85
1,118.22122634016164,127.2585727210312,85
29,66.18202866217565,174.4650591702178,85
11,52.28260791940526,257.16485171733564,85
12,0.8454336530324125,244.69621814926123,85
