id,x,y,portee
2,125.00202724572273,29.92710033086898,85
13,92.19399972468601,48.654413317983426,85
20,159.33627587051396,33.35881865182427,85
22,217.29898547815696,73.15899238823897,85
