id,x,y,portee
10,237.17466237084034,19.204357810713724,85
14,221.54215618065692,1.9389561797579224,85
26,314.9069795456275,11.788128121829612,85
39,150.83643201158287,5.805592310132446,85
11,346.8738745056903,22.880080488326684,85
18,85.13608204203655,52.342736294264725,85
28,145.09729131204486,44.754133458444976,85
13,18.370146487964924,28.59605930395992,85
27,54.716084933019324,93.0565362601195,85
40,35.053105776584715,20.842571368299588,85
