id,x,y,portee
1,47.348199553695515,71.55354663498304,85
14,29.34854054288083,118.68581894599517,85
16,14.803197455225847,35.67508370239736,85
21,106.75206755488593,58.84992717585175,85
26,39.40709993493557,5.6485469828120305,85
45,45.865841027429965,130.38216267844916,85
6,86.36146406044732,179.59854809292187,85
18,84.9509001513451,166.984681639437,85
28,71.63897295227484,174.49143754661196,85
40,57.484693654232366,172.56696507029196,85
4,149.39977050417008,18.31986724147522,85
62,167.62505208674477,44.52681496127314,85
64,111.67465250269154,0.6164841554629485,85
39,17.378225908341705,203.66823501169372,85
53,83.23658517269733,201.17260481886206,85
15,136.87127523093312,191.24133558186756,85
36,160.4096927412654,157.79748327164023,85
41,38.39610170038249,226.6861231483414,85
49,132.01253152743487,209.4758091707233,85
3,234.6557706589133,74.62113551213545,85
52,203.04974840159667,105.12520809625042,85
32,41.60628924551196,269.3416122874632,85
37,191.7014800693765,190.25523030570508,85
10,243.60895802114686,142.56037726316868,85
12,123.57782381114419,287.36455570869884,85
7,272.7793774861942,147.78513113534837,85
11,278.10419308167553,22.535401734788852,85
50,247.97679970458708,98.15452888068226,85
61,303.9525722392613,68.1459921596943,85
65,265.455142139344,118.73444356920315,85
66,319.6439490653826,137.4574514358375,85
63,79.31442196934363,355.1929617826735,85
22,339.0252802856182,98.29618267378065,85
58,314.34985975940316,1.786927317166509,85
31,344.9219449751019,217.20652543337016,85
33,34.022119000554966,385.8736694502868,85
42,80.06363663829435,409.29912043165115,85
8,406.4999503747343,109.64729346435614,85
9,425.46857984834924,205.12670673104327,85
55,363.6629965658112,246.4443024472691,85
27,428.41545464069077,166.06825039871015,85
44,445.0753592640289,161.03605479020894,85
51,482.69139758548164,197.60855093209972,85
54,483.59862650372696,279.2715635565438,85
