id,x,y,portee
5,496.1036516143304,381.4124572024504,85
10,421.9562308951981,371.20479449026186,85
20,418.6542246601751,311.2946539520862,85
24,396.5708763454419,299.2213781824726,85
26,408.5322878135999,357.5812030129407,85
8,339.7994274467809,321.40546501980543,85
19,301.4984306491525,258.0850697708389,85
23,362.72914831394024,218.74882883004327,85
