id,x,y,portee
0,265.2030397212721,216.9002315775384,85
6,242.3615321200905,162.6760961061336,85
11,267.18603525587315,179.5695469917487,85
43,221.61974164175436,281.1436191105928,85
1,214.7151442446744,126.16889695173784,85
2,255.78555088605893,132.29233455622875,85
5,190.36575513201998,102.71845685433628,85
8,255.33994312435726,85.8316047545471,85
17,280.92412042524967,118.03030566226097,85
20,182.40153794069192,155.52974711164697,85
25,220.8200886086094,294.7934739262473,85
31,221.02806237521867,302.89771698249695,85
3,221.32726339914032,43.31124910607503,85
23,154.34866023478787,154.61042589285657,85
45,203.69324036383634,71.54769451428278,85
54,217.90775086675495,62.835241448415346,85
37,320.9123778633069,112.15710617713931,85
10,119.60895269153521,94.03614497158391,85
34,123.26256831568139,145.3093213673543,85
14,308.8517000909397,49.15862720178599,85
4,99.19653677450135,159.78178710721107,85
50,159.30978177958937,198.99993219329752,85
18,84.13971309486212,132.48572194487468,85
27,96.27956495069262,191.4612501217541,85
29,40.97629547916903,105.1767731788597,85
42,61.16093790252819,196.91763007614944,85
57,368.1808211605363,26.312903190920277,85
41,130.72860383883545,258.5128801353592,85
53,14.153177812442353,29.65205757835626,85
55,32.16517904533411,40.9865064790424,85
51,402.1087248623302,81.81986422162596,85
22,462.32999249047907,31.798796366282968,85
48,451.14583225468516,73.0391854926079,85
