id,x,y,portee
0,189.2719898096506,165.85699473339494,85
4,255.5054400765176,131.10663169442432,85
7,171.85415169239525,134.58087835228127,85
