id,x,y,portee
1,62.92781124396485,394.6158397525003,85
9,69.08725322960568,408.8187482236898,85
15,132.85576762558654,357.19862598297226,85
16,81.28902271419963,313.11187008082766,85
21,74.87538619512097,336.2627401103546,85
23,8.23350490031849,373.43822312421673,85
17,30.68050266895378,272.58816694605673,85
30,29.543592012895747,232.16199450880725,85
22,57.930639652370886,184.97533200749217,85
