id,x,y,portee
0,226.6557906892246,491.782006728899,85
23,270.68661954636104,492.7040563664823,85
33,205.79221068506436,492.3722605844214,85
58,254.28441324353145,484.252703719608,85
64,289.3113757614164,446.94869495335183,85
13,294.53179797754905,437.90200045983215,85
59,320.7631568495716,484.46812323348547,85
41,323.69461242990945,426.2015506565282,85
44,343.73547019955663,396.98932313015945,85
50,330.373255289177,383.1597879771332,85
24,390.5740343060977,328.94788877843564,85
10,391.08286566477443,292.90251662063724,85
21,376.0123742173395,288.8642895922248,85
22,416.1282409903689,314.6556821297671,85
30,451.26899754827497,361.671983004251,85
32,381.59747308202213,292.71633408868354,85
40,437.54885505634974,321.13746518858875,85
42,434.4232317372736,357.07544793686446,85
55,410.2554683858289,302.7272657630961,85
63,469.89998960610416,339.6151439186784,85
8,311.846684364777,275.5833117711893,85
36,488.9422164596583,429.2006623720461,85
39,498.9293663395109,281.23610769939194,85
45,477.6462182158828,253.22779271669077,85
3,324.3982207205451,211.1746561944273,85
9,270.7669914502514,235.9207078612928,85
52,256.4450424491941,335.60319940041626,85
7,459.1544017419664,449.5275042976927,85
19,257.8854554273195,193.1756069750793,85
28,245.93242133482457,138.41465494864713,85
20,189.3578225507419,136.9224795730019,85
43,190.9355021257438,136.58199788983404,85
14,127.03716127354141,83.32645522490611,85
37,131.24262697872473,94.48113801290454,85
1,135.86232493795004,13.305391018594015,85
6,65.27917296995511,45.80112529669639,85
26,182.20630068588795,42.448549407222146,85
34,144.1668036078161,51.514332180298936,85
38,212.04373187518777,11.267228690076958,85
