id,x,y,portee
2,77.76547340410261,50.16902436066045,85
12,66.93347967522118,119.66432684915624,85
22,84.33952449020116,132.65000603564286,85
3,135.36488702587607,144.51111095999892,85
4,149.9669205148334,129.34562377056352,85
5,81.10106897043539,164.74329484146406,85
23,175.92241942130644,156.03107644685943,85
11,199.69269917004007,202.81842685016937,85
