id,x,y,portee
1,82.33057464586868,199.02697065596843,85
8,72.40355881812593,183.28493184640394,85
7,45.522106205899306,119.19652843771577,85
3,68.96549032443627,88.44489041243037,85
