id,x,y,portee
2,256.6332569104799,215.03630257745803,85
3,292.10458734407683,190.36711104881888,85
10,184.89718928403448,171.12920378450485,85
13,344.903124374155,208.40300872272155,85
18,310.97593063155625,129.85835261571677,85
6,377.5265874693664,243.30779653578915,85
14,412.87877590320386,193.7194662967177,85
19,394.1907412309632,278.1436242680506,85
22,447.6616004565921,285.43892582463684,85
15,455.3643375081886,146.09876280505895,85
24,496.0198668773752,209.0745887143725,85
