id,x,y,portee
0,209.98257287868194,53.70820580591862,85
1,173.02903471950216,87.9905623821714,85
27,158.6694246272971,116.31552851902227,85
43,233.50179226040873,65.65965913238092,85
3,111.50506637275382,137.5235934700092,85
14,224.753011833078,160.0380747784237,85
9,41.97841301989569,183.10515155596795,85
24,51.264606739682414,122.80070340260274,85
28,44.70299448108905,130.12374832293628,85
34,156.55548224258075,207.88075626242164,85
36,257.1096197375284,229.89479292980747,85
38,194.69679532073135,215.7981425509713,85
47,248.120215416896,237.09339878949626,85
49,233.28952210055616,203.72591871362954,85
16,111.58276150211138,224.80086885818608,85
17,18.536414263399415,220.9580400968913,85
29,12.518368958664594,148.88214842319007,85
35,27.753746983208426,237.8149121295073,85
45,20.432908261410642,132.00913604134655,85
51,21.487783406901272,137.7076981478312,85
15,188.25901698389487,241.29890909664587,85
33,167.2888068414516,232.9398404375181,85
2,280.01616498612213,309.7470960052556,85
54,198.06337339881293,286.5057031310208,85
10,121.86608786071956,288.48104485410136,85
20,40.89834145304544,304.32833572515926,85
18,173.7822258609431,320.6883965567333,85
8,300.4200200937995,304.490284805541,85
37,306.08563609493115,310.66905112597067,85
32,148.8353695582143,324.4180487998329,85
