id,x,y,portee
1,470.38809527993584,296.49363216181024,85
3,482.67406394352844,303.54761136422917,85
7,426.55128021623403,270.7994367102135,85
