id,x,y,portee
0,68.91176045978203,127.46088172405746,85
1,125.67486978727793,137.63360545713937,85
2,20.763722432283473,132.38981834617724,85
5,8.162997582836507,162.36237500566142,85
24,22.806510668240854,82.1352125993205,85
30,76.86756578736848,45.5521319679007,85
35,25.3699920899042,181.19118208487527,85
8,209.93838897779747,134.65058051207063,85
41,190.9823110351701,126.969650650542,85
9,123.71235755427068,40.42718360064895,85
10,126.41233105806454,50.7460806825209,85
6,53.69840468778941,252.39950664577853,85
34,53.33045403786896,244.0362542301885,85
31,169.48719011299895,16.06355560733508,85
13,69.31162520780421,304.2305721916838,85
40,21.2621390248906,300.4415681737045,85
