id,x,y,portee
2,351.1381465813325,393.23274072447657,85
5,380.4562072900681,315.51136867260794,85
13,422.0334093207067,427.6156887213755,85
10,413.0445737220487,460.48782189530766,85
11,455.4172872775787,447.2318942861745,85
16,417.8315352000497,447.6577949764975,85
