id,x,y,portee
1,235.558493811944,385.1649261909011,85
12,202.41466068687325,405.9747882126873,85
26,205.98654437951225,436.27650231012655,85
36,223.93193991934945,428.14389688941685,85
49,251.41797252008263,461.4491873479204,85
2,139.4848667386455,412.4061754365329,85
48,120.33604076277227,422.9248953959809,85
63,143.16477572470038,463.236886321683,85
27,125.48484407719968,456.941269451303,85
62,268.2701287674009,492.5605587489179,85
3,120.39534887341335,477.99725774268364,85
60,71.94207721132162,459.70666221357374,85
67,107.3127305726787,399.8895125473799,85
35,336.1570511089073,489.42777371400393,85
42,350.8711802643068,473.0028984196308,85
25,25.95526055048303,436.6142575219528,85
56,32.47977367103899,496.26992698945196,85
4,127.85496796380185,326.2320204234764,85
32,372.9332599343512,434.9975607781177,85
58,340.32807844767,433.009626107964,85
59,170.04535538689063,322.76486427886573,85
65,73.25482197655525,286.5124236152578,85
30,415.3189555197597,409.21920340425424,85
61,423.30823110241704,397.12953322757016,85
8,76.72732535306947,212.94685149045233,85
66,94.88105491458165,221.32990791107176,85
46,480.5973569353558,378.04929507719737,85
19,138.16273733135327,172.5989698021605,85
29,125.69760328905066,170.1605515132549,85
37,95.90795350059817,168.98189386885736,85
45,110.8458773007377,147.24711498250258,85
68,116.24675471601098,184.18031220460372,85
44,167.45629866117244,121.55934308286353,85
57,159.226707189187,105.39083752025135,85
6,147.85699855930073,68.29265286462149,85
21,160.0601281198744,47.26901304374381,85
22,181.46532631738992,91.8901948167174,85
24,238.10631257741994,149.75291743821424,85
41,242.4354342935447,159.15168282335085,85
10,79.6132528609429,32.57993713881419,85
31,230.12096318156694,50.55032168690504,85
39,244.38116133660236,45.493316582176924,85
23,252.05367134844968,197.37487899030677,85
43,282.01327948389473,114.75172829804443,85
5,35.73755792532873,85.73519187953904,85
11,33.60899162689934,74.31758576091651,85
34,292.6231383659783,2.0450585086734807,85
47,259.9503214172522,31.50019289906186,85
50,265.3257778366875,247.5356622706497,85
52,297.83028665500007,233.93140185088873,85
28,321.91434102569536,126.4202070504028,85
13,22.495561611725723,97.2496397034192,85
53,10.268242620879109,101.42420598852165,85
17,337.8266805096162,19.626344043903508,85
9,390.8794685447236,10.115615906638897,85
