id,x,y,portee
1,64.88624470746768,316.6018677056501,85
4,18.628410918127393,307.71330891537116,85
8,49.38503139957717,282.8809033797799,85
