id,x,y,portee
0,411.55670637808646,444.86334531220155,85
13,360.71027561169876,429.3079333002321,85
14,453.24949628876675,390.54047350484336,85
5,301.3706525695102,407.79779104414985,85
