id,x,y,portee
2,129.73806976806912,62.29586793137909,85
5,96.93324797762476,90.25039709239557,85
10,139.1875621981939,30.132982454788014,85
11,14.122092153338595,100.27988173864055,85
