id,x,y,portee
4,40.19901119215302,329.0932239716883,85
5,30.341604148938828,362.45551340635814,85
13,90.52781981392083,420.2037708763723,85
16,151.72192396576756,411.9169037619428,85
20,113.59139751995856,427.6030693124577,85
