id,x,y,portee
1,419.6274804540683,475.5112994694176,85
5,432.1211949163426,486.87949692786003,85
9,366.00911986339116,456.1814538050204,85
