id,x,y,portee
1,418.95682281558237,70.51206767633805,85
4,393.9834702072649,135.68463516029345,85
12,400.26163152351626,34.22772580614058,85
3,356.3892823326727,8.189501067513373,85
6,314.1980484520578,38.819087463526195,85
