id,x,y,portee
1,353.62500151678626,370.33611529885314,85
6,317.10940703755136,338.96154235899803,85
8,325.61988940862494,299.9752728827797,85
18,327.29236338736825,437.9600508772963,85
5,251.78534591972095,340.2042010825947,85
19,220.0288064686593,292.1750241418572,85
