id,x,y,portee
0,355.9346692738178,34.367192728414096,85
1,383.34278370247023,25.943746653030118,85
11,284.2770219951136,30.150511606490294,85
16,425.26756475037973,93.83718126551666,85
9,216.7351512894266,43.145537662816814,85
5,470.6747297805243,122.4688485594419,85
7,487.8356607542355,90.38782416928542,85
