id,x,y,portee
4,132.23472184333042,280.44096280429983,85
9,61.102680178307,259.4622071205578,85
12,83.86389371606451,243.2109390158926,85
10,1.874608417057666,251.73510653855118,85
