id,x,y,portee
1,321.30541737000993,78.17354095162382,85
6,303.07503484574204,157.82744479753492,85
8,333.64154782877284,43.868839958060676,85
15,345.2812371172584,126.80520861973244,85
17,364.82516960998765,112.63601736867606,85
21,385.46999633218826,67.80389632540329,85
22,335.51068887719225,125.9241202513402,85
9,226.52319994697535,121.80577423476619,85
11,441.5876064963352,13.219568182191388,85
16,190.64550527363411,66.46097077535185,85
7,141.7781646372085,8.166082004720854,85
