id,x,y,portee
0,32.56802158084354,290.15736724257687,85
22,27.805862586070816,362.86065978313155,85
24,75.81227654739054,389.59079927734587,85
9,71.53115348321398,442.33999207832966,85
20,128.60681207832215,332.11333210392127,85
5,127.79116466031925,466.6945047666325,85
11,133.4811362568259,498.7381442095053,85
21,139.8649076530638,311.3847615415256,85
2,175.3452907069401,467.64272650443485,85
6,153.42665982727215,233.6595974132007,85
15,175.2183174620232,255.23436406882806,85
