id,x,y,portee
2,250.1152427199822,112.01078082211995,85
4,224.88842249636244,188.52771254943406,85
6,250.04697154201995,80.73869708294707,85
10,259.1513098583066,16.714961756455317,85
