id,x,y,portee
0,52.3686030041739,18.07923534831812,85
1,80.41463023342754,59.219643471956964,85
5,72.89577751759307,45.18989493874703,85
