id,x,y,portee
0,231.9891778066442,101.17741486165049,85
30,209.54750554429137,85.03746247557054,85
32,167.59371433293046,66.00764835254014,85
37,264.1396294792115,55.282762723028014,85
29,192.44406765752686,9.169539233728264,85
10,337.02278056589194,98.91861943638031,85
27,332.957467424798,64.20067465507955,85
17,391.4034585451796,63.44086824643419,85
19,373.22884642016993,68.04547057981225,85
36,313.3770856377615,152.3081925476442,85
39,351.09674723616337,111.32849346123069,85
15,311.56993766079574,194.96561335849304,85
