id,x,y,portee
0,131.5421856045227,269.6831141472085,85
1,123.44110211633874,296.3225187000204,85
2,85.09217452155454,288.8284693751522,85
6,136.62578293148303,279.2974690394965,85
7,173.3250835293007,238.4904830542221,85
4,5.4793100998173365,260.8352282825163,85
9,226.29796822709253,284.887006929259,85
