id,x,y,portee
1,323.64772643762535,127.80660815737255,85
12,291.1044746074358,184.87889216608184,85
4,235.4939778655416,157.59799437144557,85
14,286.2899694725045,256.60149721492536,85
15,265.0472858201136,331.37588791946575,85
11,288.570971345389,358.4024106789247,85
