id,x,y,portee
3,179.00120461541695,134.56795823118327,85
11,107.20009001008002,148.09835619610524,85
12,220.96492142268932,147.9374202770608,85
15,218.49540701097897,200.70485021698374,85
9,96.6955559017747,104.86757180574475,85
