id,x,y,portee
2,250.9116533771711,305.6397400495795,85
3,307.1089545292587,325.92942154367734,85
41,305.9777208398338,335.1697708699145,85
8,357.1317100879258,273.15022976686794,85
5,318.45616745409404,413.11416443286964,85
4,421.4224610124731,245.9034491131923,85
12,381.2130393235408,265.33943384432035,85
13,312.41396145382276,229.00221358311185,85
17,370.8261167449899,398.89891868979015,85
19,393.20974313072884,409.2780162203991,85
11,390.6843587469144,188.26871594498002,85
15,445.89437137608525,220.6639468600667,85
25,486.7893002042913,238.8532328172913,85
38,448.41611513792026,274.87075278741264,85
22,275.6948671641054,169.42783460449508,85
37,293.91957943522016,164.16436679933815,85
27,424.1356493876446,361.3387535447465,85
14,442.81720407754534,348.08108772888187,85
6,230.4731704619709,202.62230912072437,85
30,331.5260825235734,115.77003516811452,85
44,276.2410913525051,97.81704305278433,85
16,189.7589735178465,174.16128247839941,85
24,158.13834468768795,185.34501112397544,85
26,311.0002893087914,60.10274239760277,85
20,256.19868463919005,24.50346429306044,85
29,223.80053995187043,89.45722370546594,85
23,191.81125128722704,125.50018184287187,85
36,132.35307622634883,158.53546499981198,85
40,128.65914886231445,193.4584445983452,85
18,136.94274783549847,263.2907711070083,85
21,111.51563404154824,230.36531749556073,85
