id,x,y,portee
0,146.69077634075774,172.09914284140115,85
4,191.3564016127523,137.64514553130664,85
9,132.31656417382314,235.02063025119918,85
19,200.78835068940793,162.73538179786433,85
20,99.91590439466513,146.8893879465919,85
23,129.48504954987143,91.32942482810424,85
25,198.75624357108146,231.6712413292603,85
27,182.2722938336873,187.9539594311182,85
31,176.0246494675573,134.60351130851828,85
34,151.80571920939934,127.28257052224268,85
37,151.08156898794834,228.93681154164545,85
39,186.7589870321798,157.38050412722026,85
21,178.18945450181812,86.60347666429918,85
15,176.37165983790086,295.53413186628785,85
41,69.75700891034859,208.26113455811628,85
7,47.53160337718432,88.50339783651812,85
13,150.85034832472337,49.82204782724347,85
38,50.73561393052151,67.98703521315535,85
22,222.927113811419,352.9214590675629,85
18,214.80424223386518,377.9761195474537,85
2,222.01986366209258,456.83778517244764,85
28,218.80628649756207,482.37851197615026,85
