id,x,y,portee
3,356.26834782429376,285.800860306183,85
4,357.4802327496657,311.3690370534808,85
10,343.3939636785628,331.2031370317124,85
14,320.61491569133693,268.9380662463559,85
