id,x,y,portee
1,111.5799907195788,115.28419308030603,85
7,173.64960401531727,147.0330293391624,85
10,184.78253351983025,145.04870111165346,85
