id,x,y,portee
0,488.66493064497655,75.7795104549987,85
12,461.3583775947519,95.6689303037942,85
15,421.761666165885,79.85967980532021,85
25,454.95400254469115,125.4713453088016,85
27,429.8783197252113,157.51282518575215,85
10,405.3492577426313,20.266627854675978,85
11,359.36051626744944,63.360502204974466,85
