id,x,y,portee
1,379.14057820550426,215.66674638996795,85
4,327.16784941672927,211.23197905806262,85
2,287.8283553685137,230.14150255365,85
17,286.99608595693917,231.97050103142342,85
5,249.94506923323357,262.4329609102719,85
