id,x,y,portee
0,151.89181357531683,51.02449418857952,85
1,147.5332649172507,121.64491643030756,85
10,226.83445872044788,16.87430806480572,85
22,117.88583080115738,138.98573491498863,85
31,174.03202434525332,143.1668902532836,85
5,297.26415385957466,11.74971052395124,85
17,244.59851043041454,70.60160800563975,85
21,254.57596849375085,3.1829851622628413,85
12,326.5952940646516,70.16780796353494,85
