id,x,y,portee
6,92.7902162117707,54.32429202287542,85
9,55.25721379550957,1.5197485601465832,85
11,34.820014326749636,39.88553895869457,85
16,130.53071533209203,100.4198630919893,85
13,190.9763198971816,61.719638197969104,85
15,195.93497454535003,86.23772853375588,85
10,218.96678512692435,50.00106925056347,85
