id,x,y,portee
0,240.03646735201727,11.509024750898655,85
26,231.36068000627552,88.49388849104677,85
9,312.88864120582497,76.37501612988362,85
1,366.696588186758,57.7169341803897,85
14,386.8804006764871,104.77635139819242,85
11,438.4226753707578,53.465247657965506,85
29,429.804941653432,3.1492317365476863,85
