id,x,y,portee
0,137.56842398663542,95.03368329486572,85
5,101.2022987547705,43.581818506847334,85
38,161.92932398030447,97.10926659054364,85
42,76.19749471645898,60.47306164973193,85
18,85.58146421572992,9.647586829344078,85
12,221.36856736507238,153.4943808559101,85
37,9.60422348331874,96.1181096145548,85
3,273.0692396872401,197.86562162413972,85
17,201.41944876642808,217.10484323680535,85
41,194.3405504913744,177.14028114560486,85
13,203.44083946350844,241.38558457663066,85
20,319.5036191468648,147.07562341911384,85
21,263.33043860468115,275.5059871330453,85
32,122.89933664383923,205.47273513596502,85
40,337.40320539802997,257.8100303765203,85
44,340.3962481354204,279.0341341473282,85
22,93.14665440225012,272.8545543201834,85
30,52.50536194514266,203.45413912090083,85
2,67.42227005763569,309.22013816960725,85
10,81.32611724354017,343.64379030883623,85
19,50.65445965597204,328.16138856863836,85
26,44.88687909449568,241.1188674369239,85
35,43.256776039443224,304.16282887602944,85
36,26.39658226253444,299.2249308318778,85
43,6.506350727039534,225.69299587082298,85
4,67.9328813933594,380.61595946303186,85
28,152.7758229755261,338.1844261411216,85
33,148.20708756592427,401.6859540872461,85
29,198.38905669656003,345.9061682737961,85
34,232.93799775034947,367.33903679936526,85
24,278.43756053336364,405.66968138650236,85
9,261.3982624306769,473.7845384403833,85
15,255.7589397360851,454.8595759297806,85
31,258.1688566068387,451.5079533694881,85
