id,x,y,portee
1,206.37578624040947,449.45285274251745,85
26,150.82134668802487,470.2259514971694,85
31,214.1460464690258,387.88179630289795,85
36,280.40979830379104,452.6748506006362,85
21,72.39074340091345,457.01129324145336,85
29,148.39135194728559,343.5298194840964,85
2,81.57096022051458,420.31315046599065,85
12,24.790261352886034,484.67346345512453,85
42,88.86708632379548,409.48180052909714,85
17,159.94366257533798,275.47912625552584,85
41,131.18835778225085,336.63542866393936,85
4,113.03415203409872,257.0474565792828,85
9,158.1637917247801,216.50273319954294,85
27,94.40472117540588,269.7424137305501,85
32,196.32239076381725,203.22500857823516,85
45,81.43323532447677,281.0948203975235,85
7,69.32745207506952,297.08292744034316,85
5,35.76341977809627,280.98855594467324,85
38,110.0937965147858,187.81787941362583,85
8,15.302317287581246,284.9804910087287,85
11,65.4857941210229,123.80698270810048,85
13,55.57769410910202,177.83572853882623,85
14,36.82805199767769,171.50325345275863,85
34,78.76726527206674,129.64564729692202,85
40,59.17989926402045,188.8287098285733,85
39,4.745552901769424,99.29118051827224,85
