id,x,y,portee
6,201.8557566001613,385.22669743231086,85
7,222.58593452938507,335.3169929754359,85
11,254.28402578392345,427.59715199644904,85
