id,x,y,portee
0,217.96669386416224,367.78025130698893,85
4,211.56610023249638,348.47424406719597,85
6,237.7039945929303,305.85126319739476,85
10,242.66555433612996,426.0512495597966,85
13,199.2514758760353,354.6703602716563,85
5,231.52948642440126,473.1963777328927,85
