id,x,y,portee
1,74.95599022172095,150.70333450674622,85
4,111.55442771528112,80.80574144681607,85
