id,x,y,portee
1,76.90484192629205,38.86354288899002,85
23,111.0139504686432,60.08581340549768,85
27,77.89623606345114,77.69558275777305,85
34,63.06642487811281,102.45625018550525,85
36,10.375246604784893,18.599624998715257,85
37,144.53473191422793,117.68148251947436,85
22,119.41410394326846,174.4171472519609,85
24,138.28701865652528,150.3152712604901,85
28,209.40999567360996,71.96032742218017,85
38,99.66963705005554,228.97959010391028,85
15,80.50317600816692,311.21383581448964,85
9,135.9318162991302,344.06501273384424,85
12,14.381533579742257,306.24134527698874,85
26,24.285899657926212,342.5282756879143,85
33,27.561328100295047,288.0169618908861,85
11,172.73312933180446,375.77617360142875,85
5,32.16951334781765,391.09921023712417,85
19,194.28647119063135,427.31524585524903,85
42,73.85318974816208,439.06015457891175,85
6,176.76840042633168,462.5925223316662,85
16,148.43067644171353,483.4616803008456,85
20,258.8773197687567,430.1628932887566,85
21,22.886067731421768,499.9995473639638,85
8,342.70432658438006,420.553405476614,85
10,405.2112418228982,458.9303640785788,85
17,354.4334289536762,471.23157201280117,85
4,461.97606759165905,475.5037422899491,85
18,463.45532357530806,490.1581428763227,85
