id,x,y,portee
3,103.2339768834104,338.3855329443404,85
13,105.98671018558636,307.38993530889496,85
16,70.9216448490596,335.17529962927887,85
6,8.146010562081752,288.63695260914915,85
