id,x,y,portee
0,293.98883159897696,8.742656866476128,85
30,255.69489397076944,36.73890821723547,85
8,181.0972177052334,68.50048322954011,85
26,126.99951070401944,116.74493860335444,85
37,112.74812221148922,100.52557907100635,85
41,113.15689837296166,60.15935396197575,85
46,160.05002736077873,69.34396828292344,85
6,75.96603730895463,160.62794963293936,85
4,42.552921528380864,145.4218369364334,85
5,57.34576287278059,40.635124860880225,85
32,107.91533222475213,2.5403761708987505,85
2,19.044645677609605,121.05186571553605,85
9,73.94010743906648,195.40405391319558,85
