id,x,y,portee
0,125.59296841254391,27.94231251881313,85
4,114.50253560468244,110.61738735121618,85
10,198.58645318342226,32.464688784138886,85
20,58.81252794944453,34.374754313193364,85
32,70.9455069671685,44.31638506466234,85
9,139.31921946377614,167.29542223571246,85
15,77.73224783961335,170.89342595347128,85
31,155.66225208705126,154.91082603420793,85
12,62.268570845654516,191.98746067097028,85
13,153.68762135506103,242.80048473093868,85
22,177.4220187226646,209.24143338297063,85
36,56.152753461257646,173.68693656580743,85
27,52.181898685314806,227.54582452443657,85
6,144.3176977030394,268.18217171328797,85
34,246.53149497935024,228.21393815302181,85
18,253.0201381001827,276.93252925532664,85
23,280.57964798341584,162.26636002939222,85
24,285.5788791294288,243.5273073396781,85
30,271.74166678158025,300.95883001637975,85
37,228.7799238371645,298.21502593956126,85
16,258.9635038172718,106.9722021781342,85
14,295.6995697936614,357.88639293572726,85
19,270.6051175998651,368.8704581959514,85
11,259.2007526332412,421.4886104170882,85
3,211.79140162080745,389.03504464541777,85
1,210.64857448301282,486.5425282850801,85
26,198.7638157246559,459.132695097916,85
28,292.56099537303186,456.7702564544423,85
17,125.45975229130629,494.63050130414956,85
5,98.0229531422716,423.43464335922516,85
