id,x,y,portee
0,468.712075561816,449.7309245742749,85
5,416.661944737174,451.58399836456573,85
