id,x,y,portee
0,296.6940064589726,349.0576786025456,85
2,308.38453124702477,266.1080461385722,85
7,327.0362850572889,400.3851357569343,85
