id,x,y,portee
4,469.58486751752235,27.030060458821115,85
11,469.6186772558109,38.10229817422389,85
14,447.7772413717892,44.17498087257238,85
13,375.793502592163,61.33007319776907,85
6,388.0593644771,132.4889606530068,85
5,439.3185191663896,173.07141030333383,85
