id,x,y,portee
2,241.19433037494397,387.72960074073706,85
3,313.77977427644277,406.00339400945836,85
16,295.0732815662206,377.88807394123955,85
7,355.0591900659984,445.147767123037,85
11,365.78172592085855,467.292815788846,85
14,426.23953965856475,413.0177892848715,85
