id,x,y,portee
5,87.36766847977078,4.171410927749308,85
17,89.56100661035077,17.274738442490055,85
26,59.39548978932052,39.1101293539059,85
28,107.20664550389242,45.03080026845502,85
14,111.81587478386362,89.54557712339911,85
6,30.904256302191957,90.85689826677279,85
29,23.321681622030297,112.6576880144809,85
7,90.72799426371353,151.5760593923642,85
22,160.95230069445032,141.61028909233258,85
16,205.43431283481772,82.71515756171932,85
