id,x,y,portee
0,346.16629337587915,321.0980782494689,85
7,337.0638637771481,246.63266951117552,85
12,319.1257203701725,333.88429270288236,85
1,399.0166315661399,205.7284558767215,85
14,406.8030818973792,142.5067109795558,85
10,470.75849496603337,127.91486128294433,85
3,487.9526022074822,198.05125761061487,85
