id,x,y,portee
0,148.2734096542851,163.38931207183504,85
1,155.8321455439871,214.03368683244662,85
4,118.70223951504366,95.26920312926256,85
26,196.4289059294208,134.32054466129577,85
33,158.04214456974546,236.44871945779272,85
43,89.56925089172913,213.0675815083823,85
46,157.52391837563061,211.24375452916928,85
49,190.1558868806545,150.80762585181844,85
53,94.99268040190113,187.7339777518553,85
55,126.32899972317091,150.36735506332792,85
58,158.44205859905063,153.8770378521534,85
9,176.52405752986184,244.076378653733,85
8,233.23291813619974,94.98178121713447,85
30,261.14366411804053,174.4355046037039,85
12,149.3578383648484,299.85577468582943,85
25,228.8098545427107,273.68049629924303,85
42,98.15832498624832,278.46889507449595,85
14,57.538194869962254,220.88616009109015,85
34,27.891460739613073,163.7393139628464,85
47,245.23226276520276,239.01269889364778,85
6,272.8740070771666,42.533931672819435,85
10,213.2229405845135,39.749978834812296,85
15,285.9896808423993,42.97749723960747,85
22,208.91445591413682,33.19077356571476,85
40,251.0705580443065,60.82384357149079,85
5,279.0895380788949,210.06700420467038,85
24,156.79643657386927,379.0076139998582,85
37,143.61642770284112,365.9502687913009,85
54,216.27347013000968,337.5435583437172,85
7,281.5579396106368,269.8516398917253,85
17,248.3666676743395,342.1712449568434,85
38,299.70431655523475,284.82421963290204,85
39,302.87837725452886,297.18473809277657,85
21,16.50333949520899,284.60042645258926,85
23,28.4752399969187,108.33061619361884,85
3,210.02525857116666,438.93731933847965,85
48,132.15926532869233,455.459477020523,85
27,353.985777904112,255.667314899709,85
57,328.75332242762215,309.63549657123974,85
41,323.481956843893,367.099132630846,85
35,363.9900108858626,329.1300507763761,85
16,216.70256734408798,493.99840796124914,85
36,256.4603124346108,459.1035674635851,85
52,106.11077672457597,457.45724274571535,85
32,423.8038756580031,240.8653001596447,85
44,371.4310870865392,221.71467397570888,85
2,396.7551707015421,338.7925825313899,85
13,310.98506610919566,400.6696176085606,85
50,432.33456879681734,309.4747776672071,85
28,466.92378393522023,271.49367289783123,85
51,478.6945525893826,287.6727560168836,85
