id,x,y,portee
0,337.5171509975028,162.85895109262304,85
3,376.4741878937483,90.64887649677789,85
10,365.8426310300797,195.38418976694243,85
