id,x,y,portee
0,269.4629773617387,192.58248775776283,85
7,227.03600062902117,133.293197094147,85
14,289.11093502193216,146.13853571845215,85
20,259.1480489040766,115.92194055145444,85
28,339.9354902126537,202.4653923423061,85
6,163.9415385531735,89.84702390194849,85
10,277.6579637445268,76.5225279270803,85
9,121.49742548312764,28.0894571371188,85
19,244.44913575239642,13.66191382093912,85
30,230.05365429811116,18.644073356433477,85
