id,x,y,portee
1,318.0248387533585,330.4222022680442,85
13,340.90955831002134,383.1407078128255,85
21,294.60341742267326,382.18640274701136,85
25,278.25071046010913,307.20116860196686,85
47,400.9980727105039,324.94436075128,85
23,387.61049372839943,432.89041341049375,85
38,385.5602910831455,394.2514490940265,85
15,319.70779020685984,238.2898932781156,85
39,266.65101518747394,254.83083562737303,85
10,349.92704421030277,177.90438206431796,85
14,278.5728257232197,208.92854145489693,85
44,218.97744481001536,227.10905435495192,85
29,424.1063313681493,189.4244672866322,85
49,416.5701126379674,189.49396017870663,85
41,271.1458048422469,132.922199653561,85
12,154.77099965368419,270.83154179204774,85
18,152.67645407415205,178.0641905336481,85
6,198.27598504138584,93.80075970943741,85
17,270.80951840859933,120.85578601432628,85
34,227.85717945310452,87.55609397347114,85
37,267.0582672206592,52.57235127362758,85
3,117.35508188478599,205.20160356448207,85
28,187.2193181512614,307.07746718508963,85
35,127.98861160804259,273.16632091815984,85
45,190.91140042504546,332.45942299025,85
26,117.6819382144454,104.60901249423232,85
27,154.65665307133077,148.8289050723653,85
9,169.9672796606126,64.19761003504976,85
11,297.02963292378325,29.081809809790805,85
16,62.8808692000315,272.3698681114408,85
20,93.18386364154946,332.95592856166076,85
32,68.1788269632585,289.1169467840667,85
7,110.42538358229842,85.64993541213501,85
19,47.87210191324015,133.5550902781142,85
4,17.587000748094272,341.68944413272027,85
33,17.372291584025035,260.9842223902863,85
40,5.930712853392695,331.4346960324758,85
31,96.71853920769507,354.66227230737604,85
42,31.49944577564462,65.37690992571122,85
48,14.783988467680864,168.7523125630876,85
