id,x,y,portee
0,244.98829053807998,13.889937757315785,85
6,238.83758947262328,61.0475046663253,85
14,206.7450394780258,5.264932683209045,85
7,212.91988023808545,114.27746974732011,85
19,275.4140604332098,112.80333346724974,85
