id,x,y,portee
1,457.0038209944211,153.34219212721513,85
13,472.1694480783887,222.03358630712512,85
15,464.4529979969954,85.8636625231467,85
7,495.24867275728974,25.907411290159388,85
