id,x,y,portee
0,263.53316037944035,384.8573208411221,85
1,274.10071453864083,383.1382592225645,85
10,209.14996916010787,434.71147476068086,85
13,218.6588851214422,344.7510466828045,85
21,318.7621242254669,359.05649226560155,85
24,233.86007991044855,324.5154160471005,85
32,252.98821304094065,337.6454657590699,85
40,216.0183169181708,326.006507566292,85
11,198.514420848437,490.3061033519276,85
41,165.8307082415289,378.54930271246656,85
49,161.27921034423625,437.0804107682191,85
3,136.50782879576207,359.6146276490844,85
53,145.54118644253012,350.000658067128,85
4,384.91599111877446,330.5251278808868,85
35,358.9428136017068,329.49875363652416,85
2,252.3428805263564,247.74259240444192,85
17,107.94262928471626,369.87294458783185,85
45,98.5891857800974,396.4667303909085,85
54,73.55733037370376,330.66353588413557,85
14,446.3878017675311,307.55322660330756,85
51,392.38148499522663,309.5518478739593,85
52,340.0885127310517,247.31553129312107,85
26,286.66255254850836,248.65504728849226,85
31,298.0308482925903,178.30331657893973,85
7,26.81813786526571,264.63470381792393,85
33,479.6429484289219,231.1046184556183,85
37,430.1287182452856,237.67830859151078,85
6,382.7226051859782,229.00822525815107,85
12,289.38518797689574,170.43501466499754,85
8,256.1418693566082,154.61310132193984,85
29,264.68009249245233,122.85017753024991,85
38,242.7479837277299,126.77110018719368,85
43,329.0752096998278,144.04211362122837,85
46,376.86436483201055,169.22689481128134,85
9,449.0622096535053,163.49764191853245,85
22,414.4549935437142,185.6139218787169,85
44,391.86008126496574,92.81666382859116,85
19,496.6101409662441,133.5354334730303,85
5,386.7696244037594,9.84117509010013,85
16,405.2101247843186,85.98664593404276,85
15,479.0696124669369,69.61132808082476,85
27,453.09943901810954,22.288184230837395,85
