id,x,y,portee
1,62.02089805452682,340.49979699401644,85
2,12.237473559877031,333.7572080236374,85
14,124.92863954873073,369.2998124343957,85
18,82.75656855434049,439.62109299581243,85
15,50.340671278000904,456.32087346886385,85
