id,x,y,portee
3,53.269456650269994,71.53271458022148,85
11,30.22915507432222,101.5030890867879,85
