id,x,y,portee
3,367.41172048827764,391.975226739591,85
22,370.6650832783503,340.1138926707904,85
28,398.39159508678335,459.1465911837117,85
39,395.33410101203816,403.3871419679307,85
67,338.9919337542972,455.23611898059295,85
17,451.5803040868131,453.9723092664889,85
33,268.0160317619812,419.856975875865,85
40,288.74414744157696,489.7492402505582,85
11,499.43823754925467,394.85148008746876,85
8,254.29397367179297,395.24878077342333,85
25,218.84762869256485,448.1999556502297,85
48,217.5167343626364,439.81397578750654,85
62,209.50350542035738,453.2839005479932,85
65,206.59360905499085,386.39393295056334,85
41,469.5031174841307,359.47442470712116,85
14,181.65012729156172,457.4457387152915,85
42,191.54056837813565,459.1703799833873,85
51,116.91140541360507,489.3724160528615,85
52,136.14200885911754,497.36480953535164,85
64,118.59569279865201,412.5714556788793,85
9,34.08805317281344,480.1238111160411,85
44,62.68374133482102,491.38799265874434,85
45,93.97180160199953,493.7191753286007,85
54,51.964553107867125,444.6028399434329,85
56,44.482238354234816,430.9208824904442,85
29,2.815849071994614,422.8901725997563,85
27,34.7267833022532,389.8428827207477,85
43,44.80910340074412,359.82266362349816,85
59,19.708465164217483,295.9453815935452,85
