id,x,y,portee
0,251.11333860269204,413.1295267201063,85
14,318.0964416862088,411.1374403939042,85
