id,x,y,portee
2,492.2011301377923,360.4190533943176,85
4,424.5839250579415,332.69862486347097,85
7,394.5765276756524,272.9213808503438,85
14,338.63506358877873,252.58209972360874,85
16,339.92080794582535,285.49275545625954,85
11,349.3593962454881,171.3792429378904,85
