id,x,y,portee
2,319.5160060163473,56.05803438016454,85
3,368.3157833237731,35.86103932745621,85
4,378.248390435666,52.348540419068726,85
15,235.30384673817989,48.98763054287386,85
19,379.44920407327066,47.27803074094433,85
20,262.58332188600286,15.229315637976748,85
12,430.99634930586825,58.991575113658826,85
11,222.83340645748262,15.455808472511933,85
17,187.80369801573914,93.73143252326832,85
29,214.6794288575026,34.73626045970779,85
10,487.8960448228729,121.26903252706455,85
