id,x,y,portee
1,353.5775884584877,46.349366249867465,85
27,376.86831291651697,38.447522912014755,85
29,273.20782298871086,27.39778355584538,85
47,348.3059790633364,16.448452905778844,85
48,281.2293175751312,16.245473093907947,85
25,454.3397907209811,38.23552752076015,85
36,237.02086093931553,87.81464354336532,85
39,496.42363789556885,70.71039354656044,85
51,484.97155398513627,94.34511813005541,85
56,259.3755096675328,155.5747354143735,85
35,429.38211594222673,120.89634568246393,85
52,482.7236738790411,134.14523014308193,85
4,404.7169729693477,118.85587768551098,85
31,259.6016159732849,198.3545085758351,85
11,383.51448466187907,127.50925941339291,85
32,444.7945859642683,177.92955804497518,85
57,350.4786621598816,152.49370012195035,85
14,447.1504338664962,209.69426431555655,85
16,484.5465904310265,196.0986193677425,85
58,349.165416874254,173.95043394003235,85
28,312.3895849980205,235.6048728359973,85
10,493.92079839205184,230.9241779045853,85
12,368.79246439635705,238.16476564866562,85
46,478.54190597948804,296.91219731977594,85
42,408.2491422107838,302.9136061597596,85
26,461.67433920604293,349.4967609895103,85
54,444.18591810366456,371.5225014266676,85
33,399.2707181238007,358.6850763438441,85
5,474.8367796619219,405.6572082777654,85
9,499.2399990610979,382.8912847127781,85
45,354.31163698920153,413.1457505852919,85
43,481.35161571446054,468.51602827144615,85
20,331.81152712545594,484.7847652557502,85
21,290.04426987111225,417.60706950544966,85
23,388.8696805720204,480.3710490792731,85
30,415.1842710918715,496.67827572636816,85
24,241.57521151700107,359.16722707899146,85
37,227.19500777568,430.4386615154873,85
59,260.55981356495624,340.11576745510666,85
3,232.9718391135313,284.66719283676485,85
7,178.0545892066464,402.4167485611787,85
15,207.0706902731631,323.06972808770996,85
38,199.16627134860593,423.56862797237943,85
34,203.86033980034702,276.2554562226871,85
60,175.84280895558817,298.6947868367443,85
2,114.54555352214535,384.1785168100236,85
19,133.18832094894023,351.2502526193796,85
44,123.0758784756144,425.89037971505206,85
22,106.88589737110948,324.6025005951264,85
17,91.27062339219788,329.24537005231383,85
53,52.604919647575684,447.9146937189061,85
40,4.457811623028107,387.1301587642458,85
