id,x,y,portee
3,163.3982321138815,43.46709411397853,85
11,177.7788035483653,64.20564196651624,85
17,176.92852986098833,3.548141161444307,85
15,120.94338664246018,123.21239386245631,85
20,48.542217064912016,109.29711811446313,85
5,4.266921623908349,82.0678955817542,85
13,26.356391421970994,25.195620867662804,85
