id,x,y,portee
0,107.42612638250698,93.8108199106551,85
8,141.3317010107657,161.40497166303896,85
16,62.47364378592174,97.15941766406011,85
17,179.8820339089879,79.80039080713952,85
19,122.47342042970949,122.13174781751601,85
28,134.6582971587401,37.65505540187336,85
25,225.6576345225046,62.09165617804785,85
29,238.61179589205196,73.04756998651246,85
6,254.13518762303684,28.56004663151701,85
18,292.9484906011524,86.14459375376227,85
7,332.4081491232473,33.85088760491462,85
