id,x,y,portee
0,70.65527899209346,205.52192248612323,85
3,60.573296154838694,174.99159298636624,85
15,122.37606751509661,247.73855306618796,85
16,43.97376283165,255.6698060254274,85
20,97.25203329542187,234.30957834311005,85
10,58.232892198994136,98.0486081359368,85
19,161.50093350610172,248.0985757608643,85
24,115.9262633860338,301.9843981027635,85
32,106.2458646666934,304.2634873848657,85
5,29.248517836215903,281.0233059994687,85
35,77.09044549412319,80.26703825330905,85
25,33.507754272035896,16.599941451117704,85
