id,x,y,portee
0,374.7355894920724,73.50160239860753,85
4,370.6881624382521,30.28249562980384,85
11,373.82372101665504,25.691057006277994,85
30,433.95034556193104,129.698061636422,85
60,379.9055830198052,25.228072001393155,85
63,291.18538448556995,74.23704289840249,85
5,248.63090874499204,47.38058084777702,85
6,232.64570958310287,108.85180662443823,85
21,167.9021629303606,55.984674763059076,85
23,157.75586338375606,91.88820509007711,85
2,126.44438366954842,79.03752201815867,85
37,152.4593100465585,51.97175217480615,85
10,157.1194563185842,153.2609208308599,85
9,53.36070258765946,106.01879463423714,85
42,79.38774737181798,15.340914858294752,85
1,128.84073721864698,227.90160824571004,85
46,96.38122474957106,195.1737159713583,85
50,107.9910570256482,186.03723176239112,85
13,27.2136833733892,167.7536589717978,85
15,0.9616599097524436,171.14678374098347,85
33,22.107346425249087,91.53006223659627,85
58,38.01527184540565,115.82593674699649,85
64,47.77602324482738,135.71987954299996,85
24,25.0329078994892,21.275375223813842,85
18,104.40362178848689,305.0112110052847,85
25,181.36139287362008,261.5164911944316,85
35,128.73859063361752,310.2373014750991,85
41,76.03481103800802,282.46073743059446,85
51,92.7951896865465,276.27450185036344,85
43,17.049852057759885,191.08642282586797,85
54,36.62545985167964,218.17916000156995,85
53,12.420211342467569,215.76724543730867,85
27,65.56097975828196,369.3962183821339,85
28,49.202560176086315,277.4658481380957,85
32,57.25199004190107,283.39436919494335,85
49,47.79887811354055,337.79584326823846,85
59,34.2793943266132,308.8167530850121,85
14,204.10466273874266,322.04889428252034,85
16,182.71953942618484,341.65773717535217,85
56,181.67067760868645,355.5706028869504,85
20,15.245551767170461,282.33358070652116,85
8,6.2188109873397295,348.69941985723267,85
34,58.24229000511072,424.89545788303843,85
39,112.82779861387587,424.9289155885935,85
17,200.11302624575478,398.0491679983443,85
61,79.42801481188422,486.44657105648446,85
36,138.80781198744342,495.6308045987656,85
40,136.1130391596251,498.4020697793051,85
26,177.2279525437731,492.9086622156714,85
