id,x,y,portee
3,77.74049054355203,252.67147973497512,85
18,79.03002467807535,201.26824232106932,85
14,77.48224152515476,154.33190925198886,85
11,21.01327702153832,93.44891016493051,85
13,97.75978913485834,77.99231927918171,85
9,112.12945309564581,45.84190030355556,85
