id,x,y,portee
0,369.32884069260064,92.09853093778614,85
6,376.2296142621677,108.02991806701256,85
7,381.3626011033972,40.754855476040575,85
