id,x,y,portee
0,202.71415679304457,435.9874968047405,85
3,163.4352455166363,467.0350167268863,85
