id,x,y,portee
0,175.3266951652368,453.2740245772529,85
25,210.21187792070216,451.09321726400543,85
29,166.0692145398409,475.54539578313313,85
32,186.5036438364719,461.7531972539752,85
37,230.9179693164769,409.0749287854071,85
15,261.82235488427324,465.05749692030787,85
31,238.99928558332056,341.08344913278916,85
41,235.78757894479364,369.8409864703985,85
36,246.98112088906439,286.3752032479141,85
39,219.74876407946832,271.9413909346496,85
40,210.46922059382368,307.8231273342801,85
9,159.67487125511383,234.80117276380886,85
16,118.46043689815782,234.37925269532596,85
11,48.088773670376064,229.73078252832175,85
17,36.26554350821115,245.6017869292435,85
7,26.0403801047589,250.78775664252456,85
20,4.325524095707356,234.89980191402782,85
