id,x,y,portee
0,189.8372546643359,251.29409427008608,85
3,244.49860039919446,209.4738583082043,85
12,233.08338886622926,229.65661980049578,85
15,206.16643130023715,171.22506135400621,85
24,237.47604232503895,190.74573956109748,85
30,217.01403179767505,197.8130942954256,85
36,225.0182836948545,212.46963935453783,85
42,203.70019355345764,228.54178277030718,85
45,197.96453208672693,324.8635226871657,85
47,236.64295802914398,257.7387181145638,85
53,244.5342734693486,223.2760293280594,85
55,142.66923129778826,192.14767877953153,85
58,225.43730712950983,248.80939579356155,85
20,300.2568588482857,196.6616593605444,85
17,236.44709464539378,388.44563518773,85
21,252.22679770524803,364.0038877964893,85
32,175.77352110771494,396.9786332370201,85
44,300.1924206905509,288.2631097473616,85
34,358.76879178595027,205.6346549378333,85
7,284.4722839281732,430.1323825176916,85
40,159.93918656160355,406.2212810789778,85
54,253.20994448345573,400.66984447765276,85
8,374.97956111270014,243.74463672397889,85
31,383.46050698121616,151.96573444214744,85
39,398.925140100964,141.5147468024145,85
49,391.45916336166636,193.51321943676942,85
56,425.42567850573033,222.51557224948453,85
33,261.1467995216751,497.73098448960803,85
6,464.2862611539661,161.43732203206113,85
10,437.43752354254605,162.17861819392377,85
11,417.0298353961456,119.97675998941892,85
22,431.08313087549396,114.65982919239521,85
2,477.11095168977374,111.76699795841371,85
14,446.3408474238645,81.2421717077626,85
1,498.94483578756405,259.5192440258769,85
5,487.77824134490163,229.12448841186884,85
