id,x,y,portee
1,14.77504492371895,150.90308394038198,85
2,63.72874019461439,96.14657112255387,85
3,46.652212661431825,77.42236152353954,85
11,46.9304137223967,204.59562233213126,85
