id,x,y,portee
1,64.35012609486628,444.32176635572864,85
17,115.14069614037975,383.7025279031429,85
4,157.12848588328688,440.3413333847115,85
26,167.8100548835824,321.5465472667338,85
6,211.21219536317932,378.59492395528395,85
19,174.6578002196199,295.3967725209518,85
3,247.7363141904635,282.6737031385817,85
22,201.39130372508,215.01464343216713,85
