id,x,y,portee
0,433.1151522999547,391.8159158883125,85
1,373.71781250130215,342.62084042590084,85
3,470.446625600208,429.7982293463618,85
14,406.0223602426081,442.8437356579808,85
19,487.88424324994264,390.07983272211357,85
15,313.73132814457864,316.0917338595568,85
17,360.1668226534965,272.75269476642853,85
23,374.1593872934067,302.2586126210323,85
2,306.19086334726353,266.272028542765,85
