id,x,y,portee
5,185.28151094362772,181.58484698257104,85
8,209.06687653217705,111.05658164953425,85
11,156.69406429439758,259.99042375591216,85
12,198.67197874071007,133.58195855747533,85
18,212.30290972649217,155.9004238070808,85
7,152.30993769601181,323.385524721356,85
19,214.71251167612226,303.4734960398993,85
