id,x,y,portee
0,307.24788406946635,33.220077402717095,85
7,328.47632277219816,73.56974979621128,85
9,280.071183047167,108.93808244489477,85
10,403.4547345977069,67.96756601938186,85
14,223.93638524401493,171.16231192003363,85
35,275.98894750319636,179.70559534492108,85
15,427.65935838304466,7.193029882200608,85
22,208.75061407813362,197.05889112082747,85
38,242.75178106257206,214.69727217593876,85
29,465.4035129218639,3.403587931248675,85
24,220.7714396039819,257.7960858067438,85
27,222.18367353433678,296.9152720840562,85
39,150.69138568855178,260.50220767447297,85
6,296.9835202358784,324.69132195025117,85
3,125.3182037796658,260.5744741374548,85
4,113.66347487341733,325.8927575921033,85
8,116.8542264739813,303.52724243106024,85
5,79.76963019508898,396.5585267551321,85
18,134.56829775242042,416.90243419482323,85
25,154.44365118677484,405.55581273442056,85
33,167.0656165925003,416.92760803838473,85
