id,x,y,portee
0,101.9343388188395,186.92588593687805,85
22,64.27235010624771,222.23637081519075,85
25,182.16853750027678,164.06438490858721,85
18,17.91195239576071,284.9602646847715,85
28,220.79605694665693,229.676127219453,85
30,217.26879288063316,183.99009064953998,85
1,225.3627152286348,240.5379217856099,85
7,154.4351607802254,269.52363587901107,85
15,263.1624023386514,261.2766382963401,85
29,179.93644271560945,301.8896704006893,85
14,192.51680305619405,369.00278481571434,85
