id,x,y,portee
2,336.74408312827615,401.07200189699347,85
13,318.07422054317914,367.51921624355003,85
15,306.819608771669,452.5469154557665,85
18,401.4568384825177,390.28245240818643,85
5,286.4980943151825,321.9716901504803,85
8,240.15347702755713,443.7199610819964,85
7,436.73477669989444,427.08459647411127,85
