id,x,y,portee
1,439.71589852513074,328.5599190532112,85
17,475.7601001689785,353.16591102499495,85
14,483.55466531461866,434.32837452815545,85
15,450.35563587129786,482.68054034603574,85
