id,x,y,portee
0,223.95998009007283,224.71340879398116,85
8,255.85798732430675,200.03913160864823,85
9,234.58284174132456,205.07943565885344,85
