id,x,y,portee
0,29.449311219413577,180.23129100086481,85
18,90.40437913122385,237.71922496803217,85
13,106.60742883200169,292.00537001755276,85
23,132.6786936108223,206.4184575696753,85
1,28.597366145042045,303.4470438846882,85
21,117.04594211757652,370.70067778580704,85
29,96.39967704568065,354.79316743963363,85
3,156.0210352255545,365.64996032506986,85
10,140.12443780152552,446.39574252434795,85
19,158.17288368783255,393.72045658012456,85
27,95.564719595644,418.83909910027336,85
12,223.9433003807771,347.52771477219204,85
26,215.6585200576034,386.23373792475394,85
20,88.17880734130318,453.0810609443025,85
16,285.91292985597295,381.5300609672998,85
30,226.52861593140028,294.3021014177151,85
5,237.14869237977848,241.2069248388865,85
