id,x,y,portee
3,8.503403810617316,445.17924744859926,85
14,60.98811354676481,488.08924978541455,85
26,84.90956605377859,409.7722326497824,85
29,6.542767644939385,477.0795952608052,85
35,100.0512267144566,490.5497559133768,85
21,68.77283405050544,347.22354481952476,85
4,45.27619534199001,285.93489264619916,85
9,78.93210492163533,306.823519768279,85
24,86.68153879321655,291.1515218292923,85
32,84.67733398901028,285.8769275673997,85
12,8.675359239294744,223.22282157219863,85
