id,x,y,portee
4,217.8184395619117,164.23135248584185,85
8,206.64858907551704,229.60782146531093,85
14,173.0485218426372,155.2849068651188,85
10,274.782795270822,262.58343877941894,85
13,277.9749736911179,317.37137171971915,85
16,232.94625423669262,315.45708259957235,85
15,283.8050150498991,386.26677570936477,85
