id,x,y,portee
2,360.1327827919707,268.64437844110955,85
5,399.8122527061967,325.2154784617152,85
9,405.9368057195499,236.8652475235854,85
