id,x,y,portee
1,433.1792168978399,129.17144753782506,85
8,363.7085771570061,146.49497971592234,85
19,431.166840146675,44.960625767582975,85
10,284.460656948276,140.52373676278017,85
16,410.31994101350017,214.02101597900898,85
17,212.17398864802405,102.64408157899851,85
20,292.5346015320333,97.14127991825089,85
5,170.51496522120314,174.6236603970561,85
11,147.47226815983637,78.58376442522369,85
4,300.3136893392357,32.96860216905267,85
14,236.52322788201607,222.21142557013752,85
