id,x,y,portee
2,422.0509778347409,145.70958540008417,85
14,417.90648425622345,139.29381505232175,85
15,493.31452162622026,184.90744884137024,85
25,408.7693329549228,103.95312573715937,85
29,497.59125040215673,128.4130842462316,85
30,372.0999842126229,209.6940279837346,85
33,342.62803069427025,77.32408958584696,85
4,320.7214165397592,270.667048209345,85
5,387.8783514126152,258.7305921253839,85
10,424.6915727328016,254.21088814764485,85
18,380.6997909706339,262.43829975779374,85
21,332.50968755199926,344.60792608476385,85
28,276.9818426272753,235.71680804867418,85
36,312.68773278886846,328.95493753163,85
19,403.0827532087991,329.70342961292266,85
