id,x,y,portee
1,78.78394433159535,156.77613889741298,85
18,69.23814600809975,239.93874495569506,85
7,133.86487812005277,252.66964555344856,85
11,63.66255842264884,256.54652687859243,85
14,42.84094850595799,298.93847614917934,85
10,17.278696789474523,376.93515606828845,85
