id,x,y,portee
1,168.93487778339133,387.044332752094,85
5,185.05662096425058,413.62472932683534,85
13,185.67142052190027,340.77967353559814,85
22,179.318742925954,356.27968165710956,85
42,183.57646591100445,466.5190273623233,85
52,95.41797755225178,395.1409609954521,85
12,231.55186640097503,328.01608453499483,85
17,236.06679548047848,332.662292006592,85
45,251.68900798817768,325.2587333357949,85
25,127.15068665424783,497.65470542510553,85
33,127.59347642328828,495.92855519983107,85
35,52.952282539979024,422.9748881556844,85
56,87.02936354045914,311.0566966539792,85
62,65.3909855147375,383.1971681321259,85
31,239.6233170997898,271.890557536678,85
48,233.05921105748928,258.7693738685171,85
15,19.165570339462924,494.9024673141783,85
41,30.27676784812411,461.9309789782598,85
2,77.32042177244958,274.99293467760685,85
8,87.21718259896937,273.31996775357686,85
27,56.45903992369872,253.00639032572752,85
30,130.99017808233114,245.08905223748823,85
55,139.93395140641678,252.59741209526442,85
59,76.5861465487424,206.29614073498755,85
9,124.44657233871526,200.70730670838017,85
