id,x,y,portee
0,207.0089506354151,345.1486786647203,85
6,224.9523115254654,289.7812712278269,85
10,174.49581219388426,291.5852425356346,85
19,280.5972630717935,261.3851201636323,85
16,107.53238190209957,277.14117913947655,85
12,46.43159721324108,268.59075238333065,85
14,52.848168789307756,256.86774284721986,85
