id,x,y,portee
0,413.66596832004956,224.9927246622056,85
1,452.91436178342815,273.8650766167928,85
3,364.5205528015235,230.21972022772908,85
4,387.3192513527859,277.66535510921733,85
8,452.49811732820797,153.9788493890265,85
9,393.3912971906515,115.45454433490399,85
