id,x,y,portee
5,369.62496650797493,268.61777468467966,85
6,314.02132389393887,310.2505898818606,85
22,333.8954171669509,297.92854810155455,85
24,287.1978595483481,301.7644940450301,85
23,204.23966857710886,300.6618034936343,85
15,130.2174965561886,318.08701605756664,85
29,139.01941779646265,267.077994861425,85
11,130.23105454207467,242.32834683037703,85
18,80.0798758421774,314.3419938695164,85
28,122.89643348914613,275.3067318045728,85
21,51.18315239817212,228.90422389545617,85
