id,x,y,portee
1,423.38380879512255,36.41979745070423,85
12,385.63669186041113,28.319480676604947,85
20,407.5754126556813,79.93033171462899,85
19,329.94586822208856,86.5954476780718,85
4,447.94438329447325,140.5062781955403,85
11,295.9618700438088,13.505764884982952,85
24,301.2436569438217,7.982372527252924,85
6,225.12303252702526,37.68952563509759,85
