id,x,y,portee
1,171.5460508055941,151.819436160672,85
5,167.39053990111069,87.52705254480442,85
11,180.09408340533466,186.47239021626615,85
19,109.06850209564529,155.56995430211344,85
32,230.4438295082158,157.8198563119474,85
13,138.47154155960533,60.83504211683049,85
31,85.90470141830203,84.34600781728929,85
6,252.07402403390944,194.83577164701356,85
22,143.56538538104624,236.66695614209564,85
24,60.53136448712998,154.5007687588386,85
27,54.46248849609814,115.33331742870374,85
25,83.82092905459515,55.936898625448265,85
16,31.266553369934392,105.16260114873555,85
9,170.40882315622184,282.1471144501856,85
14,233.41927434851644,307.5591169765741,85
33,149.56042396537606,364.19599755013314,85
2,254.0245937261582,355.11449991718644,85
21,295.20939167404873,283.6374160155247,85
29,255.66226427485762,315.30261263474506,85
12,69.52997352429557,347.1424165436654,85
17,344.58626371604475,240.62500694544588,85
20,347.7750470365303,341.6713030014885,85
4,71.27229862613599,402.94424122396146,85
15,375.24999596674735,394.74570113252605,85
7,112.90208579139744,444.35195723762826,85
10,11.546512627322315,439.84718759325733,85
30,409.1640386816257,444.6031968275475,85
8,188.76822365561313,442.4098658095335,85
