id,x,y,portee
0,325.19719021482564,261.6237012843322,85
1,351.32416138355285,200.8866360727204,85
18,333.70786101147814,238.55649438848846,85
19,274.1034859278242,249.8625813221953,85
25,370.1855301517569,238.07203306297347,85
46,243.21474239722667,240.08966746269837,85
21,282.4648537219653,187.032833888446,85
27,398.42212434403456,162.06009868579602,85
30,293.50402804784363,147.02990690858303,85
34,423.5340124596035,200.82257101209754,85
40,408.99555878757866,171.60746474364657,85
10,234.70948449892347,254.98799668378715,85
23,175.14655554972995,245.58092303268765,85
12,467.67055351281596,205.51594643323574,85
14,402.5180963608642,106.72254127384589,85
24,459.56705211616287,220.09746651461887,85
22,308.61625960728895,63.90668310439357,85
48,334.6393664847793,86.81831644029609,85
13,230.12715766671383,335.25520083699763,85
17,174.96953166824125,306.3992501029952,85
38,154.7974971522733,238.33720129537704,85
15,116.94180820083844,231.60180966898497,85
20,184.22560416764262,171.7238420017496,85
26,497.5106167736845,157.63559864429254,85
6,394.00404050379115,48.77006808615958,85
39,363.7031919498968,64.88513357654591,85
4,350.5050169004246,23.763512518480244,85
36,259.90463028906004,4.01769025733495,85
49,369.09989912585615,25.989284069345754,85
8,299.7426509120856,351.75802601740355,85
9,226.45637716899213,401.4822156678463,85
11,179.77672141811817,394.67274607995586,85
35,245.0833504824615,343.1727203808749,85
42,58.680670760890116,227.81298275106653,85
37,157.2544915562107,135.51064548970226,85
43,426.3833499057967,22.322687208357895,85
2,277.53290794428943,435.4987844198399,85
28,143.16390991254136,54.42951081611697,85
41,102.42046249161102,139.22139013429535,85
16,495.4459848321667,69.3648798209896,85
33,92.73498424195003,74.36724037635317,85
47,80.12951550966874,94.76431401176843,85
