id,x,y,portee
5,206.81335265161815,96.39835708666634,85
14,228.25105915251643,141.92548924959559,85
22,282.9556271001967,84.93592691099,85
24,196.77629367708184,63.75097004079039,85
25,263.7673828832845,85.77584269039585,85
19,191.85620218823811,206.44961181753578,85
23,330.7550365885728,109.90086668455751,85
18,212.97989796467664,228.96361678845318,85
