id,x,y,portee
1,278.7726625788722,362.0608198635338,85
3,308.47791098687725,343.1693064519957,85
20,375.8827059617037,324.6876333313123,85
4,423.72166472264774,369.1809449329239,85
24,430.8324846636538,352.5666291802388,85
