id,x,y,portee
0,200.90555708011487,254.56213916296784,85
26,227.65237505479297,192.88601457975963,85
2,213.3423265441467,120.92424177174921,85
19,225.8386145269409,123.3871873993071,85
9,282.30957773228806,109.72290012805242,85
24,155.26022022964446,120.97485016479953,85
29,176.9394094506615,74.69128460064017,85
31,189.67948300781327,53.96314612748204,85
21,322.4453378040666,96.29980431130363,85
11,117.66977526496409,89.6539497516044,85
27,126.16614210217209,187.97278577558828,85
37,89.61636475238949,150.44119778731647,85
14,136.84274399734682,26.01556528637844,85
22,231.59625239137134,4.426516841631257,85
34,361.48918458434673,48.87332539528594,85
33,54.974711300492196,120.17446066674792,85
15,48.29933349924653,152.65100297318895,85
41,25.610852637464156,70.64843639825474,85
