id,x,y,portee
1,58.36138402960201,63.213090042261996,85
2,131.1079059655867,53.18856207407357,85
5,110.69677426866764,1.1451079700217082,85
15,21.113381532803068,25.08970176260711,85
20,42.79727026454333,3.1250804696627554,85
27,67.18543947246842,62.85903636963819,85
35,81.37477486723155,60.02709711804821,85
36,104.21092632848922,86.87574530465791,85
47,48.27522141053425,28.2545244759404,85
49,18.680851460002977,14.038585843310026,85
39,166.6787208906254,55.181513493974876,85
34,160.94214077858544,142.9144405443012,85
4,208.06004301697624,13.515436312076357,85
17,204.83956618241055,1.5943810673013648,85
26,101.45799060464661,174.3824679000584,85
32,173.15972677982262,158.140138906602,85
6,74.9600886245701,219.14033302664708,85
14,147.35981591209517,228.27416876157892,85
22,73.29855973085664,244.11732982889305,85
25,78.20863704959847,223.0809018861558,85
28,70.05651421315912,211.8557892372379,85
3,17.958431448987845,206.52152050624517,85
29,55.63203572168018,246.86264803055923,85
31,112.34501433529104,272.40883012927446,85
42,3.4356804794946627,181.37578869899156,85
8,196.16358743453875,263.06930155260085,85
16,207.29241872450527,236.12733692154342,85
21,201.29900877125883,278.8856659841645,85
