id,x,y,portee
3,170.68243378107766,289.58409430877924,85
10,94.13772975642392,271.10522553506786,85
4,38.9242133607044,259.29380727387974,85
