id,x,y,portee
0,386.230616791589,409.8359802245068,85
1,393.6562642248863,348.94181604877076,85
4,308.6778963718747,375.22821610994794,85
11,444.51876496042394,360.72495757276965,85
14,455.950444327102,428.53993537770214,85
27,371.90436567385444,477.64312897578645,85
7,339.0979688377112,337.0236355938044,85
10,345.8935735258454,286.3330985926337,85
24,309.6464125566497,372.17169826543505,85
26,281.52608134267257,326.41343413596417,85
20,351.4438028986942,491.1505656909912,85
