id,x,y,portee
6,279.47555449199655,360.0377900999668,85
14,327.6383363039493,372.7160741926807,85
18,232.40204324645907,380.2435904003587,85
23,240.4327731592603,422.6425452693284,85
24,288.44756825215444,396.2545110081909,85
9,365.7217037075942,437.56858161349874,85
13,360.17084699733806,419.6585667407272,85
22,324.42249744272925,432.3584947270243,85
20,201.31011222929357,443.5081518102556,85
19,243.46319463372902,471.35835270674016,85
12,136.2762735970779,405.37748667195956,85
