id,x,y,portee
9,29.832119277361958,303.59880666631784,85
15,16.31554600249863,322.2638025955576,85
16,20.066295226168375,367.6384426628722,85
11,66.62199655737395,416.240125950392,85
25,29.128319558704487,439.9179384714443,85
27,32.855359160976036,494.440927086399,85
