id,x,y,portee
2,441.1721894956375,276.9028328737355,85
8,426.73850831545104,239.65873653929654,85
12,386.2173659824547,195.21994856464187,85
13,373.88249179598785,191.90923945690312,85
11,339.61427259750536,126.6427632966982,85
10,358.6714132198287,105.44012301634021,85
