id,x,y,portee
1,385.3732069610651,325.590612560326,85
9,437.895275876224,339.9346378787787,85
12,413.942338366151,277.6275435454971,85
13,468.5191301721737,384.448101691911,85
