id,x,y,portee
1,267.5392138038242,161.38379375962043,85
4,287.62595444681654,173.3840346187249,85
7,285.1718707900617,167.12057049434836,85
11,250.201470820252,221.40812445324315,85
15,262.65661766155034,239.4924619283118,85
8,234.38550061649372,300.6208581352877,85
5,195.95067270432926,315.5024968106846,85
