id,x,y,portee
2,401.19340302948876,325.034698963706,85
4,373.0006140490051,301.17119045643904,85
28,478.45639583556266,344.6299157384666,85
31,333.7791967850269,267.48323040822686,85
12,337.1034965799111,212.21859882177353,85
15,313.7037370085937,182.78078509239143,85
26,382.3748948730065,156.49485056101187,85
21,234.66952530877543,185.97164856969184,85
19,442.52320148884803,209.0559630308862,85
32,460.5457487777086,184.08619980609603,85
13,497.6428966663461,257.7234903841111,85
20,497.9485565682525,215.37853472088446,85
