id,x,y,portee
2,101.08795366112905,89.42743398610098,85
3,76.69964039001765,86.01613683224801,85
7,21.535486242797276,94.96555886862356,85
8,87.6754818408601,87.96384296140319,85
9,83.37396595059771,88.68045314244105,85
