id,x,y,portee
2,172.05672477044376,241.05612894138596,85
6,129.30346782143855,300.74843464601526,85
4,98.11701547610386,353.97495754962614,85
