id,x,y,portee
4,463.0091868568464,456.102440192116,85
5,462.47700213825874,462.3753593591054,85
