id,x,y,portee
0,236.04844289749406,166.9633182027868,85
2,261.35479514279166,191.02073688408439,85
28,280.27726035861826,142.7272221505118,85
31,191.6225911682557,188.65677134709517,85
34,324.5832633026499,211.1669450461277,85
49,331.5239954132132,160.40656382825418,85
58,331.97685460418353,232.6205800331894,85
51,177.33237929724677,250.43830707395298,85
35,340.8369126713195,277.2008266617895,85
39,377.8412143981437,272.8314527419824,85
44,374.928128889935,194.83574830170568,85
4,350.46070032688567,82.54999617897745,85
53,366.67881335135104,92.67290446811327,85
3,110.1948240873895,235.66143346245866,85
11,372.0363863388631,322.81491348101014,85
22,353.44234061597155,326.79257627167203,85
41,317.1269837017201,324.092746944407,85
59,438.3261369236172,279.32721339984977,85
5,453.4069706824406,184.89666814316863,85
8,433.56046406611756,184.15409584466414,85
52,404.83205880901875,108.56182895138782,85
40,78.14870873520114,298.169548378585,85
15,404.3768400748209,398.61636426295223,85
16,374.99430299659986,359.09005172651723,85
50,404.7375174222985,365.7027732675746,85
26,259.92058102181835,321.60587589890685,85
25,451.5894249882011,128.28429249154033,85
33,134.14340903539585,357.64783978970826,85
54,48.55845258114916,371.62614922576955,85
13,373.1788791988545,436.6126282853095,85
21,445.59537046748636,404.33737433860387,85
27,399.2102039433244,418.62111440971364,85
29,474.59779939501396,378.5037800718881,85
57,435.1258888405117,470.958028484786,85
17,231.0836845821045,372.87210559961636,85
19,218.20368102612932,332.6209977165053,85
36,221.31836613263854,354.00792490787205,85
38,229.96200374690767,386.07625467494694,85
9,130.99705063367674,375.80372397198164,85
42,169.48994631729386,376.1937921379067,85
23,44.88614827644982,412.56303494138604,85
56,43.512317994698236,408.0318429690943,85
20,305.9564569309217,433.40403269778534,85
32,394.5399998516068,499.52993851003686,85
12,248.8742272268291,416.6341869271528,85
37,194.4835676637685,445.71407999307803,85
10,148.27968425928273,454.5974342388633,85
43,145.4040215325999,443.8910776368196,85
24,17.780145528238865,461.1823703193646,85
45,97.91636102682949,461.4827302072272,85
46,95.00014146214924,475.41622731829153,85
1,291.5052312723668,483.56078433351763,85
6,258.26963051055094,486.9246867857471,85
18,290.1762104045546,468.1649040081546,85
7,13.81023662716807,496.4343976895442,85
