id,x,y,portee
0,206.188867096891,123.30139545743907,85
14,170.1475835179298,139.42670322175294,85
4,177.76458383262383,207.3580066124374,85
28,177.50821804956036,211.0788095286545,85
21,175.6975506817679,244.23197816655295,85
23,110.26552921476728,267.97036423904694,85
27,112.37474403798625,269.12770175105436,85
17,70.75668922872286,229.09155386302936,85
30,126.6597474203215,328.42493246886346,85
31,101.21442607667174,315.2865093846307,85
5,25.57788157642804,348.3343057221009,85
