id,x,y,portee
0,294.25273037197354,169.55401200617536,85
2,233.55103461629446,149.5686425555684,85
30,259.42755140241326,97.55342692012931,85
33,250.76817873327488,200.97952172731337,85
15,208.59833161843073,200.5271334722044,85
26,249.24677378155457,26.478735143402155,85
39,303.59870552021897,80.90975857045134,85
9,301.9405207247424,265.0817763140379,85
4,202.79726649333418,21.701072891703312,85
10,369.25333093771667,126.53833256367547,85
1,372.76219412947046,256.1592686792412,85
18,315.12310465921445,326.41479540277743,85
19,368.0688052911002,311.20329979427476,85
5,451.0700150953456,146.77048867814503,85
22,390.5997589542078,72.86505407776322,85
32,428.7477322396435,177.48670665616473,85
41,425.44724798319027,182.48439803060484,85
6,444.32619049151606,216.96494040023467,85
21,393.36222107502863,231.05647643289333,85
23,499.6651363592889,87.23968183642062,85
24,455.3806871960997,181.13046768627794,85
37,434.7467942996445,38.869274372509146,85
38,395.11218780406506,37.57138828175016,85
