id,x,y,portee
1,353.7514975048196,86.01075369722966,85
2,407.138845211056,69.79503955369043,85
17,412.9063980263356,137.10985702717588,85
3,426.25375222266615,167.90106314554987,85
21,399.4211019800168,194.50612782299015,85
10,442.3105572880376,243.83991322435227,85
