id,x,y,portee
0,2.0609607530537866,320.6870920299357,85
4,10.197393549999989,324.2529397181932,85
7,68.74718735593666,369.18956825538686,85
24,51.39485034760416,318.61752233941615,85
33,48.06000994701509,317.67576605999756,85
34,91.0960955544302,341.7332055206748,85
9,130.09170278156478,352.87519818105596,85
18,108.15919885049297,391.5303015915701,85
36,103.82375225566027,377.0220415751094,85
42,101.49039739423598,398.38421378313865,85
30,90.76342636257762,247.22466429618783,85
45,212.11882265026287,345.4492319074584,85
2,68.03868333100677,457.08173271324193,85
25,20.206774905509928,212.29145749890105,85
28,243.71394980133786,274.9014694237224,85
20,32.08362071347381,482.67625158946674,85
26,29.017099355704346,455.5974404524117,85
35,110.04743446271004,497.72633694985313,85
39,63.99340587686003,499.1415811205885,85
49,9.0064905213168,440.082323630094,85
41,307.14455645383555,255.4901484654823,85
40,162.0508809340504,471.0010053104103,85
29,329.4444816318763,336.2933095717126,85
38,344.56088735007097,210.6256397710685,85
1,199.72895076365322,484.76762682282646,85
15,328.62485748646804,390.92511565386667,85
46,351.2193888684327,367.5926903666167,85
17,396.60148286753366,186.9732696018729,85
23,264.07531895330203,493.8237691502968,85
5,352.69553289668266,444.5196133811589,85
22,370.8384876271403,433.6879780609189,85
44,385.35065261464786,119.06705281228885,85
16,355.70580810346956,109.20190814339587,85
21,409.2353007680445,52.67602469132249,85
48,338.09391232603025,38.8486570138204,85
31,487.8115968336906,38.367253697016714,85
47,491.7948944064307,113.76875961589228,85
