id,x,y,portee
4,363.8971040649584,243.63365501680673,85
12,425.5816063624981,208.93046888116402,85
15,416.4358406125987,187.4300912208614,85
16,401.12332990648844,256.50052411707446,85
6,411.04414538883213,334.44221429300694,85
