id,x,y,portee
0,132.8627574346264,195.8675032670986,85
21,80.59353341305153,244.7367604126812,85
39,132.0653108319574,126.77979367876773,85
40,97.8984043069266,229.34611157294415,85
41,164.8420521535298,261.6620463127703,85
44,111.54491749675266,253.03986161962067,85
45,161.95289694299032,252.4216374644778,85
47,54.73290949147086,176.6341835568544,85
50,56.020006066547055,186.60411252081477,85
53,198.26950816442206,214.63719167499264,85
28,61.12385414687693,311.69585722135054,85
32,110.53939647951394,309.15612074726783,85
35,14.065782626501267,229.2384063816442,85
3,191.47396925562276,73.91277569521503,85
16,106.20540597875305,104.2404976989848,85
1,205.7332112828104,318.9659627830755,85
48,211.99671573045853,301.0579841194918,85
14,40.15687113105593,119.47575437658264,85
37,256.2878786763041,182.04050530410404,85
22,106.58946065670023,357.9140269517637,85
26,94.54763510380548,374.5375008509604,85
8,211.42589650180398,28.10457282644113,85
38,212.83688901892296,12.238844410498494,85
23,44.926482370367005,71.03837861930124,85
25,65.18600272754055,68.64285110915685,85
