id,x,y,portee
1,188.00348299252607,283.24633739037574,85
35,179.59631988906904,331.91077456595946,85
46,184.23006286907534,361.0631963449675,85
58,144.76408871304218,257.80237060281155,85
16,133.5485571705849,365.58041997020496,85
56,141.57421600075833,407.08232591502235,85
32,176.85414000971272,422.64259099104873,85
18,85.64420150893542,216.77669916391994,85
21,90.65690517186947,350.4505036922351,85
39,82.28968735663089,381.26703853557984,85
47,80.22003912517056,374.83289158554084,85
62,61.26741176615719,375.45490979578545,85
24,117.73405906890177,459.2041691760168,85
25,165.822150260502,452.4551063311144,85
28,178.36566650341834,453.9975794374868,85
55,172.47963895305878,481.3669224456443,85
13,179.52171894941392,492.66207441201755,85
29,191.68350848006983,499.1517989197853,85
43,199.86434466206433,484.12030776072373,85
49,220.79938554464113,441.61044260010084,85
63,258.6494207638465,423.8830514081919,85
14,91.90321422207676,179.8602190218966,85
54,76.19394677673702,144.39767842216716,85
3,61.61156446230321,305.82020874684366,85
9,37.1875061340029,344.87577212724614,85
30,1.250230084333559,426.87392712097824,85
52,278.20530602089644,469.2296628134152,85
44,291.69677769580835,467.2984409480641,85
6,94.46031337314386,99.22670858856075,85
17,159.88190100323507,133.78368708646832,85
31,125.93039484954593,119.1961455656963,85
37,23.02075908682277,85.06300924545279,85
64,344.3909946797828,433.40711239907125,85
2,76.18850148421258,55.630930253826705,85
20,151.6353625142996,86.78134956908873,85
53,82.1771050252143,23.819031473384488,85
19,331.39937304808603,373.0795759162415,85
34,345.64474854767036,394.53179555077844,85
48,345.11381709541115,399.5783205830536,85
50,359.3916887795998,367.5687671314516,85
60,46.29852025872966,1.860941165810981,85
42,302.764308803423,335.9615589100649,85
