id,x,y,portee
0,60.15034227529259,357.4082694218187,85
6,3.5727612619954052,381.97293644434313,85
18,138.07233521980956,338.192473903183,85
26,77.27779249519823,439.81532078426983,85
37,130.03046974274142,359.17653712591454,85
13,149.561831180503,296.24647350013004,85
28,181.37625004093044,382.73206113147256,85
34,137.46565649579063,427.39688259457796,85
12,170.11150905378702,251.31595193495616,85
35,216.14662956546331,290.96649506361507,85
14,251.76452033061625,428.5964088156765,85
31,159.8693662646282,473.4467216436938,85
11,223.89168371184155,194.18973250194742,85
24,165.54729310208717,181.96597714230873,85
5,290.3575644670767,482.0787873924291,85
22,278.41183780914264,395.2854616349993,85
27,281.136951687055,467.4713841538459,85
36,327.66749501509173,457.6850759422783,85
7,249.8258900429765,149.80990188405934,85
23,232.70639091742063,134.5255209125912,85
2,323.36524367291537,367.41261853520746,85
9,391.60798963817103,486.40786412344875,85
10,283.3334609187904,115.82436199991142,85
30,314.65089679608997,163.23078925398022,85
33,328.0734913021443,168.0531365984612,85
32,406.7692528178261,358.4368243725781,85
17,452.2708035608815,453.66903459425976,85
1,366.55338297595216,215.09167662941204,85
4,399.93295332485917,202.36089959302996,85
