id,x,y,portee
1,72.6158939024445,329.92589767895055,85
4,89.90324738544302,291.7893001531332,85
6,152.27400546960328,343.7126422930983,85
13,19.463829261673503,268.84941700898935,85
19,55.926644530708444,411.5902450077294,85
20,77.33086321250293,363.8652859027079,85
22,55.72186436227483,372.1170821794765,85
15,2.1703716465392153,398.4375306398863,85
25,94.67939736381453,422.49171416918625,85
7,114.96973092101187,483.12235493428824,85
