id,x,y,portee
0,81.63697287845622,217.0709734853356,85
6,23.006745845192466,241.7674305728008,85
19,57.938819943846084,169.06746652504873,85
22,32.84046110642003,184.8661179647474,85
27,57.268934076126875,184.7995046932528,85
37,25.015080590677808,250.51640055243786,85
42,159.2035922482064,239.94507040513847,85
29,100.04322537859095,121.96518539015378,85
35,21.86968951744994,93.58983493090267,85
44,99.39655421013377,100.1465611666208,85
20,213.65159718778298,269.5612115209561,85
11,266.4125264642557,278.0707847705502,85
3,316.7408778129951,292.7444809818305,85
40,272.26171688622804,336.22008806096886,85
16,364.97118097062764,317.40549561493395,85
21,370.331305490794,346.7442477148122,85
9,266.19103282220823,364.36342968089224,85
7,393.11924952301354,238.20072739502373,85
25,396.48315930362895,329.7846445408093,85
2,422.4998114791223,189.64959694520132,85
4,384.8282228748593,232.22711011277798,85
10,332.784355873381,196.39577099582155,85
18,402.11975361867724,162.58475804690408,85
23,477.5353268466928,253.52661327625864,85
39,316.761676631582,182.5705173881887,85
1,324.30561416134844,122.9932775362439,85
31,337.5480210361721,150.084729240177,85
41,394.2963999215717,84.65523446435353,85
14,304.23831306206097,116.18400151553743,85
43,331.66570252085484,35.02512919317974,85
33,289.71671953714235,16.633842494832017,85
32,231.55260702364228,46.46306612567602,85
8,191.81654738121506,81.49148341550428,85
