id,x,y,portee
0,381.63668368275404,130.75352426939068,85
23,385.9905486223306,175.78882260657537,85
24,376.7257092612783,206.17553984447073,85
29,359.6902281863249,162.76836536305012,85
37,321.5737263227098,150.26225977313229,85
27,392.73982268601657,234.68969984115523,85
35,419.38288678066243,219.07420629870555,85
19,408.5371315657128,260.5475447485309,85
1,290.9124914209083,94.25728243518306,85
11,251.7628692766658,197.1008394698561,85
17,466.04858215151046,210.7209795965388,85
7,488.03963714024644,213.25774158070436,85
25,267.22297665409496,15.61846120817606,85
12,177.54282244066616,186.30997895981062,85
38,256.65019407421744,207.15073383285758,85
31,484.8254378995568,145.66330108561792,85
39,495.00004360509746,278.7553704879864,85
42,300.4551162869213,8.800088795644479,85
3,163.15681711787465,144.8026257910866,85
15,136.91110097205467,258.2805901589372,85
20,189.23698150364987,263.6200643082149,85
43,107.81487544755774,187.77208703304677,85
8,242.85733417418038,290.7146562268653,85
6,131.46723098719954,283.9934440818248,85
10,112.03759336638724,310.29419776519114,85
4,33.80726206228524,182.22631212497103,85
26,43.46628507063749,178.6279224898959,85
21,49.0005420786912,273.10156615115716,85
5,36.45652969585422,335.91281400897424,85
44,53.436461583029114,363.28160970937,85
2,11.680368262187212,254.98239591086553,85
14,5.050335385761329,217.84665288747834,85
32,10.309660768892615,171.63871822905796,85
41,11.92377422592389,242.12873495932118,85
18,7.499040541407986,396.71369502265514,85
