id,x,y,portee
1,2.912070870853878,5.4113983557586565,85
18,34.90575321002909,76.06111294946865,85
15,72.7706636924802,110.40618475648384,85
13,134.5622789790611,127.78170530809379,85
