id,x,y,portee
0,377.6211263778528,410.161098454119,85
7,313.30430590656493,450.592262732398,85
8,403.3101086971876,466.81818672871617,85
