id,x,y,portee
0,348.8870967949007,329.27456215565155,85
9,292.02202105971963,375.9935467322609,85
6,217.30725559204984,337.6976128372749,85
19,297.6800217252844,397.41758465751195,85
21,256.38707540217735,290.4482589853993,85
14,261.4957081229665,459.6237950947448,85
