id,x,y,portee
1,9.868360389901188,390.0476363160187,85
5,29.6434539867822,313.06442894959514,85
13,57.052275385696795,278.32942451623177,85
14,45.584392205589964,285.29421164999866,85
6,103.55316777711732,267.78838007455795,85
