id,x,y,portee
1,170.54839096532072,388.88552465663133,85
2,223.61833341713506,410.12030947880436,85
3,132.42216764262722,321.8951290915587,85
