id,x,y,portee
0,166.2363301476779,352.6315853640286,85
3,162.29279769253964,325.9614711116304,85
15,169.76732647245257,269.72888755361015,85
6,156.33308449175271,242.20046756771563,85
