id,x,y,portee
0,305.40870240204146,325.4086194443284,85
2,386.64127707179256,317.7554641390035,85
9,403.8642903577859,345.85320382341257,85
