id,x,y,portee
3,236.47008803325215,229.2031203377284,85
23,158.9754658452272,237.1707364157214,85
32,245.1553659723873,145.47581444056374,85
25,259.86721741365454,132.2965619322965,85
37,220.25578194826335,79.51555065886978,85
41,223.97495544648115,81.49572880986678,85
21,160.22864987980802,47.09716148586768,85
15,123.77046339388248,5.137505688984523,85
22,82.78754373623615,65.80464140647807,85
29,105.04066765781155,1.7987009284360367,85
14,68.37626050492607,1.8414596550158646,85
39,47.237961562593526,33.68076758108529,85
8,115.56748829416941,124.5595596216697,85
