id,x,y,portee
1,426.9735204890743,339.61228367311503,85
4,455.19217607714245,345.35166424563334,85
9,483.69764719379873,328.8474992232118,85
15,448.3664524540978,415.6106692087029,85
20,434.2019635919435,261.6830374111044,85
17,496.37074514418293,224.7455593067939,85
