id,x,y,portee
0,248.0870421331814,105.16802672248599,85
14,182.37506840263384,58.495298492196426,85
19,229.7937361708533,80.6893204970534,85
25,326.3505184120133,78.98772175918283,85
27,174.30098697557662,138.88832848136946,85
28,279.6122338030524,176.62292062944059,85
5,122.71917964158658,84.47498601815862,85
8,162.81957600661113,128.8751173722567,85
10,236.47208582236306,7.5356712580113,85
42,139.08833873748512,24.093277665816426,85
17,363.6962058486662,137.6157067567047,85
31,348.79014018294964,113.89362041777973,85
32,366.2152936868819,12.658388823876765,85
39,299.15297065926876,25.008740766800873,85
18,145.9079418332993,197.39784598960708,85
34,295.2380036452395,218.5031202151075,85
21,70.02228837826713,50.473394662982564,85
40,68.24553474669182,41.81802551899716,85
11,404.67883146018244,159.34785192900102,85
20,422.33125890012093,129.71623615813638,85
29,390.7207141126088,10.87401991263459,85
41,188.73849936477717,239.75635322242894,85
33,243.80556564293266,259.38668335537426,85
24,31.722906350995395,23.885745356669762,85
7,459.64532910148057,220.99029022907922,85
35,451.4127898977327,211.33487171706156,85
2,117.257302612646,277.43031197791265,85
12,138.8821214753107,314.8918974840004,85
26,73.63175312686194,280.8148362288321,85
37,41.32003739479584,310.98545584992746,85
23,117.30075948264934,396.9014969912149,85
4,185.10979201969957,440.42625613876174,85
1,262.60692234260193,463.74774110803895,85
3,274.32604259371345,498.6781307752313,85
15,337.0260560186076,457.0154757323959,85
36,303.134541407399,422.8748839963129,85
9,380.9045208507833,416.4363751654361,85
13,354.0348349293634,440.7102213448102,85
16,283.600199583989,370.4859952904961,85
6,370.09690812741945,346.26463698256737,85
38,433.37496716255833,371.5150705256046,85
