id,x,y,portee
1,110.02193371819314,303.6215511614237,85
2,186.3139860237043,312.7091826973542,85
24,89.3684817706939,312.00191639016873,85
26,143.69512706060783,271.0621287281283,85
30,88.72385587486615,323.8661489629232,85
33,144.25743289543396,267.39462878085396,85
10,201.57346165149514,365.8376652684402,85
21,174.77843638335833,237.50946470956262,85
32,257.91745992946966,312.5574838064019,85
13,71.3110475788406,227.04652685823444,85
9,168.41206501846005,187.42310415830755,85
17,224.4179885044671,434.3936325456436,85
14,246.51237759197124,211.46956308456578,85
15,196.3150898344762,164.1776091986929,85
19,335.7124790028397,333.1325177993324,85
38,309.81655861092173,304.31806793913603,85
29,16.534671640911824,225.27240674232192,85
8,231.568588273029,132.08498647989197,85
16,205.5684051562427,145.45747418160082,85
3,277.81674155750824,489.09596397524024,85
36,216.88721443529286,89.39196558624258,85
34,309.5272584046359,396.17901925814886,85
31,25.73452577521296,145.6251576642713,85
4,187.48512558686397,72.12058219751522,85
28,291.28489122654184,114.4548303398995,85
27,163.2363604608867,7.534843001128166,85
11,338.666435109683,122.94367671788086,85
5,105.54113862718279,16.015474300260067,85
12,391.7994667050304,170.5020283605644,85
37,414.7270063617733,165.9773999510244,85
