id,x,y,portee
0,134.7008813237025,233.39998557138108,85
9,81.08905319049126,279.8270280758706,85
21,115.70975626549141,327.3304157919159,85
12,92.76451999419416,392.77514228375094,85
13,73.12166128978048,378.6838533885495,85
17,169.6019238991418,341.0654755032188,85
25,33.19465769977842,401.700463461212,85
3,203.03420082123353,338.9600035615838,85
16,187.63834683280444,394.0466229407459,85
