id,x,y,portee
0,28.63003379305734,114.6176232260423,85
1,97.27169448581729,103.71481385651605,85
11,80.73809865310777,109.03252436859862,85
