id,x,y,portee
4,310.5341119726062,151.5742810635916,85
12,374.99941739573165,160.12934883227325,85
16,314.1788934489505,130.64763301219028,85
19,316.8675718877046,160.72496483501908,85
27,272.4224605776928,133.7479346290964,85
49,363.78308461627137,96.92395300536744,85
65,244.69387778864836,119.67065732672965,85
68,234.62973717320685,166.39906808582467,85
70,293.6786231319899,94.9725777631833,85
78,257.3715499470614,121.30235058812966,85
20,389.7708872796024,116.95803697885881,85
32,450.73439147683985,167.31673634124923,85
45,404.020796195668,232.30139617911794,85
69,380.36302010981274,207.03322090746036,85
72,351.99421946945915,231.3938727342816,85
39,210.49680783654924,85.09026132670216,85
76,223.5599592259085,136.44364329709134,85
51,349.83724158414066,30.924605022360886,85
63,427.13910200613935,85.09293271017538,85
79,424.1922640570117,73.55123674195579,85
23,256.03565121552316,27.59876817800905,85
11,486.75479310868815,221.52069439521537,85
22,498.5727909427394,175.44189685440975,85
31,481.98292412029474,125.61202705582924,85
29,446.6048940919984,285.8359702309833,85
54,392.6615492912447,294.10323467427287,85
35,319.1837984805347,12.94051111209793,85
38,350.76889504272816,2.3409335719694613,85
60,397.22278588848735,14.67587779468138,85
10,444.86624142457333,6.996673498327999,85
48,456.70966091513435,64.23729051797805,85
55,485.1386783513568,261.27015559962376,85
5,435.6322382988916,332.21382301162447,85
47,482.6488688391994,326.30080930769674,85
53,407.00583461984206,335.1691585972598,85
58,472.7251491199412,347.54432055111323,85
41,367.7947292591976,349.12270661460826,85
43,376.4974824573367,359.7323631380808,85
8,488.9164689240703,410.60990158628266,85
80,375.5634737417617,397.27947434768896,85
50,299.2171695811777,353.74556114059766,85
57,311.3018341495577,352.71087459205233,85
82,404.2944560903706,436.11975987276406,85
62,365.52379128018947,453.50925754949753,85
37,392.62853774604724,480.7762746916774,85
