id,x,y,portee
1,143.6049047049891,471.1714564825992,85
16,67.87143337656521,454.9741580647885,85
31,74.62911141149175,458.23306249486615,85
50,182.9055423971968,489.028966987911,85
56,195.51555775118956,433.1928206671819,85
19,19.882232429721647,413.07200495868017,85
23,52.3243613606344,405.5802954778986,85
10,229.0941035133892,381.6006118001371,85
13,59.7695397663196,322.8732097500579,85
30,63.05323344691405,321.54291169461624,85
28,309.23456415823813,396.31925168389114,85
62,289.773490757656,431.5555795921265,85
64,298.3375994355697,352.3032336149526,85
9,9.742391955225472,290.5791299407138,85
43,110.07364727474572,319.86379728839654,85
61,98.04179176993394,301.03112914587433,85
26,391.9219920770256,403.81176871256605,85
38,308.38069436437195,324.9950679174276,85
34,323.07746197937075,491.8411553191327,85
3,371.81711529614483,320.69805324656414,85
24,361.3150422331585,309.76068411124913,85
57,303.2153429476081,281.10745318059736,85
20,396.4801042179378,335.46154130598467,85
40,430.1607212847778,413.53642871627846,85
49,446.69227939866744,404.16272574187064,85
8,283.9745431927107,211.3620689848966,85
36,449.46280016900204,275.9863749008117,85
39,462.5909560136528,350.3295410295861,85
63,484.2236077432087,407.0520825045529,85
51,281.028658477486,178.58838668318583,85
53,258.38122439341316,201.26054231883305,85
60,290.00624750021586,158.62845939300186,85
4,489.1536659114815,276.96409163363876,85
29,281.10290300570705,125.00630486517223,85
44,194.69379912259467,242.80813980181148,85
54,201.40839335080295,256.2383671607169,85
25,341.9260691824692,113.39365974512388,85
52,266.8401006868961,58.53157603530501,85
12,166.14609215198584,246.87608417761749,85
32,168.81648271598627,166.0109863708122,85
35,193.09398780455817,296.65269183682085,85
47,171.00890213597287,164.65025444577003,85
55,235.92838937478282,11.634143072478453,85
33,159.74612495770586,163.02235215480914,85
5,119.75957275048677,113.74135745023317,85
14,110.64580130962642,131.41060373880185,85
15,155.09328085170753,129.78877270684453,85
58,186.0818368274667,145.60137977395587,85
17,166.7000495994118,8.131384072959325,85
42,80.1567228416456,158.2734494245533,85
46,125.64844782440687,91.43904812754133,85
37,159.80346980520156,58.606211450701714,85
59,52.30131367640828,93.79141406864133,85
7,30.78251134215787,193.95788647361374,85
