id,x,y,portee
5,464.98708178883294,420.14948319775664,85
7,424.02743650736994,433.47383980175795,85
9,496.6677538183179,373.62564247911433,85
12,496.726110616068,483.2176439050652,85
