id,x,y,portee
0,124.79230741817415,262.27847050138314,85
9,70.4493367558348,321.00571189884755,85
24,146.8731155973767,277.2776962828038,85
26,121.61863084759139,372.4384418428984,85
18,217.30032172903242,275.13791396135997,85
12,156.7728217216235,397.21087261641867,85
19,175.16830377002051,383.27108195899984,85
7,246.7998709121913,232.68384864547764,85
13,212.61571792578582,218.8929677382896,85
15,242.93323461578998,195.05253501993153,85
28,219.36875837390502,384.0724681877664,85
16,185.27153831353354,165.27817253792688,85
23,217.06327164805305,149.9317573819536,85
3,320.8402629293824,184.84659713397488,85
25,236.60947535743387,84.67938150734672,85
29,394.690018813593,144.60333253192303,85
33,273.3843721661565,42.22760334937692,85
34,441.64806315070535,210.4994811796403,85
6,340.1810875857249,8.740141686081948,85
30,198.5981568004564,7.276944285712961,85
11,499.45068532084895,211.6744900307601,85
32,419.3240807364108,30.94708435882404,85
