id,x,y,portee
5,294.10789882996477,123.10963775641054,85
6,285.88448480502115,188.12123989442887,85
9,320.9764531512271,80.43934288859889,85
15,332.66105310885763,244.6795991686166,85
