id,x,y,portee
0,172.87379872840302,370.086682522621,85
11,214.33379658737135,399.9780989463598,85
28,154.86177783610844,322.3740944903035,85
15,194.9881715565524,268.2132595996816,85
26,127.23084343687063,238.37681351432505,85
3,117.08008564577,229.01893358106102,85
6,104.71372937781275,199.3072211758114,85
16,66.95582405841827,164.36578008603075,85
29,23.913648971151392,204.7225880296112,85
24,49.667194343061105,111.6543985601069,85
