id,x,y,portee
2,137.60170167510105,161.89083435474188,85
10,206.4621259157729,137.09997727362577,85
14,142.62823247313548,236.92368486748322,85
20,103.8614241452202,94.46786517106503,85
21,104.87245423842873,239.701811396683,85
32,155.32519061132044,156.86028619833675,85
12,261.78634394344715,189.34951299755843,85
16,213.83408023416894,108.93460619234752,85
36,248.87372171158566,127.17971385239946,85
6,196.92325531701144,297.82864419882753,85
17,196.3961347299273,244.2156696983332,85
19,84.50980002722164,75.5739227372657,85
27,92.6505584478231,85.98114913273058,85
30,120.49338907610257,56.879421348549286,85
31,63.71910483431553,90.12141611952579,85
7,35.56867322573487,252.71071019204228,85
35,53.44125379597464,294.5993559882416,85
45,323.4434876861409,93.51364140833412,85
3,200.98272997367772,334.5040155356224,85
22,165.9614580238647,334.16522462047567,85
8,14.191573999515871,212.7911874423211,85
11,6.732271855767246,231.435660599698,85
23,53.67183316120661,349.5559533396979,85
24,75.48065312311209,331.80796697704045,85
