id,x,y,portee
0,422.6632627125977,133.38412159452236,85
3,441.17499028168737,131.53733591317385,85
6,393.36922749004015,88.19274849092318,85
