id,x,y,portee
0,175.54998055435416,1.24566618582872,85
7,202.26686381225173,64.01281756563188,85
4,203.34581326622663,122.43736718476583,85
5,206.13991172981906,125.38233450748487,85
6,261.20550845061393,65.00372196867849,85
13,212.68283193498254,107.20135571320671,85
24,134.18779675019354,111.6670343934707,85
11,212.71858163518965,158.75189571111352,85
16,304.5068850737481,60.233398392194324,85
23,300.2752543421006,25.392992476636568,85
9,108.70006601043269,90.07324561161262,85
21,356.96189135664747,16.187814370316133,85
8,400.53244227897574,38.298389035258616,85
19,441.5921646820866,34.62878955208182,85
