id,x,y,portee
4,364.8982130170633,456.7960279649687,85
14,341.2851976677671,413.5612863818041,85
7,360.11502694883643,358.3897080070625,85
9,340.9719256479326,358.7163499142004,85
