id,x,y,portee
8,381.14568211074356,468.7888452183233,85
11,360.4536510377351,432.2313768011607,85
14,309.8772892026316,442.1569058204862,85
16,449.2385271090498,426.4566379629461,85
13,339.23567158892314,383.4406353116615,85
17,465.8098490405566,431.7597930327076,85
