id,x,y,portee
1,429.7928097633519,13.012713735037373,85
15,475.19524262707415,1.906848395299865,85
18,405.19047756089554,76.32308832095774,85
36,434.6265301065757,80.18206638989217,85
8,405.17586874401945,145.03206895094993,85
26,380.7838693806671,131.86987271940637,85
33,402.78743452667123,104.97543376224078,85
39,404.3497579154495,125.76927618615852,85
7,487.53688749859714,99.46345741571227,85
4,370.24660849792747,161.1670563652345,85
24,297.7672526860804,139.55634050297317,85
37,491.43587550691774,177.84515096006504,85
2,253.01362425208657,135.46634979667488,85
14,266.5218830758016,169.1855808791931,85
25,276.7392729780744,143.09125073147322,85
40,263.7728751234726,120.42690273025802,85
6,499.1014086054919,246.69340200243917,85
5,291.0576751572756,45.051375661628256,85
17,232.35763464322235,3.984481434066156,85
