id,x,y,portee
1,236.08339629900698,483.08140928099,85
16,244.80212494876545,404.63930917971476,85
22,208.28531687831187,450.17694778406934,85
14,154.7271264296608,434.24092580068316,85
20,136.22776596109603,450.22037443021856,85
5,113.41446085849222,492.69180404255906,85
32,104.49629564462376,452.6365470520663,85
