id,x,y,portee
0,331.36643479366603,72.98302987212618,85
5,335.01257702377933,119.86234104690591,85
6,302.8030004362802,113.123024706959,85
2,398.203481088221,138.10628226825162,85
10,360.5833396590016,160.78930904991324,85
4,425.95509710035986,180.4210902832965,85
20,421.00198888826304,64.06651166399207,85
19,419.95882842813194,38.312683394341185,85
