id,x,y,portee
0,181.35687048154125,477.82036754593463,85
6,104.39951237634965,499.3251088451691,85
8,124.99381110136892,454.44352550769264,85
15,117.59687672736906,379.23606705807555,85
3,38.840480426142406,363.6751319350056,85
