id,x,y,portee
0,57.602221637756415,277.2955565930398,85
2,18.284692113669177,219.56807680062357,85
4,93.47980182627896,267.91351629845525,85
11,139.42546720841742,212.95172893081644,85
13,218.45799065163123,206.19467526083352,85
5,226.69695319994344,158.82909955648967,85
