id,x,y,portee
0,102.94261047421128,120.78455803069576,85
16,115.0407182822743,77.00372247765385,85
41,167.78903740839664,87.5000478501815,85
22,179.04639955706463,40.652137394402374,85
38,160.73990653819592,39.82086704536819,85
42,41.623395148615906,39.091485190239474,85
7,218.7999605954603,126.63569277822828,85
35,203.5837019130171,138.9186295944033,85
3,48.6372576919229,21.35261915030989,85
8,206.27535854818373,210.39496521281964,85
21,258.33053877444723,80.00450026712564,85
10,246.3118414965102,247.71164640629806,85
23,230.39598534242424,256.03656038936634,85
34,280.1092208021479,55.40764484718713,85
36,319.78776102224174,239.41839863043256,85
13,349.7588985257796,88.62185300454867,85
29,363.93086119934037,65.17989781913175,85
32,344.96225727259974,93.55593492402792,85
9,400.0356444583767,216.52460032327937,85
5,402.26855543064477,136.6324144983137,85
30,389.6180101603048,40.26313556740235,85
18,410.50247303686285,242.33436784119667,85
