id,x,y,portee
1,349.1025343126538,196.78265864505912,85
2,380.80111081571863,231.11558466874715,85
10,310.1572075899067,131.72884257101563,85
11,336.3390859652415,140.91768110672186,85
7,350.2786991863073,101.2518904484313,85
5,353.9014880629884,34.9363666945679,85
