id,x,y,portee
3,494.2444389990231,149.68987069777174,85
15,476.1145156758041,116.81785690207708,85
25,479.6279293082,140.6816201878378,85
26,447.12405182548383,137.94218536729753,85
