id,x,y,portee
4,136.65719112677255,67.05137560679647,85
6,109.04221953248877,109.60441821177974,85
8,207.37908826287898,60.085616211975164,85
12,159.68155452996646,52.27565825308067,85
14,193.23683453733025,85.16682023792815,85
15,221.55633564086642,146.54381263125228,85
17,234.25011661508728,205.55173172273987,85
