id,x,y,portee
0,408.1113910280685,406.83467982535467,85
6,380.2710306349818,486.0260690475678,85
