id,x,y,portee
3,455.39987656735514,432.6031314234168,85
6,409.20846199100305,469.66085783912627,85
11,433.4130951249594,353.46369440247287,85
