id,x,y,portee
3,145.3905551859991,290.58818789086774,85
7,141.2972847675225,288.8500835753186,85
9,128.53936765716944,269.68709354760614,85
11,83.3776713960414,326.00970260433735,85
13,161.72626610121355,335.51506034012175,85
17,173.0335840438635,289.6219415615823,85
19,118.19903145510885,269.0812635791408,85
4,231.8899659932565,335.7471173631394,85
