id,x,y,portee
1,260.5745795751216,14.404306229301888,85
4,266.10041344063325,73.82434974709018,85
12,303.7597329713543,88.65542660311704,85
