id,x,y,portee
2,211.8607174659345,155.1639680394556,85
12,253.47858754145474,101.35695420457685,85
21,236.80283206626495,233.56701925802497,85
22,207.71431906354493,165.49739845410687,85
27,250.74000001143537,198.817411392871,85
39,206.5778977086189,150.59239214800107,85
3,208.87947323398538,56.303576339364504,85
7,234.3927396891766,37.09107961664549,85
10,218.73514213686613,298.49885995896005,85
14,268.38912242387516,262.19089031018717,85
15,244.21035542924358,250.35942431484082,85
18,171.09187186661413,239.33687093671358,85
34,276.08153176404716,5.687792639757272,85
4,248.2254199037953,335.9065711621739,85
17,204.01982241352178,356.8821729745578,85
19,260.3201677114943,351.52450956642446,85
35,297.1671008128935,319.71942643823206,85
40,186.88472024259562,367.04871898794744,85
