id,x,y,portee
1,159.25932612081218,163.0299720439236,85
5,219.55136598492862,162.52038576277988,85
13,119.87667789006667,98.59338425843184,85
3,230.99808871205747,223.33476173573348,85
11,68.14153622131242,116.04866099661754,85
