id,x,y,portee
0,359.4607177455697,293.7739668767825,85
12,346.4117919205082,250.368002902794,85
14,342.5319879289553,219.0538921832953,85
16,266.9697625338626,190.51753305808643,85
