id,x,y,portee
0,391.65493892103154,202.36415466169765,85
18,456.84125639643383,186.3117476917192,85
22,410.741798816546,274.77857818281893,85
10,485.22148922459365,225.29801700083902,85
23,461.35414489894805,140.72476735177912,85
44,487.9176008621788,181.6450221793069,85
16,421.3374230151003,293.3024924915496,85
26,397.0762183748014,355.598231801393,85
27,485.55430244191183,301.214927497262,85
34,380.1895446874385,341.0020194903908,85
39,345.50611409177765,274.03061009562555,85
6,431.05045910509307,63.42956241985503,85
37,453.1752498436395,66.98135201765865,85
48,464.3853255749795,56.96666331375988,85
2,380.09119347051967,390.65500676553506,85
28,328.1283130903256,328.61611444388524,85
30,388.40113394891284,401.79077393030576,85
33,400.9090627109279,423.11500370575084,85
1,458.57511548659033,23.709505946647614,85
4,378.1274419320341,43.967771931041675,85
25,384.0458546670047,50.56138177525826,85
32,382.77271156131434,49.917119543499865,85
49,344.50097928128764,423.51309140957767,85
9,289.10544372692596,379.2597874223399,85
12,330.8088198335513,37.06372960864923,85
40,345.4424678136176,28.30779121636412,85
35,256.6530055087847,380.1172559966557,85
