id,x,y,portee
12,127.74101358250972,147.36000306712015,85
13,206.34859843300063,156.02973604633962,85
15,177.31504900490202,158.44284129384835,85
16,211.86981852210636,176.34651362909148,85
22,226.05361422687292,217.36225255820625,85
