id,x,y,portee
0,307.0242335791787,387.7303263869627,85
6,223.41230003580316,376.61267610292595,85
9,313.1389644360351,448.36808290040705,85
16,259.0399741934548,395.5809318203923,85
7,155.41415362460208,346.97684444069915,85
1,384.65766515332376,491.2533609441743,85
17,92.70741389108805,383.86185794540177,85
