id,x,y,portee
0,342.7127636271989,152.04367465414154,85
3,349.9299416224108,188.22596718110955,85
