id,x,y,portee
1,336.0345471547258,240.77877565588545,85
4,356.6646286846073,236.3514145920041,85
12,258.85796573131114,218.45087742896158,85
17,281.3334963847018,275.7374576240856,85
16,427.96721103072446,215.6755576516699,85
9,205.9060565002483,281.7863002465917,85
10,225.95123113324095,275.61388905532186,85
2,458.2400601631367,285.1864038010698,85
