id,x,y,portee
0,338.47182967749393,115.8635616602699,85
5,290.11560977561555,143.57557286783384,85
8,405.39219194821874,68.43465445296442,85
9,472.1912412640438,63.23945913057316,85
