id,x,y,portee
0,9.088493277027265,31.68008749225476,85
6,34.62679961994891,21.154310184656243,85
10,110.57605794229957,44.118673450226964,85
13,135.9295619421852,112.16738796451247,85
