id,x,y,portee
0,56.63966219196803,382.533384044111,85
15,67.40298072865447,341.7935895630716,85
31,56.14499950655488,410.97288495123837,85
32,79.5959335456029,423.9579330886065,85
43,99.9445388649955,313.102920136902,85
17,124.61796210249787,290.3139277308542,85
34,104.59935284067906,286.9175354754349,85
25,147.37195265171889,420.1147826159246,85
10,156.23689973996784,342.381939629872,85
13,104.50866025090383,241.0037090789695,85
4,148.32144945280425,230.95644444527073,85
7,27.174567868542166,256.71958127212616,85
21,73.76377241509041,221.52238480196763,85
11,226.19363974099767,363.28684008300826,85
24,52.030329417934894,171.54385372040437,85
29,290.75653211131436,367.98797452209294,85
12,358.2932144885978,339.4764261884769,85
40,333.00498279531337,320.1213055524403,85
37,343.0763952628577,280.3341877578979,85
1,348.136274146806,253.10917237735075,85
14,285.63801161800006,269.1299879671692,85
2,330.16464542854425,222.12230480644874,85
23,406.2148697799703,264.28548112742425,85
27,421.0603884989678,262.3252079909513,85
28,375.0811832643026,156.4595142108033,85
8,441.2826170719508,311.78956562501025,85
36,471.9305887687506,306.30934289149263,85
39,462.0875438162084,206.89083312514555,85
42,460.36836765223296,201.15716547756733,85
