id,x,y,portee
7,496.54975369841,179.3351540886665,85
8,471.3442300981784,149.7957852214148,85
15,494.6079125467563,122.42489993772593,85
18,483.87583034926155,249.3689660685539,85
12,493.68642018897077,283.1461434042604,85
14,472.8336572751501,274.16504549931665,85
17,453.75720425389,273.06453205781753,85
