id,x,y,portee
0,135.2613099066207,57.18554097498468,85
13,199.286226619741,104.87138411105484,85
22,130.75332072753613,52.802821500048225,85
36,195.61318438992936,90.1233530876902,85
38,133.59861108953152,63.83430251242106,85
43,216.5924003580651,53.49669244631716,85
47,161.06809549579665,36.24420883238777,85
6,231.25874375794896,151.60641366061344,85
8,190.94052078181568,146.03697765161144,85
9,153.8252565482065,141.1480719834432,85
18,165.1063299282183,143.97263741929706,85
25,224.4839199962237,14.090871444183527,85
44,295.1849060415602,31.57507429582318,85
10,279.92141698662465,168.02195328304182,85
37,214.42346000019162,207.4897298608609,85
41,293.79250122563195,113.74325915042787,85
4,333.18169816430503,14.464625314409451,85
29,357.51542949547877,73.84039767513656,85
2,352.3607386704486,138.55100693855,85
15,315.2794470487118,168.86520122742056,85
12,386.9534679046798,126.13334165447226,85
20,393.8026365470352,121.48541451224426,85
23,401.3348951534023,81.71578142457791,85
46,385.3774613696999,214.22416596569204,85
30,354.15758809877445,238.549530288286,85
14,439.68628187328613,180.28704874286717,85
34,351.2418269502644,283.0070230387255,85
19,494.9043790700791,213.40357449979746,85
5,328.19871604723414,326.04289224520244,85
16,306.12322755779724,347.17550920819417,85
3,262.02984699614285,346.2490505703576,85
27,377.61862661898465,394.0650968596573,85
45,311.3128968903257,399.79516910675085,85
39,414.8884545551527,384.26717115582426,85
