id,x,y,portee
2,371.207380770114,308.4803105007454,85
8,419.1668650720006,327.38413298705916,85
10,341.1584867438711,257.6690365686732,85
17,340.6718511105275,343.3606213161384,85
11,461.58619048941466,306.10986761726684,85
24,473.3249249959123,352.62355023757647,85
14,261.54656971239353,329.36467738016506,85
6,456.55060255917766,229.0362639201821,85
