id,x,y,portee
1,208.9123348833798,198.45063720565503,85
6,176.40476322917203,218.74687228226924,85
21,142.78360618789122,181.45901808365184,85
26,140.5520224951781,214.01659223152276,85
29,177.04860157630438,249.94904098238717,85
30,177.33501141621932,166.45065504525257,85
40,154.25949162250168,214.07181559993805,85
51,255.49556808756014,194.1131698823274,85
53,278.25091573281117,151.8331813896404,85
57,179.34514172763554,263.5031445555791,85
23,161.9493789963783,294.82941614721784,85
43,120.0255862971884,221.90025877246921,85
2,87.64701283047943,122.93506984405444,85
46,95.15099880030824,187.18809554246357,85
31,97.8592705230068,271.9899022020888,85
4,212.85950487199244,300.25603214739493,85
19,155.37795362196562,308.64880474451013,85
47,195.9521169211913,90.93000141823654,85
58,225.21233811094544,100.68780831915252,85
59,187.303704285939,88.9615349415237,85
24,321.86418702345895,236.838654858292,85
25,269.3637959340786,275.3781310461719,85
60,282.01022555168925,150.2061974937868,85
13,88.43573787176362,305.8216754205403,85
32,140.46841483127704,353.69383396401975,85
37,37.179552114144585,222.13171664083336,85
10,44.894442907726095,126.63132703753615,85
33,58.486753839914755,131.4648029569653,85
35,10.164527004814516,93.04175967000955,85
39,85.5061294479118,56.169631911344496,85
38,35.13804590568759,235.76501558304292,85
50,32.99452065073655,191.89801765134652,85
55,33.445489363234216,216.38555752093575,85
42,169.04166738441012,386.191291084034,85
15,271.1096823682417,62.119448138190755,85
20,197.27352010333937,27.149422740012362,85
56,160.7084770897243,31.52272750687546,85
48,276.17079581682293,46.7757561847561,85
27,357.8597007414027,217.84542310208244,85
16,97.85018375775711,374.90507041406784,85
34,58.43640573151815,356.9098370939979,85
9,32.79016638592031,43.47378094825899,85
49,300.95811967162524,53.194250155845225,85
54,341.6452928424254,65.75464175200845,85
14,167.62330519909142,1.7270686997310492,85
52,207.94258968152207,2.966952964513214,85
28,435.15040019656175,233.75567228916992,85
17,396.28064860837935,122.94460645224275,85
41,398.6616361066505,89.02957353936397,85
22,475.598466227325,291.30046603953633,85
36,426.1412663241774,150.9164261983091,85
45,462.1546083078744,234.01210279061874,85
7,471.19673724348377,118.73135172049764,85
18,446.2562130273978,35.16754026619784,85
