id,x,y,portee
4,113.03269238985203,144.19670595529388,85
8,91.30197471884249,74.48147078660867,85
15,140.87499022965522,119.63164690254841,85
7,197.28293724245478,88.6510454538676,85
20,240.74057861004272,120.57377636788846,85
6,289.8851304176989,86.26449580033935,85
12,247.60184027719833,175.89346606566693,85
14,282.6240701508563,45.48818807513477,85
