id,x,y,portee
0,324.7614460313845,401.51309120782844,85
11,331.2668810962737,420.144010136712,85
33,292.51200727068056,394.3036719987856,85
45,319.81185974722086,387.0420602437779,85
24,342.16095055365463,490.530352383041,85
8,267.2202040793055,334.2944156661966,85
35,283.4830521967048,495.1631291197187,85
7,219.61942960668017,448.5115580508181,85
16,150.24343238575145,444.5534743016329,85
21,98.03932802449988,407.71653152304793,85
31,100.47011904450149,405.377736921559,85
17,15.8239024051684,408.0808717642054,85
18,67.01287209802281,367.7187105028096,85
26,49.63050761968285,359.26178929703707,85
39,76.53964168987932,386.22562529287444,85
49,129.00264988973186,333.25229676317645,85
14,31.08615292252831,486.8252814870697,85
38,141.9495763716301,326.4032006057516,85
44,176.8690418900638,283.63710033387787,85
30,17.340205069223458,497.0071209990321,85
22,123.00503136884971,247.3750220175938,85
28,188.2037683779994,267.3147657428834,85
37,138.89471008047943,225.34123511160797,85
6,92.71079826219214,193.32259337069385,85
9,68.03698929717095,208.46161913924172,85
51,105.15899031257337,165.22761581320628,85
23,73.20930196176396,130.69460421784356,85
32,144.66009119321467,124.46349297118475,85
12,45.31576348351018,73.7472682397014,85
27,210.2837274420745,169.1004680727679,85
36,211.24520055797586,174.11830530368755,85
52,155.06943477086276,72.74577410569117,85
1,25.900062513390942,46.33956952848123,85
40,77.08689176002915,14.576912004337695,85
48,148.87649991007635,36.29776794954592,85
