id,x,y,portee
0,480.3471047629749,254.64043834299466,85
8,430.69145629895985,213.743498997156,85
10,423.69697191345404,179.7679121691601,85
2,441.84946287269594,121.04072031428403,85
