id,x,y,portee
2,229.47079444475787,260.0054130891669,85
28,186.78177822468433,282.6133192287953,85
19,222.29749388696752,353.9489331290368,85
25,148.99353936280846,358.47038972848696,85
12,220.84343092497022,416.92579792032507,85
13,230.21815096318798,428.1959081621162,85
22,216.53683218943232,404.270943877632,85
11,185.90728467659494,475.3869517660956,85
20,279.54848104919625,450.38448414291184,85
3,305.32877644770247,407.1098413837317,85
