id,x,y,portee
1,2.717558496351413,154.70549355881946,85
6,9.785120490145404,138.39613903231017,85
9,7.2058523434138655,100.06661341812145,85
18,85.44515549185178,174.56805318483026,85
2,40.577846009515916,236.25447615277278,85
19,121.66166286607249,238.0732638344303,85
28,113.85446327387506,235.54818720566868,85
31,98.33077420080849,183.36371277219166,85
8,34.867006954113045,281.23824821004007,85
14,8.504885354865099,265.4899351843228,85
20,89.29553995175488,260.7739327667026,85
5,124.39137448315817,322.1566784341813,85
23,138.5596788360302,262.7567787221716,85
