id,x,y,portee
1,125.01441997237256,320.1204651494422,85
4,147.62915887350007,277.43011323220884,85
14,145.31528743944494,296.67353768132625,85
25,51.4664968303632,342.58774090645227,85
32,93.33986789677517,267.93897649398485,85
49,147.2721695526384,314.2474942204707,85
55,194.22401132234245,315.7268010970789,85
59,124.47575137990363,253.59963834246125,85
17,0.810072619463531,369.69266867246097,85
42,34.30290949607612,327.40352937701687,85
47,21.97931228034755,271.9684651519343,85
10,51.8784291723286,256.8331790248496,85
38,25.901240848644424,241.1691566701034,85
65,45.37026969786595,224.9060356753188,85
39,12.060624935947118,448.83528648405496,85
18,18.20184466576219,175.56126758332957,85
57,31.040420250491195,163.43701491435237,85
2,82.40485729044028,148.6519543057283,85
30,24.20505172552778,474.34762118341814,85
40,53.02307902300451,109.28371375077877,85
43,54.53925191132192,130.65147030617518,85
5,109.4106170874825,153.6020544355442,85
35,145.85046457875944,142.0210381764485,85
58,148.52148763267493,123.19832421540578,85
21,11.33261765879462,44.626004495486924,85
20,151.70958142340734,38.382208822761164,85
56,226.79147269927756,106.69549133874246,85
28,30.60533479877864,3.8464230131926014,85
61,170.2867109113417,0.3278236704456483,85
66,222.11013162859678,26.630658523580543,85
12,288.0318006360199,134.50793945859147,85
16,293.5077944743727,126.01553817726247,85
24,241.4145892600858,160.82685652829625,85
29,288.68469537481633,42.60316387001084,85
54,296.02950536261403,39.794009769820505,85
8,285.9815831413305,207.53140722904683,85
9,310.7882619093071,86.0283049426358,85
53,311.47071382374315,124.42925291207285,85
6,266.1230087746997,221.17474172945555,85
50,310.37834265953205,37.990305550980985,85
62,314.7308341253308,14.972762508480841,85
