id,x,y,portee
1,308.1189490601846,403.3017082461486,85
9,268.3125682131783,471.0392044752708,85
11,346.7891922024575,387.4217596763726,85
35,208.33394920829394,453.1878106012043,85
12,413.8338053981556,418.98439199106195,85
24,364.81902820635713,326.0114669478038,85
18,154.82033424281767,481.1404796399338,85
37,133.73415708929775,490.7980462261149,85
38,146.25895349085087,436.29044024248105,85
45,473.0049194789115,451.6984736592998,85
39,355.8447276654602,294.33258921770414,85
7,119.11495098885283,408.3854479211706,85
32,57.89875565916813,496.1359568513501,85
40,59.05735127779044,474.42749384262703,85
3,135.5685237937943,356.0862102136875,85
10,143.1522748166494,370.6133754427227,85
26,165.7776525964657,365.5248492768359,85
22,63.23523779096585,405.68145308393986,85
6,206.60706397388017,356.4859518288663,85
29,58.63396361025319,324.5295749075202,85
36,74.4593462208733,323.74202990582836,85
46,223.9125485980157,285.9783976353234,85
5,65.96276685121272,291.04456765681573,85
42,43.48753439087943,250.8437786657209,85
13,150.009730227537,245.59460869961615,85
15,207.92470915415228,242.00845095047458,85
21,32.45268133651219,185.13640754677775,85
14,143.8041084895231,210.12097443725852,85
23,67.80394812508406,164.9111010646726,85
43,59.17879602645143,97.60383403698042,85
16,37.923251393581495,63.220680749732196,85
