id,x,y,portee
1,367.5917234327208,50.42409177137191,85
2,308.0941809497128,68.99599039797627,85
10,403.94873190565994,92.90091928795779,85
