id,x,y,portee
2,434.62377101264985,397.4966853370543,85
7,408.005290924558,435.9540585931946,85
17,446.4570792654455,366.8831657748225,85
14,456.3567060607767,491.5304842166218,85
10,437.4183876440331,294.10153871561096,85
3,495.6222037085435,495.9523630900426,85
