id,x,y,portee
0,46.7476607506172,318.6529352778137,85
14,37.69434452921233,296.4599159686549,85
25,117.05120115093764,285.2462876171285,85
29,69.16754092165989,281.12418365380313,85
37,56.88194759600484,304.1927072020203,85
41,67.01517696938181,254.61395496671685,85
10,35.929305612775245,220.40568704146492,85
32,143.34338356677128,312.68077807937306,85
16,72.18967597390535,149.25105605295485,85
2,148.8239786717232,377.9994257558985,85
7,196.4980704690874,354.5988503641003,85
17,186.78900526809855,379.14038109974354,85
26,85.23176588883507,109.59099387497922,85
12,254.01538833606318,320.76984512742814,85
35,240.3468218872855,399.98316635807754,85
23,120.45595187743996,41.68802319732856,85
9,308.88098908667945,329.81711341021077,85
19,312.15276410331825,444.23347319532,85
13,345.53866995665567,382.0169992809395,85
20,358.62725906226297,306.8967679712365,85
24,374.6813109861254,355.2449446854718,85
4,392.5800693913169,468.95205677022665,85
40,400.52557808342283,415.9515313772052,85
33,399.4042826212359,234.34280261171114,85
3,453.6195022933585,455.5323634032903,85
15,465.0031965798806,480.2598930836965,85
1,407.3323974012866,167.5966911326746,85
6,476.78619294273545,216.00373957295537,85
8,328.9025316833117,157.85624278560883,85
22,352.22104087407405,79.18166471297233,85
27,311.2670840375365,192.9972934438478,85
28,295.6334243230944,211.61281712495727,85
21,385.40444115530227,32.89429015079326,85
31,246.02074538736102,182.78792115707293,85
30,439.02622210525595,39.758205365206244,85
36,245.6139169257776,99.1275432262363,85
5,222.52662107835897,41.30555863251517,85
11,198.54429289259983,110.63906407026586,85
34,194.40534662879105,109.71687097479837,85
