id,x,y,portee
1,270.2403258746206,92.13338914939257,85
20,244.06421952149938,122.27395208768743,85
33,209.7046624653417,119.21485653512082,85
35,256.2285387028942,36.18779114122417,85
36,330.58992197585286,119.16941990727042,85
43,289.8462799615586,172.39044159139323,85
40,263.93791995306395,204.45094542059627,85
47,235.99076534424506,198.33662743745035,85
18,195.55398314118688,20.124313632390532,85
32,209.6163853510801,1.6105253357707738,85
44,297.38562190086,6.91600518491814,85
45,178.35735072715764,13.371504870031913,85
15,371.86925717970064,124.51007560948102,85
30,254.83171846997814,221.56281433544876,85
2,210.6356481454371,255.96697825029318,85
11,231.03430694719833,257.53611838247133,85
12,221.15122975314645,240.36861038796582,85
13,252.41367753999512,251.15848361598637,85
28,163.43927877809645,26.202763750384605,85
19,165.57093213921738,288.116229889501,85
25,113.80293339923331,261.2269925933685,85
