id,x,y,portee
0,205.32812323315363,243.04881770606224,85
1,273.5896501883114,258.69365030656513,85
2,134.13023106347805,233.2558659063157,85
26,193.03262937047856,325.3861957728528,85
32,152.2215431733441,305.51029231775397,85
44,134.89324506726592,226.4194108807309,85
47,213.29171159109782,240.17953360717198,85
40,276.37000635443394,192.07797535418442,85
41,269.4701522591131,178.1781399725915,85
50,294.8629308699022,211.38219674624514,85
53,350.14309428240165,233.8411488995416,85
54,346.57485418249234,266.166101364723,85
12,112.07611328266832,250.68695811979663,85
19,128.3754729010757,290.8759827204538,85
23,94.2508738511873,303.1486270845738,85
30,223.44714364889785,352.9495902477237,85
33,164.01680387099753,329.79846606124397,85
37,240.48916734415982,350.25024092508534,85
52,159.32401369382316,371.0522904773595,85
10,294.071886260127,150.64738864781347,85
59,223.3397445253112,154.68155721867322,85
18,362.0890120844109,314.70399780446314,85
21,390.0094770667004,222.80452439967607,85
29,411.635600135772,262.5057204266766,85
56,411.747502974053,210.6091800134882,85
31,83.81593836969303,366.4404627820782,85
4,197.9615920030552,430.14190700270825,85
5,221.82620709416074,437.302029685569,85
6,319.8973135139896,76.26269983771977,85
42,318.86779379661107,69.4435609951724,85
43,439.50903823448306,331.20741752964847,85
28,453.7878347123703,230.01146581065717,85
38,199.1221842698424,467.7100464566144,85
24,276.211006394069,5.933056340439835,85
25,389.3894621872419,80.90231331689962,85
48,359.5324283902326,6.027015323841589,85
51,327.30101287017186,67.50962840871804,85
58,350.0523915286006,18.051745788119412,85
7,484.6622057186834,385.4876073782432,85
13,465.3357323755734,411.9132714433621,85
11,496.4119807952612,166.2716503517261,85
14,131.84535233953974,499.68904234600404,85
9,468.80871341505843,65.73065874142337,85
36,464.4272381806796,63.55954047544798,85
39,495.9976744763318,419.7351371463722,85
16,403.6343719359674,411.32619605928556,85
20,469.65532829947006,478.5883700070384,85
17,79.52763080928938,497.80806538726773,85
22,342.59006753720456,446.684438570679,85
34,29.136552984756314,446.35058956001245,85
57,12.215603046535294,431.6638106654712,85
