id,x,y,portee
5,224.32319229667226,143.79293121707587,85
7,282.8744251688912,108.77293827740625,85
12,236.31906907570155,75.34912991576192,85
13,205.96256617038378,71.37222712494639,85
18,194.0122117642609,134.91165422790806,85
21,197.8687652481993,75.907370240417,85
16,207.44442088421465,23.165511749427104,85
