id,x,y,portee
1,408.1210899803437,82.49814766267156,85
7,409.5401156375543,156.17225053734268,85
15,477.593791394022,48.865282559861946,85
20,471.83567839342516,94.75981608452378,85
2,475.1061126737426,170.13413512224884,85
26,493.62348294684506,137.8950443635386,85
