id,x,y,portee
3,398.4758117585311,162.17306643611994,85
8,428.09070439748956,213.6887082556133,85
20,345.8648216966878,167.25267358668367,85
16,407.5546505181324,252.25827333258587,85
9,287.0106907708307,165.14916615049847,85
21,310.8880085418456,226.40043956209522,85
11,223.8624998001224,210.4203595357227,85
10,286.4327928748841,266.8979410558078,85
4,163.29352079930936,153.1562336727857,85
12,104.13921511594104,140.65480273555886,85
24,48.73774392513275,109.18076297573404,85
6,72.21116165331787,37.84417098992904,85
7,25.84164677648171,35.3108183511992,85
19,9.276395877740429,182.5386291863887,85
