id,x,y,portee
10,441.14637214921964,383.1262166365184,85
16,453.2217648833738,465.9073099043926,85
19,383.38798116908896,364.66139808638917,85
11,397.4209091548145,295.91574312919323,85
