id,x,y,portee
0,311.0357319918224,78.80566713778603,85
1,248.4178711569263,28.40877037917067,85
8,318.72976248282674,15.240000152736021,85
