id,x,y,portee
2,257.5844514662989,366.49566797942055,85
6,207.99054334044604,429.46133662088033,85
8,322.8076366150228,414.3077152664771,85
16,227.04908779317196,300.83374812586203,85
15,281.6225473683068,454.401815318986,85
12,170.2377922024969,332.81403495901657,85
