id,x,y,portee
4,199.42511719323014,380.89962922826004,85
13,177.9167639067748,385.5404333477643,85
20,205.2307870938433,441.11529112395925,85
6,125.46840342685661,437.10314174130554,85
8,249.2850172228505,483.66703227453854,85
22,216.9267474189337,492.3942024304836,85
12,93.13834646217428,489.9568854099708,85
16,76.11947817893461,426.4951957188819,85
23,119.60175112683763,458.40020748580406,85
