id,x,y,portee
1,194.71137523145876,129.84327053185547,85
2,133.23239102663308,118.4140456099796,85
11,199.15007264921735,210.79317931681712,85
25,239.29393104209018,160.50596023620312,85
33,228.9464733867554,79.73112347824912,85
35,249.36250829171001,82.5775189609645,85
37,243.75482015928668,193.72415478494827,85
14,150.41746318398435,40.553535672208206,85
21,55.42092837870272,102.88113773446189,85
29,100.14609496874837,44.09711893959928,85
9,222.57233774757896,211.65430586866867,85
10,285.06393954007046,123.50622900522168,85
3,76.70912088321114,35.33123916902375,85
22,119.32870325155281,18.707310145959944,85
