id,x,y,portee
1,315.3419388968201,146.1645628987644,85
2,256.08091948845794,151.03017064841035,85
13,282.96689085496047,156.57309810055025,85
26,292.4950045745191,97.48205791457254,85
38,352.5211011772354,85.0013053649829,85
21,191.31770644294087,187.73117957851287,85
28,198.73534876510485,177.1803696291121,85
39,239.69983722628226,230.9029081737895,85
8,259.0514022848569,37.83791802491226,85
22,266.88857113759417,271.70231141427337,85
14,291.82227869126774,299.6703135111088,85
18,285.78779587837636,329.01733811040333,85
36,304.0806568232115,314.29249427164046,85
11,202.508888565466,333.177751927041,85
16,251.0168790273164,397.0150440389105,85
33,381.947367914344,311.2102360936752,85
24,380.3986175211247,249.81755481325234,85
25,408.4152976459601,260.9178770916671,85
5,470.08525244402796,294.64561440349803,85
9,472.53796036335075,247.11300405019375,85
4,490.3772424633188,233.60688937392777,85
20,498.15805525471166,342.08635325116325,85
