id,x,y,portee
0,219.34323603933552,213.83272586179785,85
8,169.90767157256587,236.46549540907668,85
9,279.89466850234027,218.91672814177983,85
12,210.81784212013304,274.3210023490295,85
36,186.61705126839163,159.42641004541713,85
3,189.2811765859554,295.91094322245186,85
47,92.85387953507008,251.72711109567908,85
33,301.1176768681745,167.91659613412168,85
17,192.17756773890272,373.1784490482845,85
48,134.52362161145464,337.05937294084333,85
32,64.05051846033383,267.09008982300014,85
37,34.95640822296869,192.69705352344846,85
15,371.7009424953095,145.86915591407256,85
13,273.9111763302063,361.53040495581973,85
22,225.88296223754105,435.1010334174663,85
23,177.50058089173598,441.9110719672435,85
38,240.99190195120806,395.9244262504216,85
18,83.43523104359434,145.63396006902502,85
7,396.3763956451093,137.3037742054618,85
14,301.21996215837225,430.2067518248147,85
31,358.02245832000705,373.7835439194569,85
40,267.3905370925036,442.88832391955276,85
10,258.1947686088155,450.3248664714021,85
39,272.67838673405146,453.843775692605,85
45,243.8436410458807,450.06686220015973,85
44,68.75910460908547,63.608599329993574,85
20,363.01462220461514,373.79765093751695,85
34,341.173732279011,433.8369085487626,85
35,366.72654816807056,405.55831977686836,85
4,34.09073406663104,5.853766705196883,85
6,61.784272251156736,33.71951662989387,85
41,22.73851307907998,76.55935692224519,85
46,65.92479266565698,13.465016332213143,85
