id,x,y,portee
1,146.33143298240253,40.10553762341401,85
10,197.15486266280553,95.5857398653474,85
12,161.65726301913062,38.07738075639683,85
8,165.62224409973902,155.86927083513692,85
13,251.93424369001306,48.31904687250571,85
9,107.71737318571611,125.94546740695911,85
