id,x,y,portee
0,338.5520597673602,428.8309025162294,85
7,270.5642286597684,424.0537394565061,85
8,289.9503012421012,363.9971403379264,85
13,309.5420895451373,413.0307163176163,85
