id,x,y,portee
0,149.7652879107033,56.890901137110205,85
4,148.83431956131955,128.89545373947604,85
5,186.99261453408167,157.44746252562675,85
