id,x,y,portee
1,25.20993631784346,352.7019756950936,85
2,64.01905043215555,395.38909073753416,85
