id,x,y,portee
2,86.72463794869701,227.61858225359416,85
8,86.61755333248678,212.13438356535724,85
15,2.467881513432635,228.4864405548823,85
17,85.35624993200419,267.58506168944535,85
19,33.42314792621387,176.54876672606574,85
12,85.00819319493309,138.4750839249929,85
14,30.04992611480245,296.01997836617534,85
21,26.43687331940758,294.0590143717598,85
5,30.212443566095093,353.16902806436553,85
7,34.70473226630494,351.5237338270817,85
