id,x,y,portee
0,186.7579815790435,282.1811136186327,85
4,104.35000383341786,273.55077375948997,85
6,163.0527595613087,277.5990352492163,85
12,216.12006764004116,350.29656245149084,85
13,164.83670724743965,344.9909104965872,85
2,86.4012099701944,208.53073097157738,85
8,99.6901115905563,248.083839704115,85
14,152.96901906235055,407.6715774150336,85
11,146.5611962469893,169.01555725852458,85
