id,x,y,portee
1,303.1941337597001,320.7580621841735,85
5,268.26526397465244,308.86381803590757,85
11,359.7522270548013,347.06235462337764,85
2,413.4056696881201,296.6846256740751,85
4,383.3384146820199,353.2307253875921,85
