id,x,y,portee
0,105.1177052965912,44.290151948055744,85
7,135.02347974687046,67.81033842211343,85
34,53.93068711678839,36.20343690505001,85
37,146.86612593265224,44.130955652025406,85
25,129.49988594387918,127.45607569147089,85
3,19.512949691377457,29.68617807409496,85
9,220.83797674528793,73.63334069870287,85
11,93.04759807190754,175.512053707906,85
19,48.34642925268673,128.0376654088578,85
20,208.62346815611056,151.37889230826207,85
6,241.96407238988354,65.0644552097927,85
17,225.75191754072478,111.10817687406144,85
15,57.00337866715094,172.92012438915532,85
8,270.09035347936225,194.8697651415727,85
43,292.2199359230582,155.6392881204925,85
41,305.4357658432353,55.11839007623015,85
2,255.18657869829963,256.01697234564836,85
32,324.6380955368836,227.39929235013983,85
29,356.2313077066337,203.0660774682546,85
38,335.0073025438973,123.74442996883234,85
24,323.1815350711011,0.8607026526087913,85
30,319.46394078318383,17.335917574472504,85
1,190.82590944007222,287.1724415652367,85
21,412.9628017917684,242.6603197046233,85
22,406.0373438971749,152.7670655708525,85
12,165.06358572818752,304.6409973296018,85
44,139.6716941005797,300.67415300550437,85
27,428.8391514122489,283.70665976669085,85
36,453.0910301230752,214.99405851925323,85
5,443.9050308163958,111.26132824171891,85
40,421.9756811892178,97.26585755482608,85
13,97.88479976155185,345.5600625409027,85
23,94.94318316106914,263.05853410730026,85
10,452.9104228648871,362.69518531927554,85
33,425.5725920934033,342.61327729900296,85
42,417.2732828788821,68.38422126532578,85
35,438.6922021769198,20.767997427695363,85
14,461.25055648328066,410.5308816607383,85
18,490.30980461537575,352.54768443323513,85
31,434.4021999531774,427.50466307146377,85
4,394.5221126887658,494.538910250368,85
