id,x,y,portee
0,128.4639429145899,421.7746924935348,85
5,173.3093975930795,375.83034939578283,85
8,105.27372959506431,355.8419812245631,85
19,89.9219576304221,429.6082402361741,85
28,56.19938084516601,437.9340162219038,85
31,178.53981448064187,376.6545976324386,85
34,138.54578422235036,481.93073047908194,85
40,173.2820804079574,466.0196578957002,85
6,101.7806658714302,337.02014391921324,85
11,188.11582278425277,337.7369110711361,85
4,40.655247021906646,472.89898537109804,85
27,13.234834029890841,380.6526719647316,85
1,228.43200461955976,289.678240636046,85
33,220.5288564475231,237.6020863333817,85
13,280.91503863157686,204.5066270066278,85
21,147.65083772487853,241.9455802828222,85
23,277.8759792668168,183.39078639817953,85
29,246.90130643214263,203.41381275308106,85
41,297.57394615259767,208.19443243757834,85
14,324.3404321981752,266.8075947955728,85
22,262.26363769179136,136.31170613947774,85
26,81.43987860854834,227.83058349314234,85
37,115.77015698636284,224.8762230550614,85
45,132.4541771494473,227.78476563609368,85
10,281.61220213436474,107.63189753942487,85
46,61.821350637040474,204.07245327939006,85
20,55.366642077400165,122.7338939317183,85
