id,x,y,portee
1,357.9666409455693,23.935353541436278,85
3,395.96386623886394,90.62421454667441,85
8,290.64763302868045,25.377907983768267,85
20,316.4467151070952,33.574190000145165,85
21,349.20152375956553,118.30273755528387,85
9,241.85056649517117,70.84737430083266,85
18,239.0923494275579,63.53947295245382,85
27,207.9747125317719,99.84447571556848,85
13,214.84069500381335,163.33479421033763,85
26,148.30690195649143,50.30779092395704,85
31,90.76200388178007,19.26723565033711,85
10,26.387738414772432,49.280932953573,85
14,61.62159161665165,97.21371503865144,85
33,73.92218143654911,0.17746624348402573,85
19,15.978755784763433,63.25639874942013,85
34,13.378945279181265,127.01932807522832,85
4,4.103731072187422,192.86521793913136,85
28,39.53652517965689,261.49731476832847,85
6,91.28674564453843,326.0360682159595,85
22,117.04759618697946,291.97770261623083,85
30,115.43815486506625,262.44046573986174,85
12,78.19861848356946,362.70931121311895,85
17,151.55360100709453,316.43601279988275,85
29,149.5052986620227,291.1945942288413,85
23,100.56361136503783,415.9985886702064,85
5,196.2713714416246,358.3970098591989,85
16,153.01809826557732,448.127436038039,85
7,230.20661829954923,355.7758112416683,85
32,242.0826917815606,431.11842254304565,85
