id,x,y,portee
6,398.22903920537317,120.69278689991953,85
14,345.7879457065331,97.91414097872308,85
18,340.7774295599066,89.36039471166474,85
38,351.8978403602487,171.32037869205612,85
39,457.1355474397245,154.87429819844388,85
42,367.8009979947674,92.9678230247124,85
43,451.77925435997366,81.15956280895098,85
49,416.04090402783675,164.7198958194429,85
11,273.7582895889492,53.16983838922995,85
21,329.88455302607514,239.78625185994957,85
30,382.79188280491445,236.99758395638432,85
36,303.90684445932084,213.74380041,85
12,489.7117201148241,140.8104781737283,85
52,401.621428496304,241.77586457900097,85
8,374.6166032148007,306.339569623619,85
28,253.96011571654725,212.08852738614502,85
45,366.33008124956297,290.1548479040244,85
