id,x,y,portee
1,146.38722485409576,488.73834158328475,85
7,136.3604670182133,464.09421568960107,85
30,112.97798571829593,405.8729691168652,85
34,127.37964000897523,380.58135207573747,85
17,170.2119841782801,364.2261086607011,85
13,178.17466311541276,324.84023575083046,85
20,174.38637724707758,322.2237245687092,85
29,235.3469336704761,342.5944712516458,85
31,229.852192864758,372.6255485062246,85
