id,x,y,portee
3,314.9599934421508,375.4544449049594,85
12,265.2799757041221,312.8073455041802,85
21,336.17735224253374,322.03274455715064,85
16,184.33130281328675,322.9786089222466,85
6,145.8035216271042,379.5232851891885,85
18,118.62463197437678,271.96036773394604,85
11,78.67671948161542,365.38098631510667,85
22,73.0051224076148,237.35797554536924,85
19,63.19032156920956,337.538483594516,85
