id,x,y,portee
1,272.1522930423956,483.4530534573535,85
3,272.5294037388709,432.9323249260584,85
18,265.8127057864572,450.79636946683064,85
20,193.82105828745006,475.65958767932256,85
4,319.3263934395209,372.9792533548248,85
6,294.9904521496037,355.4264470662366,85
12,277.6584831731012,383.7916239561294,85
19,279.19720892618886,296.5519797261959,85
