id,x,y,portee
0,298.0322160916365,134.52940886773897,85
5,329.444394051541,96.45255055083463,85
12,321.1105183414409,110.63474146395413,85
26,234.8489333625885,134.17278998720033,85
33,283.2727962984929,169.97085270100126,85
2,302.7100704974418,41.97427480312504,85
14,310.09795319028035,34.45268367391496,85
23,338.88431015428324,46.353635194083424,85
32,378.0255949879393,98.28255646238998,85
7,215.07920038335143,93.18151557559734,85
50,181.83654156108665,172.5309597337613,85
1,351.0653646704389,214.9195632875669,85
13,426.08325464184946,142.4885612616396,85
25,187.27761038331,24.026379309194546,85
51,164.82248855361493,29.41183708343731,85
29,152.0185333918213,246.8198940317589,85
43,126.72489173985552,114.68279988377355,85
42,429.3929205306085,204.31330602947745,85
45,396.01469552713564,236.92393926381246,85
52,356.84787991317586,251.92135279074685,85
24,499.5052385422291,178.5899784479278,85
10,125.50470882067088,76.78515431160565,85
47,117.09049996413718,39.56337342986199,85
35,111.24107415584949,221.71215341960283,85
39,147.52102469573592,312.8904656408684,85
44,124.36885525837221,258.7756016348814,85
16,102.96558821851349,130.32455175918784,85
15,491.3758049191236,223.76973919280786,85
28,37.00923249182475,208.62634903096355,85
36,41.287430534307,248.53441566555733,85
8,111.15439755951712,324.32089461353996,85
9,76.50905678237486,339.94117041017097,85
18,142.64903347895265,334.0882072947998,85
34,126.37434695906136,340.02137529009104,85
41,116.97631759128568,328.98727508703587,85
48,20.984487424983268,183.95952206862398,85
46,51.083031833755676,312.46879155768113,85
6,43.92224164915437,369.5256135400177,85
17,31.74234480481114,361.775103623065,85
19,25.825005286279236,364.84999846617166,85
40,130.41074411084713,423.99223309171794,85
21,2.3654397007493166,127.67811725061729,85
