id,x,y,portee
2,44.47793932408356,297.32257888575583,85
3,48.31936911711515,327.10840484209825,85
