id,x,y,portee
0,182.01971271347173,64.98627429383386,85
10,141.94634013841235,77.57240642690554,85
19,156.51819185109028,37.43747613076614,85
22,158.2625520349555,120.6076456708165,85
35,200.2356937104376,126.9855225905313,85
1,106.51680556858456,137.73497124425148,85
7,132.19515465259911,145.8093009031267,85
11,74.39638865281195,38.25741849448777,85
30,101.24809674655822,196.25258242432147,85
26,52.498353134952765,257.36067199738227,85
15,24.60388489198362,307.05304336020066,85
