id,x,y,portee
2,3.021179333353552,78.74058853937854,85
29,18.851985965998296,4.667246346715559,85
48,81.78348023989763,95.57785285994042,85
54,46.72458110586675,124.53012660258605,85
26,137.38361694725504,60.04782711803847,85
39,64.48079249816618,197.4495228311532,85
53,98.18673354412843,183.451339393924,85
42,101.25228173403688,194.79478132900263,85
47,135.19186646412396,196.06925169206048,85
55,96.33365715918868,212.20368857294275,85
22,176.74851147879528,138.46421078237236,85
16,244.34424757855007,113.58741937748418,85
30,258.6624878489666,118.6581147645826,85
14,288.34708812444177,170.3351128226697,85
15,313.8178864104017,135.0920897311591,85
17,226.94179617485437,67.96476765249088,85
18,295.66293661336505,149.64200134236054,85
24,244.37487189857194,80.52256613827325,85
57,247.36130006749747,77.15940715445058,85
45,315.7082402777374,167.12529170344797,85
20,292.8069032553554,212.77867572717713,85
8,261.8742922983763,15.352672464194084,85
46,211.17158110114914,15.82201245464554,85
