id,x,y,portee
1,317.16351673120874,25.610410649065162,85
2,236.54409464584464,1.7525899857897542,85
3,320.7541128882629,74.04153875789493,85
17,289.6362244039034,62.755067877451445,85
23,206.1332229959895,59.920640829587256,85
