id,x,y,portee
2,239.1671294686575,251.889049750595,85
4,275.24794446280845,317.6185695147395,85
5,268.36425093297265,198.1956705165499,85
12,293.12258345235693,296.44139761640133,85
7,322.30063520513596,136.3651166928727,85
8,274.2369784282893,83.83026595898279,85
10,248.82025033611842,51.82922758964814,85
