id,x,y,portee
0,313.27759446625663,230.36057558274686,85
10,330.2621110143171,147.1653208651189,85
21,285.669016423521,267.7720857943919,85
25,322.53826658071875,168.32339397619688,85
1,305.3050563341124,88.13933276704333,85
18,364.52836495240035,140.2700245976578,85
3,291.62854246623453,351.7850350343759,85
8,247.63423491665037,125.7203537677668,85
22,263.39852734771756,375.8182563846931,85
12,172.26718894162457,119.86431659653485,85
14,231.82359049472828,157.8456079359517,85
23,169.70196934002792,40.86060117777357,85
19,91.85727175141733,19.499259067654982,85
20,63.28045757079309,60.36512343347361,85
29,76.4298679977628,127.72245832583002,85
6,16.702401272773002,168.10328587261213,85
