id,x,y,portee
1,312.10203369120586,123.73165116429607,85
4,252.77392389087905,151.1945601393993,85
19,318.19848201435383,176.8777322560046,85
30,259.32430911413064,59.41974726372118,85
31,378.40988786470683,75.73819419022747,85
46,293.5896399714671,79.01254024173781,85
7,190.58227632892599,98.4476042197493,85
13,250.34549352403212,184.87303613877455,85
14,180.15565085074374,149.64566768385828,85
21,184.74045827589563,124.83079543935044,85
42,199.01599872756765,196.4458034029744,85
25,339.90399586372376,28.321488374363934,85
36,155.29994015773806,192.45874034861941,85
47,136.08315695546526,252.91275235994632,85
33,90.16721889450707,170.39628150807988,85
20,76.67384673715082,294.7825782905323,85
38,98.20630866671564,266.54521531531407,85
45,70.76161606052383,222.77652750838894,85
48,186.82162453269348,283.2494039820211,85
28,56.11892759308462,171.02676920286447,85
6,76.49907980014086,349.0379259108402,85
15,82.26572891925116,319.3981798442938,85
22,72.18333091243179,311.5015985594064,85
34,54.98300510667464,372.9598132292911,85
5,243.83330073526426,292.7193625489998,85
9,248.3627025588639,275.1279417334788,85
3,30.264937887266306,104.47943654602898,85
43,25.920463395641303,389.07923742441164,85
18,5.923445356371682,437.6488330983198,85
11,74.14035339938118,59.57910428260577,85
8,129.11424359416813,12.098418103140885,85
41,141.56259964131274,18.863851823467172,85
