id,x,y,portee
3,14.137576042428657,482.6282195183909,85
6,48.422154449080324,412.71771684172575,85
5,71.69083545658033,385.3954633055648,85
7,33.16351812956414,337.75098637154076,85
9,125.05702094415194,447.6570790966956,85
15,59.71561022142985,337.52872858670025,85
4,74.32339988455838,269.1812893084571,85
8,104.77054117821271,485.8888964351533,85
16,189.20589275640853,430.63629879663915,85
12,235.97693960880534,414.73294495953115,85
18,277.4576304057159,356.57566684449114,85
17,273.87155294495955,298.2159959346108,85
