id,x,y,portee
0,390.49779383659205,175.6825201645256,85
21,313.07279911110834,156.82467674041862,85
25,449.76698054653485,136.7752648808036,85
28,359.4303951663579,253.64924829297476,85
1,273.80788717275533,98.4510852158244,85
12,283.419618646642,163.44827805607036,85
44,315.39186171618366,114.11791692304423,85
8,490.75476734704665,85.79703903462837,85
41,203.67954081584332,75.23054323498057,85
20,262.1145351526043,244.327528208297,85
29,183.11032323496522,145.0613489613432,85
45,217.98928106570503,15.720264901592174,85
7,259.49793835918365,267.2990849364256,85
16,230.1509134431564,302.0273832049054,85
22,225.75750575039078,229.19677026806028,85
37,190.4275811712634,221.41522228120547,85
2,148.54692126584507,183.71968079639782,85
13,153.67354905150432,163.37830476087188,85
48,179.71723015194567,274.01940286033255,85
9,151.37658014590028,281.19202975835,85
43,149.58272877045704,284.79768260957115,85
40,158.0898473227494,228.28086725726948,85
53,120.72125506332831,244.42284138777916,85
39,82.76871421814703,238.4690027175725,85
3,41.222164084569634,200.4929552385697,85
46,31.23847824179321,218.49523769798918,85
26,16.19752279399156,144.5207843310236,85
47,46.01462030964165,126.75275533525271,85
5,0.5216878419749826,122.51852020299691,85
15,54.625523424129405,86.34398240939711,85
49,58.38922598570095,63.443102086296,85
14,10.726628282245688,4.784158566255636,85
