id,x,y,portee
2,152.70068186476453,154.7362908797284,85
4,140.44987582884914,84.05415423265077,85
9,149.38821036020056,111.78013433863515,85
15,129.03736481690913,45.23380960980733,85
