id,x,y,portee
5,251.0847123975914,343.54909984249537,85
8,315.5231784227625,309.5590713686993,85
14,310.2177275744067,316.3646948578124,85
15,271.45692300106884,378.2937415995225,85
