id,x,y,portee
3,66.74301849483605,182.30076185085485,85
6,117.4508118722103,127.32863939186456,85
4,92.39264964004929,46.960779149373465,85
10,160.49197384815122,97.14938338037999,85
