id,x,y,portee
3,352.62536300323694,153.06488698198922,85
4,320.31941093072436,200.92484287945263,85
6,387.3259732062039,106.86066951124063,85
9,294.33799010520664,198.94882941187657,85
11,308.00168231194334,173.4931279551069,85
