id,x,y,portee
2,215.04971674001382,407.32348708999587,85
22,271.2437583040615,440.51213490209983,85
6,306.96909874727066,472.0704103612283,85
25,342.4200848088136,467.4525223798821,85
3,380.9021113987321,491.49834034581806,85
28,421.8619993991518,479.10697195618076,85
10,497.2040732571256,479.66831730529816,85
