id,x,y,portee
13,379.44159348617154,26.756397113320062,85
15,367.6500135087696,17.194818807831137,85
19,414.77897872518486,72.47404928172763,85
18,436.1427814909012,110.50120751650027,85
21,423.38460422653424,137.76431414266,85
16,466.1901625228591,186.05045731669605,85
