id,x,y,portee
0,179.8513113592002,134.3736794943809,85
22,196.1622646656357,74.2070257106377,85
7,270.34807402693673,81.53225600511082,85
20,298.26335756722074,146.44082482009225,85
9,360.3075436374448,134.69544478971585,85
17,428.3887800295745,84.86352018029741,85
5,387.5947015114999,50.39218006460439,85
14,446.04578143684193,14.745988191964765,85
