id,x,y,portee
0,296.52895996185225,320.4608784158884,85
23,288.70030565324595,392.1611664960058,85
25,302.6747237050231,291.680914618996,85
53,347.18928739585607,447.9309992833734,85
2,377.10128840737167,281.46683075779,85
20,348.5032036445598,226.75146916216738,85
51,323.8357793272066,219.40619098310142,85
35,303.70243190072176,485.3113785025606,85
41,395.3886171773609,486.3376057853279,85
46,389.20684325922423,459.33223348220884,85
1,396.52325569750235,251.30796182511534,85
7,438.3552884064363,322.45319019330435,85
17,396.0992785114766,362.9559696777725,85
21,425.51346845478855,298.135627038979,85
6,280.4736921048228,162.35357256463934,85
16,310.41301517351036,140.0083223337109,85
10,469.227833706025,475.43397032690547,85
50,465.98900668598594,473.68446110716724,85
11,402.05446768360565,382.2913840827592,85
18,414.05684064618623,385.4656549571694,85
5,248.2885653112854,156.30636405370262,85
28,352.27716669866965,117.79373727530063,85
31,232.86702949238824,157.03105329460493,85
32,233.3738871772959,201.0218459109382,85
44,382.10568170072355,142.55930962383445,85
8,182.46711152128637,110.78110392880247,85
14,172.0300203650072,168.34043773478868,85
15,335.8906871711577,42.699880869994935,85
39,393.2839855312463,83.99849830597911,85
49,140.35598945458273,157.93818118515023,85
55,232.67989515097122,66.32233361719369,85
47,139.7314198535121,228.57983745110505,85
37,365.2362003772125,32.187283185711735,85
24,462.34918448137336,84.69986651779936,85
43,470.23686247315624,92.98136136907897,85
52,428.1674118818681,44.003311482595784,85
33,166.65945286889055,256.52273090249895,85
36,170.80916834313697,269.03255478496493,85
38,486.4046828137977,150.78801072874975,85
26,182.08864517545192,333.06804448318053,85
12,484.79369684003234,213.40136381076013,85
30,492.68288982166604,193.843938725291,85
