id,x,y,portee
0,357.8057509938501,256.7536191772478,85
2,387.52600082664213,221.52017791894735,85
3,367.9159976124874,211.43600330614336,85
16,360.5095818841983,325.92035769235207,85
19,321.9763493909235,299.0453182488402,85
32,365.39147454019195,251.68879743318362,85
34,407.94970529608264,234.24573284473087,85
43,347.7018032838135,203.08702052663585,85
24,408.57312788507375,343.4705333494245,85
25,352.51222701984193,400.0474897547027,85
44,482.25188823644936,364.92687303145317,85
53,465.36448041208877,331.095611006106,85
55,473.6187976117724,342.2119565674161,85
12,309.5621761121615,428.5709678948392,85
15,283.2681977183429,422.15506839552717,85
17,291.5907930173228,458.3850087743895,85
28,392.85452871569845,466.50468280189165,85
20,298.6255743540949,487.44428669777494,85
37,288.7370310728508,458.7727032038434,85
46,231.63886817670908,453.90409456646194,85
1,430.09830727828705,438.5554436762622,85
51,182.4074230900215,480.7035291264971,85
52,173.10361973949662,410.3187480570798,85
10,202.03366809892248,372.1100953253605,85
21,107.83994840779287,372.341464811672,85
48,135.116224661417,371.10439642172753,85
49,133.02046926876565,342.4081860376984,85
50,175.45506290859737,325.7440422215512,85
22,54.66480464207751,349.12887102507193,85
23,80.43807544993287,355.61376323839863,85
33,54.09160881517233,368.2322658752781,85
39,49.24517226966463,418.3820837764981,85
45,149.27355598152332,271.6545352121919,85
42,212.7305442895232,282.8436449101872,85
4,32.57535868788985,416.5625230506006,85
31,1.4874038382987065,291.36528867952,85
38,59.216398896276445,452.2561406374966,85
18,50.37673640659451,492.7951055228972,85
26,88.88746164263023,214.04393717379133,85
27,111.43349854586565,246.3587979296941,85
29,199.71528441458852,225.45961803336112,85
9,64.9900970432159,226.6801693365426,85
40,122.39077151307836,160.6952110061735,85
35,69.9344603611795,110.38052616922734,85
36,126.26285195420034,48.42265265253381,85
8,62.58063780695,23.107687080491047,85
11,191.44145714899037,25.7768500223714,85
41,201.1486046626465,31.796703830752115,85
