id,x,y,portee
0,372.209300527971,429.5617849048039,85
2,375.26055363450075,378.94971482358005,85
12,323.02469121666945,483.50178571688275,85
18,383.30000600899245,387.0008802107352,85
14,460.12732268364067,413.93196233641436,85
20,465.0456356294492,361.42831649564874,85
16,434.3317204987019,309.84752361570105,85
11,394.43256385654666,288.7609455802044,85
