id,x,y,portee
0,371.9218778091984,77.34078218115553,85
1,341.054933235003,66.57082462656928,85
2,348.0630976457861,154.11977765303897,85
6,347.73259682067425,34.41542189461694,85
5,288.5595207024578,23.216735783913535,85
7,308.5676988510107,202.2253785535054,85
8,326.71925414136564,154.04888643208108,85
