id,x,y,portee
0,209.8669969408819,356.3837458454809,85
19,218.12666218831706,298.2618412380681,85
24,251.8769718915762,427.7091605347972,85
29,222.49419660214036,233.34107083733397,85
27,269.10818662030454,199.81383109690748,85
31,142.44737715883204,230.25649106731822,85
1,315.4701338364776,196.9318220116844,85
25,76.35308524708984,213.9743779255186,85
33,103.26393000172123,287.57046531748193,85
6,363.55077195715813,136.3428882220334,85
21,393.65637381313627,144.33682840429114,85
30,444.0514269619399,118.2665394610658,85
22,484.24349986686235,143.50486499919097,85
