id,x,y,portee
0,372.8273759999048,346.31627947682904,85
9,405.4405296720818,292.06744887558096,85
13,310.3656124139156,327.16638092218295,85
16,388.7041118819945,275.9606748707668,85
10,432.25350162866255,247.16496846683543,85
12,435.7598881424939,220.86327752446678,85
17,351.4253901791066,236.68474622070883,85
15,291.5981102174389,252.42682445470905,85
3,264.9206295847555,234.1476975092398,85
19,217.5244970368307,253.87108001750764,85
