id,x,y,portee
1,39.36557958384101,14.961103290271115,85
9,10.336057330391558,15.324409790326898,85
17,101.86798451989799,43.136457129215714,85
3,89.62424636901106,116.44430237717046,85
20,132.70283166081225,69.83105162864494,85
15,30.028027228612476,132.3717814786349,85
8,208.90163604011153,63.308114363619936,85
21,248.32506264458465,75.47604364522903,85
26,280.33453451643976,68.65116072422833,85
