id,x,y,portee
1,188.84962953124295,114.61873568423813,85
5,231.3320043327451,118.79247968009487,85
14,155.9353367349947,37.82191249474148,85
8,95.60499959943569,32.92045242221386,85
10,199.81727251113017,21.07549103677292,85
9,55.11673515571203,45.646704817664805,85
