id,x,y,portee
1,373.3149504399096,261.0813284305722,85
2,340.29399104548594,319.82620815573523,85
