id,x,y,portee
2,329.3653550385489,283.16113741688145,85
10,319.2707481734667,237.62035821185273,85
