id,x,y,portee
0,93.98167919890082,428.588909130363,85
7,71.96525724168157,462.85521902388814,85
15,72.03492571111003,418.73540426876116,85
16,167.6278970285458,452.891376664873,85
25,16.597760046671016,455.52115060644945,85
31,54.30812128593476,449.2989541091557,85
33,125.2111581453318,356.83798115569624,85
35,93.00382796499773,433.08046589290467,85
36,64.99474734016175,448.98259127718325,85
43,110.71821827318784,499.79999600764035,85
10,189.54866783654646,407.193991452374,85
17,211.7544821431357,370.4572839575997,85
11,206.91946797466133,289.67675466910805,85
12,210.90693536240735,287.5660948718162,85
20,278.92830113633056,324.4249029261039,85
18,290.88538627360015,281.2400817920376,85
27,314.32134061386745,347.6861770884703,85
6,363.61154098684176,264.0457113281688,85
46,356.1429182744134,214.29304761609242,85
14,374.8553588551461,132.53991908120972,85
37,430.9356269302127,198.94136819981208,85
1,413.4223142465077,116.55372536285769,85
13,449.3399659688499,117.14611207113401,85
40,414.4065373809743,145.99969420719134,85
5,486.0772535092516,188.61972743963446,85
24,454.4380386867991,164.23753256860425,85
