id,x,y,portee
6,307.0086299316661,27.041802266810134,85
12,258.7267425372192,32.61606152880331,85
30,287.6693412157458,79.69547983702013,85
20,202.32971558086265,58.605469224191296,85
35,236.48551332977473,138.82726062996596,85
15,164.18515415619171,127.35054468275214,85
16,134.42171469571278,179.70474921367534,85
14,76.91661437383807,126.90258085698264,85
21,88.97099066637487,167.11457980949984,85
23,72.14453381475188,234.47670632634654,85
17,49.10726026217371,282.26271519464575,85
28,23.64005253408874,237.97927024689187,85
