id,x,y,portee
0,350.53123413894946,329.9384113597765,85
6,358.02789811577856,273.9800021119616,85
15,375.33742580414327,318.8652186618161,85
3,295.0007423259335,235.88277589929902,85
4,342.57319243859706,229.40202575378032,85
12,336.497558836446,197.25147636839264,85
13,341.48761417062065,208.00696645252935,85
18,317.98479210773297,119.47025085595631,85
