id,x,y,portee
3,205.5225471875067,72.3754426973156,85
18,132.78908923603356,57.06283602077944,85
21,254.5292450445385,119.15102613259815,85
32,233.27355647970754,100.50194912168287,85
34,166.7005062504863,34.30155954453667,85
8,89.0094529453302,44.21073564341504,85
16,81.10152753634526,0.3163601300479879,85
30,241.03591951674213,161.27840569355817,85
20,173.9921123044557,205.0483335691353,85
24,199.98635582473733,214.09471213865655,85
36,198.53906874987203,225.69964367185835,85
