id,x,y,portee
3,409.38090935357667,250.79529879490937,85
9,407.06866219998074,247.75596785280524,85
17,405.817716051761,314.7031016158995,85
6,405.57491326512957,344.14625014978975,85
15,417.0856031867407,357.06518917219773,85
18,479.04275236168684,338.8418947183125,85
12,483.85098184748614,384.3741755391202,85
