id,x,y,portee
2,70.93352477021281,372.09207093563515,85
5,70.97401891140915,386.5568588088316,85
10,96.9180048380046,418.60891603608263,85
16,10.974230593494505,369.7910365099714,85
17,6.665052990685483,426.90634800006285,85
8,117.409723889984,497.45695736348966,85
