id,x,y,portee
1,415.4962679388059,373.8337087582865,85
8,473.00375483832505,402.2478799248156,85
