id,x,y,portee
0,374.8258683270201,253.16888784175057,85
2,367.79315694237783,334.3415223768611,85
4,432.24575939684365,242.46497051461859,85
7,356.9388745303729,276.36437795558555,85
11,373.4909537927822,235.66215514958938,85
13,456.48019355551867,236.24343272496972,85
15,415.55277393689806,193.61105796036526,85
19,449.99879874383157,216.3757345268385,85
21,354.2813443299175,207.05500048798336,85
30,457.642015866858,306.11829314965973,85
28,395.81439751205136,132.94092695225223,85
