id,x,y,portee
5,50.23948634465586,204.80120456867922,85
7,35.36335618462266,265.1106284872702,85
8,104.24350007541771,188.9842634836074,85
20,74.88506981043724,195.7078080480803,85
9,27.783491457146646,348.9248389957591,85
21,88.54854756229675,340.0374886145248,85
