id,x,y,portee
0,149.08893912170362,324.60623803402535,85
22,192.91171286099222,366.5541972814634,85
18,268.0077640514944,333.922397234238,85
27,256.85478502949366,419.6411666891272,85
14,308.14047006511333,345.16487210980887,85
4,306.55069725848483,437.2361070563353,85
9,239.96708831405172,482.83258645420494,85
24,245.22331133313162,433.8943027485906,85
6,380.7747217402964,374.37308171962525,85
2,422.7129389197114,328.12678150259546,85
5,431.3826386109087,358.324464218521,85
