id,x,y,portee
0,238.93602953360022,178.76830663983196,85
13,241.8016190861225,182.1615083962026,85
14,295.52058886653884,201.86146217564115,85
18,248.13959751359454,113.00118162087087,85
23,211.24472459236847,184.0810667939855,85
26,170.35568739868484,156.2307434169327,85
5,314.906841643251,245.99530737744962,85
15,174.1543980433788,77.17029970169037,85
29,154.65690754872858,166.4058530356094,85
8,94.93904691406368,138.0489454047459,85
16,229.78457378477523,17.244896627589323,85
