id,x,y,portee
9,218.61526138565364,211.86700901221045,85
14,264.2559934416296,194.47442210483788,85
10,330.0742042520889,179.06496304357555,85
18,252.83507857285758,114.88078899262705,85
13,206.31120517167477,74.92368081653022,85
