id,x,y,portee
0,430.07156917906076,143.18701063796152,85
1,351.07026886030366,137.9210350216958,85
5,389.1356920290562,148.21766833943855,85
8,435.39718495735553,105.01487838602507,85
9,280.38424986721856,164.1496951772578,85
11,365.2416507882634,76.85354930793703,85
16,348.29800917139636,118.16755502184594,85
7,451.21394472920923,54.89144280931124,85
2,199.46361945598377,161.1385222453231,85
4,185.40127618599266,117.29091965472554,85
13,187.6325180178901,145.74913679731944,85
