id,x,y,portee
1,183.40404538419608,295.58412365275717,85
6,204.21811729217936,377.8910537688841,85
9,211.26178944441006,457.2824019133456,85
