id,x,y,portee
0,329.6638294350713,115.34757767016302,85
5,262.63125982815535,82.59553069816961,85
14,335.4863177852623,197.84655814301055,85
3,182.08556471606641,74.64588691897583,85
19,300.8672494309925,258.9004692753604,85
20,415.87978728873776,214.36877968064104,85
1,120.32610994940568,76.47034436890759,85
10,462.62931811526636,160.42300361312002,85
11,443.2070138406924,253.26818904561117,85
7,63.64828096665099,58.21054742240972,85
15,92.68429619895741,8.437301336563618,85
18,441.43483074287815,304.02991003756955,85
6,49.32968789368114,130.9933638670096,85
