id,x,y,portee
0,231.9705700365952,339.6190751801262,85
1,209.45661807146803,358.1232756223868,85
4,303.8638290679102,377.11737320969144,85
5,309.06392834400435,362.2257466468161,85
8,260.6577742736615,411.0415417243083,85
7,322.409260476109,374.88360609010186,85
11,357.96874296613083,368.3743628628628,85
14,208.6769282391895,470.97427115856505,85
2,425.197705245458,417.6253827317269,85
