id,x,y,portee
11,452.7855808262677,215.55678716234667,85
20,451.10046508938194,205.1390595411102,85
22,431.09484033722754,272.0351790823446,85
24,430.93209656638686,268.64313129590994,85
30,394.53514971815935,237.30031760638366,85
12,492.56714429812325,136.3025692191564,85
26,456.33614776821605,126.0206741699318,85
18,369.10068719374425,327.27203151005784,85
