id,x,y,portee
2,227.3959694718733,241.4574110438412,85
6,237.4314413828375,270.2305447704986,85
11,183.89472653585088,313.07137123690467,85
15,192.8179068565854,311.61731121158874,85
3,168.5173948954214,318.1600288089276,85
