id,x,y,portee
0,239.98643845823997,249.59413303837187,85
1,293.0692287010703,259.58461494717324,85
5,190.01571018463687,247.37657978630605,85
26,272.01527785754155,173.78270662658107,85
28,219.7224614472137,261.43817417468426,85
31,294.3546270557276,252.89773402228056,85
39,219.2112601803925,247.61017691701366,85
44,267.96243787366404,265.7483736666382,85
46,234.50054340051113,167.2444616626398,85
7,307.4010325872558,338.79276717510487,85
21,358.24114164640315,242.1359696275706,85
22,327.67085479450037,335.920577362044,85
30,314.7099023735875,312.68639682887016,85
32,183.38626019930948,172.22281698237563,85
10,302.1072349489437,144.05296227644888,85
18,293.4468630321586,118.76955478966,85
41,286.1014770900544,155.3575028274341,85
6,387.1386450813892,234.60755270955974,85
42,405.2186238766949,327.85533483764897,85
2,133.24320896384629,139.62511597555056,85
19,407.69692651364556,163.39889759467096,85
48,448.7296896758121,178.07992945035394,85
3,97.228898532158,136.73316690552352,85
20,85.50228463228049,172.7062557036686,85
45,125.81564724282346,68.7107773367977,85
12,424.6747056542118,137.71545914516287,85
17,447.7458113624788,167.84320868729486,85
36,471.49421956903575,187.64414280134872,85
33,497.0991275537633,122.66254325869707,85
16,52.56764068659847,178.56376089489734,85
13,16.273220723700412,205.00706429820949,85
23,14.45853722422008,176.2224806642873,85
43,49.46914058910379,227.7422959331501,85
35,148.7647269374916,14.794983857152777,85
11,377.67676562174944,67.964870764464,85
25,423.73400274513347,65.93208733482913,85
34,67.09916656241577,272.7402534336169,85
8,349.538986335108,32.73308559085769,85
27,498.14648418317586,28.934713482313523,85
