id,x,y,portee
2,31.442964518766104,451.8893311183527,85
5,41.70238386584258,493.10510853064994,85
10,14.979793118337248,465.88684172288623,85
19,51.780584190586566,394.1016019801879,85
22,38.58251421607994,429.37022115153803,85
27,13.56531582156828,377.91682407729485,85
28,21.351382541908382,487.7963177881436,85
29,12.04349563076973,445.8328609353439,85
12,17.909199223400897,340.20586710588873,85
