id,x,y,portee
2,134.71853344706497,442.69519134295746,85
3,146.44218948169978,374.5009581101823,85
10,86.23680876368056,455.0883623816001,85
5,63.897990638704385,392.81246128622723,85
