id,x,y,portee
4,375.45346759208,17.502311657806136,85
8,364.85982735085116,82.9035046120023,85
14,426.19614885438176,48.997525336276105,85
12,495.52669770415156,46.19935538696396,85
15,469.24708053626193,60.275661077406504,85
