id,x,y,portee
0,351.44586714392676,159.6414622045556,85
6,364.57987600385775,236.14170849692735,85
3,371.58366270359215,312.52560374564484,85
12,337.9777653704489,267.8700469847799,85
5,351.2266960296303,361.0265335485902,85
20,314.54312557481484,325.201582522848,85
19,259.4810950901144,302.77668132493807,85
