id,x,y,portee
1,253.33478938468062,125.06906892370718,85
5,321.80883304915653,86.41256282090065,85
8,205.100255617095,71.83943120109154,85
2,338.6900626665998,57.84651205946623,85
3,340.2432596106171,15.270228696914579,85
11,260.9062400649589,36.79574611052983,85
