id,x,y,portee
0,69.67265787105109,248.86287678357218,85
6,57.56751888871187,275.4028675549385,85
9,71.02114071127558,194.7506154825051,85
13,52.94874930359389,195.4499848422323,85
17,82.78079527582099,241.14591594375634,85
35,151.0329339888022,194.56023469052798,85
45,6.333871611558573,172.90729307112485,85
2,174.5048657223111,115.00144802349332,85
22,174.8692974019983,124.87034166539141,85
47,165.08653468753732,126.29065615558189,85
11,203.29972936895064,51.22875402053806,85
42,241.51160963406227,101.65670556902096,85
36,249.6069916699008,161.02389970356097,85
7,232.80465197908086,31.714569029165528,85
48,166.65659084408148,2.511995455931504,85
51,249.36016120074828,58.04055369353278,85
44,331.11195030361586,182.65537107031133,85
28,319.9512776118282,37.53696871783912,85
52,320.4796487376735,61.074033384595936,85
1,326.9284475786348,234.55815472862685,85
23,377.066504561647,31.981217879388733,85
54,354.22270054780233,28.97177051726263,85
21,331.10324310893157,316.18502079421137,85
39,373.492961710191,303.069551830319,85
12,433.6235966619034,81.90803409973913,85
15,447.3549078586498,14.976743752915244,85
18,412.80365681286116,52.91208142177095,85
30,411.60089024102314,77.8386482373622,85
24,341.201241300374,341.9305720036131,85
27,388.48740585925225,366.76302146117746,85
40,376.0677378210146,374.442980862827,85
14,428.8835706809665,333.94605255882647,85
16,433.5796188209021,256.97631773255455,85
20,481.8416757039747,87.77469130919985,85
33,484.09264634697314,65.17196710055589,85
43,457.8849770091627,73.58338797976994,85
46,476.8635375737737,87.51979806026466,85
49,491.59861919372446,68.63337540488057,85
25,319.8045794545482,413.6940569242441,85
41,360.7956904424547,444.94681010407584,85
38,465.1060630555419,207.70767280108947,85
8,302.9294514388958,475.55966922916195,85
34,292.83891762175483,463.27082077832836,85
10,427.98402601259494,492.950239370807,85
19,493.1934650456655,175.693836660277,85
53,451.32595429773914,466.5203367504821,85
