id,x,y,portee
8,455.1956468820195,336.2197180871565,85
10,404.77574993141064,333.67947036826024,85
16,391.4997983176856,331.6581945454751,85
20,404.87133481042866,352.9733636936263,85
22,353.4886200913809,318.0804063999439,85
11,316.567766731161,379.1740250759253,85
17,343.4696203982471,419.8501300731595,85
