id,x,y,portee
4,412.0171640784876,150.35698167397115,85
9,336.32264704375154,153.83893533379234,85
17,457.8266531140009,205.80786904203973,85
7,479.5682830619164,261.00750319911833,85
16,413.32651486303666,274.8299905595383,85
