id,x,y,portee
1,200.02875701688632,169.07447381873126,85
7,140.7253873324867,177.30085278142772,85
11,232.10800830478934,135.09741027547378,85
12,186.25383666827554,249.9456599795517,85
19,183.7425502188348,160.0034492402746,85
20,62.676164392119645,193.39482993506263,85
10,47.68789261438072,144.9019255505347,85
