id,x,y,portee
0,71.51939283906833,380.1207951642797,85
4,116.5738157132094,386.5100614218999,85
12,13.502916495070238,385.4204275479109,85
16,138.58400090354982,385.8700045849225,85
17,140.49441460955575,342.2557451949084,85
22,182.66043883681243,387.3539581672239,85
26,248.8861263515667,338.6796704543867,85
9,235.11738852461855,291.35870272326866,85
18,260.49465385820713,280.63702453962486,85
25,284.2467303871739,374.810874982148,85
24,184.70147801713233,264.702944800397,85
