id,x,y,portee
0,65.4828449502548,377.28879240115333,85
1,113.01948791193311,315.9032193865723,85
6,0.6657489045398535,328.02915893746246,85
20,43.485695620048006,321.2698800029569,85
23,79.07662675317567,342.5069279197036,85
7,131.5522316835304,266.0199741708946,85
14,35.5367367229758,237.11509835850308,85
10,84.12635040361349,179.61798221945276,85
