id,x,y,portee
5,282.01093944602457,319.41803320575224,85
11,302.8267063478106,237.80112529594805,85
10,290.58504376410815,213.8098717378875,85
