id,x,y,portee
0,307.4764982562443,234.90115227899477,85
1,255.54120577806316,184.00509730783372,85
6,371.6240214173208,209.54305413400138,85
