id,x,y,portee
1,303.4695552520011,473.32384150166337,85
21,310.8965795039773,442.7377899264676,85
32,330.92178429562557,437.55978362782747,85
44,330.99471372827804,376.96659107981856,85
9,385.04626120236406,372.75046944273777,85
30,412.69510166755975,432.8380332641942,85
6,385.11768426135194,315.6454626666068,85
19,343.73368552511937,296.6415313358179,85
20,284.3618944331841,330.8721012634211,85
31,248.61012902345138,368.3692579449458,85
38,396.56504316987235,359.78911588570315,85
26,442.46611921450955,328.71919948368355,85
29,351.63086105257383,292.07473708282737,85
35,433.6023716662551,260.29220244706744,85
36,335.6941458803086,282.90015017200176,85
53,305.0743648961928,289.3607429639596,85
7,304.2378834019651,248.8313996446354,85
43,210.8498924182552,339.666068682731,85
51,239.69100192607496,360.09987923461574,85
12,479.28168267635647,355.8581211502544,85
37,454.39888036238966,236.36166012004983,85
46,454.24099791672353,199.89162345318755,85
11,269.59861054691885,226.496102206178,85
57,146.30185598156254,323.4616856810734,85
14,452.9484823211929,140.23641369165242,85
16,91.91819020977549,379.3588221653204,85
23,114.5261519079795,361.23130883933396,85
25,104.98364353894767,362.0298579122813,85
33,166.45619083251705,412.4317686121966,85
45,132.8624780270201,417.5554847989877,85
48,54.75400268144715,417.7561718892493,85
8,126.93327088250928,497.4741373292052,85
