id,x,y,portee
2,452.54899344639455,271.3995580161643,85
6,419.9561671091073,266.6255110192089,85
8,458.9064415619492,199.62818692882655,85
19,372.4206177005298,259.1799883059196,85
15,385.1144135795933,166.5162429506316,85
25,431.9115588847579,170.55544534255085,85
4,325.1261458540603,267.90658779519066,85
