id,x,y,portee
0,449.01290539426134,148.51937984130691,85
16,477.93147267888634,75.40942363985647,85
35,435.9908899047404,88.14814744966759,85
5,409.1992520707382,51.154999431035186,85
13,422.4488809390894,45.1862506395736,85
39,336.7188215362723,50.95530346372096,85
6,295.28604448703203,42.9851358781635,85
8,269.66836358148726,111.73737968940728,85
18,229.2209933036718,35.821671473347024,85
27,261.25813167959495,106.96058599935671,85
7,313.33296080087587,146.96779361272004,85
15,170.40035380972708,77.07378354298433,85
