id,x,y,portee
2,344.85453808768,138.49972312011687,85
4,277.0435668113172,154.12567402740495,85
12,259.91321171648264,116.68495881136032,85
