id,x,y,portee
3,39.52478663848746,403.981690615437,85
4,39.60085746801412,474.91938879574565,85
