id,x,y,portee
4,84.7418837515464,355.03021697293053,85
5,51.59184820276086,417.92498488203984,85
12,25.782522227295768,399.5352328837289,85
11,99.2974117035415,459.98752005918465,85
7,174.60452211868437,431.3458835831715,85
13,162.38998227604833,409.69224560867184,85
31,162.01504987978683,403.76736202431823,85
21,207.19508468378766,468.0712931771218,85
28,184.8954973160246,373.23306348623674,85
30,217.75512978929834,474.0747825761276,85
34,245.17382869789694,419.5551479657859,85
