id,x,y,portee
3,268.2832769049641,403.5096145461794,85
5,199.03959155932694,393.61085675865684,85
15,279.2027803705889,442.6651290515624,85
