id,x,y,portee
0,400.0486311226702,154.45940322648948,85
1,413.92246180328084,138.8487730188141,85
9,359.8948647398419,91.41749711130348,85
17,390.9466960888087,117.01156488914344,85
10,425.63987193761335,60.142079794608506,85
18,474.035856400019,108.94554024185682,85
4,471.90636298669295,44.620536854600104,85
