id,x,y,portee
4,380.5619383477355,205.82871081201432,85
5,378.0509249188494,207.35201342444898,85
11,397.5339421475487,236.09739976966392,85
