id,x,y,portee
1,333.9640058458081,50.7569677309303,85
2,395.78466096411483,78.43592718146297,85
5,398.1533189074341,67.25735869104466,85
