id,x,y,portee
0,286.419083844404,379.71471399454083,85
7,281.7754438924752,398.7758513606443,85
12,243.92706390200658,374.7257767556798,85
