id,x,y,portee
0,258.2917771478765,335.0497512132813,85
10,307.0135131066808,354.01540473907613,85
17,182.05285037500119,301.84823422970896,85
25,221.49840293774926,329.78337127476243,85
3,103.05631967034878,272.0204299250094,85
20,146.48794625358963,272.7072719457419,85
23,83.34052863560521,337.5376261154372,85
34,95.48638696214329,216.2074885953682,85
29,32.778839824157636,193.90971784354377,85
31,131.99948602974143,150.30441493311602,85
15,179.94145242306575,103.72108285058552,85
8,237.72841686892997,48.46073421852548,85
16,200.5145371989619,50.86329069857937,85
5,265.77533607678373,50.67285276002648,85
21,240.39624531037617,35.35681547767794,85
22,234.26560471843055,30.8262820501255,85
28,279.12625589474436,30.494087673752833,85
30,176.6022668474602,17.426241358715565,85
