id,x,y,portee
2,304.3573009165965,29.076451757943378,85
3,376.42703098737985,28.82562896114049,85
9,363.4161107386003,13.72018687956633,85
12,232.71514043730062,16.966327725993548,85
16,317.106980693698,43.86211418099006,85
19,313.7986494203891,100.98583034301217,85
27,221.20241121635488,45.005897704202106,85
28,306.7954337324432,35.289297357493034,85
32,366.3711190280476,46.15775738240868,85
37,354.2321538374827,28.718133656008227,85
4,442.9695257871485,12.519360215219933,85
39,350.0152986094024,103.9102880650054,85
10,215.25171138239745,73.69501620641306,85
5,302.7092111093769,178.49706458254667,85
20,308.6935923274813,160.63983313034242,85
6,220.3775324736636,110.69898987723259,85
11,165.7051588810986,69.93326946471751,85
35,496.0096880807061,65.37944899718961,85
33,192.8473919476199,131.36238971826387,85
15,312.7113680744745,262.81880577827974,85
18,382.3655341406224,190.62518113236544,85
23,328.62544518342014,187.956311874796,85
34,309.71242416041184,216.2992272665088,85
41,315.2493250294215,186.2944761690753,85
7,385.9490227354567,266.6387239462191,85
8,242.53344631154854,302.1218563285102,85
17,191.87068026777214,234.34262851687328,85
24,204.83264569861453,354.517768179959,85
