id,x,y,portee
0,371.7029210432284,264.4539249638192,85
12,337.42161391518823,207.52650694274422,85
13,341.8165347934397,191.1640392089952,85
5,316.416148422373,128.42948009042493,85
1,284.1572016261346,88.30343462249662,85
2,240.99388272657052,132.92782237538202,85
9,390.2959483703856,113.05756104256764,85
14,251.07112404780312,24.81476986173353,85
19,278.1625883999711,13.183993764234902,85
