id,x,y,portee
0,477.21991912580796,72.69033207801229,85
5,402.29407847736934,55.04630998979121,85
17,441.8629660321816,2.5567417256061598,85
19,429.2773297108831,120.87715557213735,85
31,454.1121950027009,22.11570433191684,85
36,476.8897124650455,96.07234550438149,85
24,348.86355122660314,74.75125417253786,85
8,433.67311339846344,150.1813646470605,85
10,485.26997533575536,166.48369369875314,85
18,447.27551946570594,220.2549478157384,85
21,399.781248423818,248.894121041312,85
33,381.2071158857981,321.1013536146953,85
40,317.40669570567627,322.2999222780393,85
2,273.842199083354,371.8692424694361,85
3,272.3582833815937,356.3067556151331,85
23,342.20231814372625,400.00236770677,85
22,205.28731043309256,404.8580814170707,85
34,323.7293237854738,431.0626385631549,85
37,414.9014122690199,410.06672561402496,85
39,420.22760129752425,425.3618934529891,85
27,287.9288789465824,497.77740673831795,85
6,478.73853650041866,427.36429835228535,85
30,483.1898333426758,405.4683618178724,85
41,490.00635424670344,379.7250931082976,85
28,472.2092907137933,498.11874152334997,85
