id,x,y,portee
0,481.27598741742656,326.3015385725754,85
1,442.5374150200683,370.81523340450303,85
4,464.9374765490386,406.4449966711034,85
14,433.90029376767876,363.8631445401708,85
3,394.2384614603334,414.427516695657,85
25,394.8036658501096,433.051251763242,85
13,455.6571988805803,490.71293958815374,85
