id,x,y,portee
0,245.48540837998456,462.6405075569717,85
16,169.51843864339548,430.5520360975669,85
22,327.35312421836267,447.2477913841941,85
23,326.7854396329895,464.2489270967959,85
36,232.6988383755708,475.2533501306894,85
37,259.82610155806765,411.36878791108063,85
38,252.79037294611018,458.03747399578054,85
43,302.21463553670674,430.9990949210011,85
44,308.43294097564296,499.99369488399145,85
2,139.32717882375528,433.4472726930685,85
4,146.8449993631462,483.93715216673723,85
15,142.90704639061119,471.9193527086285,85
17,160.29385854471445,346.23018597488334,85
14,343.27999281431767,392.996997950434,85
19,404.9649030505686,474.5402624574591,85
49,333.5242647444116,400.1540449260444,85
31,280.4046848397156,372.8179715404837,85
45,271.495041556806,347.9624967753052,85
20,90.0505367470883,299.74563647281025,85
46,335.2792224630222,318.3466651748831,85
7,58.52951977694465,326.5397854042332,85
18,44.92574412433037,263.949646533994,85
26,127.37359261169945,264.0891871186825,85
50,63.97429309186281,358.3963306127383,85
41,398.08169863521334,325.27347389044496,85
24,3.731729028825126,363.5631440295773,85
57,200.8779583934883,239.84790302757202,85
1,13.023157717251044,426.32461216558187,85
11,438.353515646217,318.94718809322694,85
42,472.44723020852285,305.4550116535492,85
51,474.3801729893909,312.978094922757,85
3,174.2822895976993,188.91285394427632,85
21,210.6469898687598,160.31244724093563,85
32,192.11307943197409,172.24814748052685,85
56,176.59794584462063,187.10836536418745,85
27,498.9444315153958,374.0557082405196,85
39,180.3142116418024,104.99699640462195,85
47,205.14754987016076,140.87853443913767,85
53,204.76076210102252,116.58029907751605,85
25,252.93607557067526,99.18009294467429,85
40,245.95551129461285,141.31868117640377,85
48,198.6332665021623,75.96776291157454,85
5,288.14503644286316,105.3305158159088,85
54,259.13381858032176,54.0267659525091,85
6,308.8415818651603,177.11577693412468,85
52,340.54842235286446,45.364157562645836,85
29,294.47737143055997,230.399470394414,85
33,408.2888716077499,16.028657087123754,85
