id,x,y,portee
1,24.810864010618328,194.73706632240916,85
3,49.77438858287392,127.96413469199052,85
25,3.942647746329464,204.23430282340638,85
27,92.79269798873435,206.14586625181818,85
42,88.02930690998717,238.65951874154763,85
43,61.50423479530714,190.52670082033342,85
46,9.488824432650034,193.70829736940988,85
30,36.82335130265207,62.75861028476637,85
4,142.2166338875182,267.9414415593156,85
10,149.8151328894712,183.2345497411671,85
11,110.12279770869043,272.66847303282196,85
17,82.18822899232741,22.305387934197896,85
19,156.34929004845227,347.5455176271603,85
16,189.6803306901565,170.26819590645698,85
23,218.52946595557597,148.9665785946383,85
40,147.7124216872202,54.16189364999302,85
5,206.56786449476317,112.19445308667913,85
20,256.4858549427396,137.5856151782694,85
29,260.69115190740314,174.7037838479678,85
41,253.90401531282114,135.4688041229154,85
13,182.34199384506644,6.5089392316312615,85
34,224.19178089163637,19.937977721246448,85
12,251.21904429431984,52.872616852885415,85
26,319.3128015634026,91.19032102204899,85
21,350.18457895245547,67.63138416693343,85
44,386.1480890804618,49.89289444109074,85
45,432.3294832112696,71.01566247302054,85
