id,x,y,portee
11,419.4078253358674,367.89605185201833,85
15,389.37065237111483,378.23686914380573,85
20,346.3905978461647,386.7708604660519,85
19,335.5480646937607,339.236245911718,85
23,323.53487915232313,451.8986441715125,85
