id,x,y,portee
1,229.24210537413748,202.2833453805904,85
4,188.57795447156795,173.95206714691125,85
7,280.7256330111056,212.29618060106725,85
11,174.76893723696062,190.69088964634784,85
12,228.08530777355935,164.53219655084345,85
2,276.97897589922474,274.52321651118876,85
6,281.694754748672,101.02591974239006,85
3,292.80384902109637,339.3499299253267,85
14,275.7154627826475,396.9952323087832,85
18,312.9138000340338,421.53504145289213,85
5,353.8261839246299,489.216352024373,85
