id,x,y,portee
0,220.13374400262236,152.49306364859498,85
4,204.18615805559438,118.81743248505849,85
11,157.29198724019628,172.12229321812904,85
23,276.3793917419708,193.2452565378696,85
26,278.40491214045693,133.5333854205585,85
13,182.52850886980832,63.96256266198147,85
20,271.2443871480382,275.3429466578103,85
30,323.50613309388774,259.1251963348333,85
25,341.71907049686905,89.21699706626191,85
34,350.58737480137097,120.92229918672487,85
22,256.8993295601819,36.07289909855621,85
18,265.8918041569026,347.99167272396716,85
37,298.12821551743536,296.0411080607573,85
32,363.203056829997,333.99204351632005,85
21,376.960744070164,59.9681916720215,85
29,364.9619206622478,159.5808591109746,85
36,359.52089997501116,36.00873632365831,85
16,415.19705113840445,168.4006956318349,85
27,264.1452613185808,1.7688244334816972,85
14,347.98371229652804,369.91387773435315,85
19,238.13272670461404,415.29710478577516,85
5,446.7238946942294,206.93983767992395,85
7,437.55464565443293,217.0038942718955,85
12,465.333465202201,113.49230062183624,85
31,457.0082702861434,206.39907269199188,85
2,170.52593411536893,415.05871523923577,85
17,161.01746962720898,389.9862385413984,85
9,458.97965645508253,246.68470999006087,85
15,493.9623060098574,101.4621229385389,85
6,125.2757052287205,353.9502867748699,85
8,95.56297448820861,375.5620678419174,85
33,179.82108038969207,305.0229084612743,85
