id,x,y,portee
0,105.05858619594089,303.29483226117827,85
13,125.03045896997078,319.95967385820484,85
2,133.35214588409517,404.3051517374347,85
12,183.7456704980861,263.5449331319714,85
15,214.02875010153087,420.9581344232085,85
18,182.38172310912665,429.67370196166996,85
5,236.25616584348325,271.2137740133823,85
11,223.48742097530706,189.7024319994618,85
10,218.330861299547,379.9121646866964,85
