id,x,y,portee
0,120.70251442683933,165.18369529056943,85
5,92.61260100477276,210.30818219287727,85
18,117.32360332263208,178.50218238136972,85
20,152.43035827256907,227.26323638381913,85
34,30.7818257632288,159.25785370091373,85
13,165.18169780315878,301.7200858029342,85
36,142.76856392750426,281.8385412571117,85
21,65.58769992099455,100.45818323400529,85
22,58.381907755053916,93.07564643632976,85
26,125.33776024577054,346.65651887278773,85
14,74.09868378569612,363.51989031003865,85
23,37.699232323988305,311.809523364501,85
