id,x,y,portee
0,386.8597298085492,218.96272242851788,85
2,362.1829731258375,270.01834293390317,85
21,340.4924638950802,270.5358621888707,85
25,380.975871201884,166.78345799824163,85
15,413.52999695288565,105.32860641135639,85
1,402.0480865166922,33.41000235420499,85
5,416.69429229192804,86.24763175879124,85
24,495.82971195307556,107.38124142823696,85
26,323.6980288904196,15.206205450707111,85
