id,x,y,portee
2,253.94796628029064,51.95849746765469,85
5,203.72864517551002,32.121701310650344,85
8,265.7276506751024,37.377994442468754,85
12,241.17472446707328,94.39142101429205,85
15,208.82569881317596,31.470447491163345,85
48,222.46804217416815,48.467490174035674,85
44,156.31871375750595,31.857239688196483,85
16,123.20234662923663,85.78757633581708,85
46,129.35473839802057,134.5864357562817,85
13,105.8559644756456,215.7281462498722,85
23,174.12243025320618,192.49324201104568,85
34,165.68025785650903,198.45507370000493,85
38,182.76524894021978,170.00201803852676,85
9,65.43043427663432,276.05699947595434,85
11,128.7613399843664,227.3871126501922,85
14,38.1553216493325,214.8236640059687,85
31,127.74895230368044,259.0041821375608,85
35,85.14860335240677,264.72982649035697,85
37,152.913118685728,228.2379911838907,85
42,139.30226222951515,230.991631374533,85
43,103.63635311817715,216.96560125726904,85
4,186.99551376025752,265.72989611568244,85
45,96.27373675459816,329.91214808005674,85
21,186.92734296719,347.58940901420704,85
20,136.73342590438946,385.2761613694321,85
40,123.30087558247449,399.42184709957746,85
18,188.99963818170667,369.32857418513237,85
27,139.22312057783336,409.86793335611065,85
39,168.75493627074323,382.8862582785615,85
3,162.51369323970516,454.15699007317716,85
47,87.72049462803156,440.09136119786854,85
6,100.9164716242325,494.63936019812377,85
