id,x,y,portee
2,241.54858323204158,469.91100475943233,85
6,220.11833655367275,422.0741033640628,85
8,319.0359085741238,448.170673486211,85
9,202.0083544406635,359.1131730860934,85
