id,x,y,portee
0,443.94853832980584,185.66046254434093,85
2,417.35245499201204,151.22580040200978,85
10,414.8308988560232,213.40615043423844,85
