id,x,y,portee
0,161.37823111079246,281.38763995827105,85
8,168.18532343554082,227.82035182259318,85
17,144.9883595777372,363.50032732526745,85
19,167.52551884609406,234.32293080374637,85
14,240.44150094144445,184.9082582819474,85
