id,x,y,portee
0,339.8610017198537,328.2581180786566,85
5,416.8489697938528,345.96241370779,85
10,335.5926005334939,267.31391241578893,85
12,411.8127568610803,297.4139190037943,85
25,366.0818969852093,391.3456947880888,85
44,330.7652868875983,349.22886759894146,85
46,331.1261529116385,385.45185550201484,85
7,457.2093486949309,380.7030588036705,85
39,456.37810351378323,417.17906096814625,85
48,498.6692637010358,354.78072403818044,85
14,292.47000830288925,231.05586877662154,85
36,259.08371862144025,234.96607705739592,85
18,418.6764325137871,452.36188611050505,85
22,393.85388195175085,464.9298569827228,85
33,281.7902986175614,448.6774777909433,85
13,213.18653272239075,234.07706374141767,85
2,229.47935547875792,156.1136755580535,85
45,364.9392730452586,497.5286405502543,85
19,237.16271920954762,421.0477882614926,85
20,224.73573786522755,494.94907804391676,85
31,206.11447603533895,458.47789151397006,85
6,221.2024856751244,312.0284421304249,85
35,245.6398218666005,118.05956685935898,85
30,174.15895363576055,406.7936889449868,85
15,145.34925815047316,312.26227379297734,85
47,96.9943627704657,430.39441198185995,85
8,74.12279831868295,479.9630212786944,85
34,30.58050714010463,416.6855966367263,85
42,27.12043926450891,467.1110190348819,85
9,16.237562310339904,383.71288767548856,85
21,14.63799396690546,380.87648147553267,85
38,52.93476539455128,351.7099767883478,85
4,59.88798618660829,336.0905866096993,85
11,25.85982733837899,311.54650026141707,85
37,72.36781128863889,255.2030005201012,85
16,25.634345334941855,237.77531227359233,85
23,29.248860607550554,174.18899444447695,85
