id,x,y,portee
1,383.02442759398735,264.66439583065346,85
7,452.49345338988456,263.5296710374466,85
12,433.4757055294465,245.59391360378834,85
14,359.39643788967254,320.95761034427625,85
24,333.04541900156244,309.78654552017457,85
5,485.2080934922656,281.85672663069397,85
18,331.9804999909459,398.8311295268525,85
23,274.4735846458242,312.9400613664853,85
8,272.39685303273404,390.92316562387026,85
22,206.83965283432298,267.62065034781915,85
27,207.0151236365282,222.84852658431225,85
29,261.3796737784478,183.49426653771417,85
