id,x,y,portee
0,207.41978800235722,284.80484750344397,85
11,243.39380173441367,248.39977111319416,85
20,233.00449346789316,358.18882098076074,85
38,282.24810926018523,262.2037441764507,85
16,271.83060282003504,181.84650041676258,85
13,298.8546956464958,315.3870391734835,85
24,288.99832658297873,341.92469686066664,85
37,274.5374256380211,378.2710250227025,85
17,352.0833604170692,281.3586942333607,85
33,330.684262071584,301.55583400421517,85
10,347.7644098787563,189.487137698579,85
22,354.39900337160543,177.11541389038365,85
23,278.3626654307012,126.91064395969892,85
28,402.06566904234126,207.8091195020228,85
29,413.4661907577719,199.6304991512406,85
36,359.72009164990703,113.72310454175799,85
12,277.3323984883311,75.74887352725345,85
7,219.9793371472323,46.04955657395077,85
