id,x,y,portee
4,300.31173324446644,26.061736336697507,85
6,311.17587035382275,23.877202830496046,85
7,284.8937291726658,107.28759682118594,85
10,221.03254717971933,34.52456769292473,85
13,275.09749586123775,130.1300000492161,85
11,160.45967508975446,3.598596396641396,85
14,165.86501271384878,11.099007978807474,85
