id,x,y,portee
0,38.73511609599167,326.69752508170006,85
3,41.217533069595746,275.5582474966975,85
8,26.379165848944673,397.0697954239546,85
4,45.99425083294295,218.48570441323056,85
11,83.54528746425538,451.521153923406,85
