id,x,y,portee
0,388.4687354925373,421.9780328276697,85
1,398.52758302630787,435.6494014830825,85
13,472.4040548850336,410.45612760743865,85
8,436.3317456817443,351.12008226077137,85
