id,x,y,portee
2,400.0871033703687,122.88505171810155,85
3,356.3622537386191,154.09220232583098,85
19,350.76658541033237,83.33539880607383,85
