id,x,y,portee
1,357.5684584460125,132.31617354885927,85
16,441.0982960579513,126.42302176483827,85
17,375.9996629784333,53.36504915188295,85
19,369.30295619841957,200.66846675929588,85
3,468.5551790974525,113.82565334579076,85
8,428.1868405406382,8.425235672239017,85
12,296.3409010455267,61.49481226393255,85
7,253.50198242404736,92.76499147469814,85
