id,x,y,portee
1,453.76114710778825,340.8767204683042,85
3,470.1102833255367,420.0095806333477,85
4,402.1984321761133,435.92320376514056,85
9,330.63343133304636,395.3316401297349,85
