id,x,y,portee
0,228.16946976233703,204.9877315249287,85
8,197.0753893787406,141.4537360781234,85
12,262.1775252372894,281.5047654176564,85
6,258.7643627939199,115.12578888435831,85
5,316.34290243240673,256.6666348679153,85
11,325.0163457623432,305.65771676079686,85
