id,x,y,portee
0,117.48147728101272,79.62298055888334,85
4,73.7604760199766,69.89780415626895,85
8,71.60218395748879,121.37255874447078,85
12,59.9217963406069,52.36029166010619,85
19,74.43215546384107,78.63270114348153,85
29,172.45882404242403,69.705349149219,85
31,74.68969879103227,99.32293412156307,85
37,111.58838982139069,95.22893810955685,85
47,147.22675942947322,95.69351430811446,85
26,10.28272020625759,145.9629537204476,85
9,216.9921742943352,0.2288154790006658,85
39,242.4587537977097,55.33761009417726,85
41,296.3076157079519,21.567742431938374,85
25,295.8360396306559,105.15184470466387,85
32,303.72390830830165,33.26993972207431,85
34,257.3872810600759,100.3036040590919,85
14,331.46155515004824,51.47766524078079,85
18,324.91274643844014,9.431251649067107,85
17,233.64139091888137,164.32375155416085,85
