id,x,y,portee
0,225.44512640726916,342.59375930471504,85
14,287.5523108734517,385.01200320615965,85
34,297.6425567209103,337.6807196963946,85
45,240.7605743079559,310.0800282632028,85
49,249.94788915049105,282.2705699491732,85
65,179.65322849601623,280.18177445293503,85
28,321.8412867250617,460.6957509693613,85
46,360.91132497922126,397.0262750985933,85
52,249.1744596602401,248.58406278628763,85
9,249.94208802209923,198.34992561625674,85
36,228.47566173636196,213.97322527352452,85
10,165.72140136471882,233.88958810243415,85
37,175.8702578345599,224.05127129913333,85
44,392.2802961719115,494.4952138490655,85
56,325.8944984980784,485.8976392299409,85
1,421.4598254321545,456.2592559145607,85
5,382.1810252471423,327.45731355121546,85
53,429.51847918754964,434.58999216260406,85
8,265.589181253228,193.8843959402321,85
11,301.3987211411382,202.464198624889,85
15,257.8595043768748,190.28513640563844,85
18,273.3187958825924,154.17208738018527,85
25,298.8476432921007,174.79761373424157,85
30,310.32856537553727,174.24501763862705,85
39,447.6030395242705,490.22848177457587,85
40,458.6937051919175,435.8695612758654,85
43,493.3171715449808,477.611000947163,85
16,412.5060619790584,294.45763914613343,85
23,452.89850331269236,287.62053784191164,85
57,432.99401230001814,295.7258385263657,85
42,345.22794242107926,113.91607382101465,85
59,258.90405985554304,85.01568502238393,85
35,367.1984767054331,132.0193010682813,85
29,475.39120351799323,239.4225408919235,85
58,470.2603298071411,315.72905712881686,85
63,418.4109020020507,249.48399294505163,85
17,475.98759981042775,228.39991942577132,85
24,399.3707072398911,54.34653318713961,85
32,345.9612067527549,71.16603694925399,85
21,239.89041266696492,46.297633768855206,85
48,193.97157782082576,71.83969497028048,85
55,403.95134553906604,193.8281665407774,85
64,453.09425933635896,58.59570239686279,85
12,319.81507064155386,2.29017636612755,85
60,162.1022625656053,13.662629585754482,85
66,172.3091632009215,11.734882933686407,85
7,125.30719904131921,107.95166642681731,85
26,149.44871489575456,6.30402964634219,85
27,162.87147037979994,101.69295275960593,85
33,151.86883518112887,111.2223225922448,85
47,165.4686379182479,131.2384456320983,85
50,138.49798724914837,127.33283926278943,85
6,479.65410096755795,15.80840504311859,85
2,119.08084132282137,150.9780962239726,85
