id,x,y,portee
0,140.17990601002018,333.5261842247819,85
2,182.91449584017371,379.0588979675067,85
24,172.68906141122258,314.9831752183823,85
31,188.1565740406163,267.9725048765319,85
33,124.21428981148253,286.0821980456152,85
47,113.21537044319851,350.3994427351249,85
28,171.8628231404697,246.23896078452356,85
7,182.4811091830242,184.53692825555518,85
21,137.52436138121877,221.27885666528957,85
27,195.02471309350784,196.103409879588,85
38,265.15172543843073,255.6201962406725,85
37,69.65685844226321,243.73982188367148,85
42,51.640385365891994,249.12925838145745,85
3,131.7725767037895,121.34798679159282,85
29,225.44249133682936,133.55662213698827,85
30,163.05310115311096,150.072056610053,85
48,205.13472711173375,159.44400335037517,85
51,306.74343853510806,283.8658133732327,85
52,292.47200742852124,258.77671225726726,85
22,16.91141219050468,177.852224879168,85
32,14.786963925043917,208.84687151515203,85
41,23.87586758233129,232.34065647758723,85
53,11.021086657579392,287.2203545478472,85
15,22.90197698716051,325.84115380293775,85
50,84.94491325864855,135.57564466251253,85
10,277.64190627326354,78.63005922788096,85
23,282.9062920842943,73.83761081120343,85
49,305.40615381766787,157.04543597111535,85
19,348.0953807572374,206.03863217941853,85
6,283.44595360128505,27.222056721346643,85
11,298.58456905661416,89.50733646328656,85
36,315.68672045154517,87.01707781687173,85
17,357.8350673543333,37.28484946542915,85
1,389.08764448996544,204.8742377159815,85
8,387.2890022719671,86.99806871859633,85
40,436.3224821216142,172.61137287462148,85
45,460.15679960550614,239.96434225825703,85
54,406.0264780219474,125.2262668216042,85
46,459.42129271978837,43.67956941722851,85
26,490.5076302926837,137.53761099480178,85
39,491.91610248095157,143.30109617790322,85
16,418.50246948749407,284.94792163261616,85
20,437.3105279020491,307.04471412149246,85
35,466.8693959161258,286.8935555457154,85
9,427.209524196103,343.8182026795685,85
25,488.6656095548886,370.7515425608515,85
4,498.2717624339673,376.25835254598474,85
