id,x,y,portee
5,489.68041216572425,211.7229138138426,85
9,465.9896972020207,251.55683896473076,85
11,491.3422658388998,287.56066975912114,85
7,423.2475121477158,299.186299523834,85
8,434.8756454787083,306.7835481708579,85
20,357.45291743934274,257.24624074134124,85
13,322.80851935498305,312.2209753999393,85
