id,x,y,portee
4,102.4551020650153,340.87046812465155,85
8,22.19176488556862,346.4412377499178,85
19,91.41382476156673,297.19398126268965,85
11,3.4196722147804004,404.1383914853804,85
14,55.523319929835615,436.7518793337826,85
13,127.17449858947438,439.69581542838466,85
22,112.96728408887508,489.77252347459495,85
15,171.35717189793382,396.3372404496527,85
20,203.8300165650116,405.77298081775695,85
