id,x,y,portee
0,182.37487369807897,385.40910449565735,85
1,146.78902872117084,382.10937896780183,85
6,260.9400795916012,355.3327430341838,85
15,128.65848699479992,340.3688156281957,85
22,253.35430314522785,418.67650164018426,85
13,291.2834952207182,394.6592385255024,85
19,297.27022644002477,421.7149200109154,85
3,356.9525433510578,422.0553402939551,85
8,382.8637156589374,350.63644726390004,85
23,413.89787852509846,447.2244768517113,85
14,440.5560437611283,458.33264141852305,85
