id,x,y,portee
1,207.56972822461572,22.2798072555524,85
6,234.03470571747926,94.80211507690429,85
5,287.6307575174621,144.50605963409302,85
14,250.20307217492382,182.98437421667197,85
