id,x,y,portee
0,452.8340654241377,283.75603696264426,85
1,441.2829105496887,326.3898486975699,85
6,479.16254686293985,373.6867719594141,85
