id,x,y,portee
2,455.15256627191513,149.32967358761877,85
3,475.59777860285425,125.4674498263072,85
27,487.513571617952,96.58396127737662,85
30,449.88468087636187,66.17083508784705,85
33,399.01268828765865,150.4310039476484,85
35,423.75777302588006,184.1259278194552,85
5,452.09020306563133,30.38544763603618,85
6,407.19927126952814,27.646817365725664,85
7,408.9010269816972,34.83112305824437,85
24,396.2247268104987,41.30207640576866,85
10,382.08093096510066,214.32788991775837,85
12,331.84680148017713,188.10658918445438,85
28,370.48957011385716,105.124512880018,85
17,481.04084422026415,243.69000579280055,85
11,317.61702622467686,228.28223683695674,85
23,313.0449316416196,237.608836998702,85
18,296.42059089999566,212.03411503947723,85
