id,x,y,portee
0,93.48149644181957,344.33431907425415,85
14,127.07834367904903,343.9983636747564,85
15,115.01011894085062,385.921425955439,85
19,160.82189283830124,343.46151379437555,85
25,128.04834471906102,332.5558296681324,85
30,32.662281091064614,368.83022839575284,85
8,194.86790451197078,384.51192650805314,85
35,205.14796607282693,335.96941127929784,85
6,227.34539089468174,387.2542033403593,85
24,243.80952733930616,371.6698289382451,85
29,268.1957089749303,383.28483610764494,85
17,218.11054576448424,275.2532103534584,85
7,315.99753455193786,389.07055464963463,85
28,305.5080241859827,309.92586415826923,85
18,239.67386750440744,234.4285432352013,85
33,210.32184639512607,237.6962490940142,85
27,333.2775257566766,230.96989206998447,85
34,322.55561212318224,291.2939736974992,85
3,186.1952860987241,196.2267129620474,85
9,303.26129009455906,206.61907228308036,85
12,210.57784163535004,148.8093725837398,85
32,118.7238569744078,179.4065243478432,85
4,194.00707157599905,67.83426055356689,85
36,49.27647907095722,210.01573391945126,85
11,151.65835604723986,22.20622836981162,85
20,101.44126000955478,63.917462139762236,85
13,36.042360100655316,33.84688694920251,85
22,27.546796241786353,21.15319927909354,85
