id,x,y,portee
3,382.6606015596218,321.96091731452066,85
10,328.3429148385942,327.95951953821196,85
14,441.11300337580013,278.083961227333,85
15,336.3516568763097,326.8478444934851,85
17,350.275682610858,342.07851563265285,85
6,246.69109903029374,310.78159616636395,85
7,389.0688401276284,410.7205152674259,85
4,255.88066524505788,234.25758118682526,85
5,296.83036760609514,235.5540729906786,85
