id,x,y,portee
0,342.9615778688788,242.5298615836004,85
19,391.97935922398017,234.6471026381698,85
29,329.8896711405118,165.97176509206417,85
30,296.4620663507213,288.76118454538545,85
6,427.22679896418197,299.77405337044206,85
20,368.84820929169194,153.17933466871568,85
12,270.1804783657595,190.00030128290868,85
16,325.2515515793625,113.06929779288727,85
21,283.58408346376973,122.12180109045678,85
3,237.24399833753907,249.3389478921104,85
2,485.6430941404031,339.5480448236512,85
7,391.3094748465723,343.7209096462514,85
23,388.46140461158853,352.73205902457704,85
28,497.211903911598,310.0702541732755,85
34,404.4223044569099,81.42142797367691,85
25,251.39063773033692,47.97243392442674,85
24,185.97548200718046,277.5859480925565,85
33,195.8127288595044,323.0161441329064,85
9,496.89027524619075,405.23382466427864,85
26,447.24577796409085,399.2068716840397,85
22,396.4224602239255,401.5040911251415,85
5,192.47339941751622,21.0812755068962,85
1,472.4783189456777,468.29902836314795,85
4,485.6456969954296,482.03740609067074,85
35,495.99190502125737,484.78590872334854,85
32,129.09133372323052,57.04255633087041,85
