id,x,y,portee
0,340.3599171294428,145.20137306581609,85
8,358.77136319859363,73.27260186940227,85
9,361.0660568501533,62.62439876539732,85
