id,x,y,portee
0,306.29967042855304,153.32241165766203,85
1,264.8459095895027,201.94629778412326,85
7,328.607028763981,211.58448716316536,85
9,243.42269102538665,110.30158963681258,85
17,229.99637932743116,105.09748332649049,85
