id,x,y,portee
1,339.1580354164568,190.5788409526293,85
5,382.81591664792035,257.63623664710593,85
13,400.70288176829445,312.11009168472697,85
14,366.84528017608915,283.2380384781057,85
17,429.73546347521795,200.65076844724962,85
18,289.2909892367014,280.90605034209887,85
12,463.14468858139657,159.1998394205612,85
19,471.069846510062,153.1755935144125,85
