id,x,y,portee
0,73.11530285611029,453.0479932762321,85
15,66.19202780716421,470.2338483361193,85
24,41.81701665149718,389.761832204129,85
26,127.9299370503324,455.2136598309215,85
28,11.118000154774045,444.20379805654414,85
53,149.06170481178827,463.4124175132664,85
61,66.92060641935737,415.6938066057112,85
66,55.52413424226144,412.20666039563093,85
67,112.0326876595903,436.69108596138796,85
33,115.20675519915113,375.6537648236198,85
64,17.507592194387357,364.06590429525835,85
45,149.60994479040673,392.0317608191604,85
49,160.06398986840804,424.42780428599605,85
11,218.54735200366238,389.1745478673689,85
63,258.56418455663317,460.33508010998486,85
22,330.81275226497877,435.5781682330895,85
29,235.11771354753375,498.55901324339345,85
31,288.8155387462835,448.98804798631977,85
16,370.9211794901302,370.50138638615107,85
17,363.7666698404709,472.0640040379732,85
59,386.12275063136263,435.8357788888579,85
8,443.4905400517684,410.51795611723713,85
54,411.49231106885793,302.1714728795772,85
5,428.37624376011064,492.05359009380663,85
50,453.6838798513557,475.84968891309745,85
6,490.701175410314,458.5895095575571,85
32,471.1353816229918,400.52665217339865,85
51,480.8941920131877,401.2406200737238,85
58,484.4582784216809,372.721470957089,85
21,416.17273031570227,273.08336379388066,85
34,448.5608384305909,197.49454902745782,85
46,447.442593991779,199.31962937142782,85
13,487.3488490079134,124.10177328480393,85
48,484.7602083041037,154.7926637515365,85
57,450.95983092785553,128.34642928774892,85
10,498.0727314215664,127.80576612103556,85
19,476.90561415393637,111.36164470067811,85
55,409.0628964701841,104.03278738779431,85
56,453.91114496604894,49.17714414314644,85
71,471.40732662353355,50.43929513549506,85
2,431.5254428684564,33.634329222967494,85
37,363.39451347347125,63.50931565593565,85
69,386.20742912100684,61.8453553601156,85
42,373.9735166739483,10.969417388047741,85
65,362.17285945236006,0.34378912225496716,85
60,328.2128971340429,22.69186422037228,85
