id,x,y,portee
2,2.232521625178563,16.292958144622006,85
9,62.68964546499212,0.7065844247327036,85
10,30.412829682887722,69.0759956615321,85
11,56.03928684444487,68.61249138172099,85
16,28.747151282481898,64.18242858368245,85
6,80.3291295002685,57.86061618367305,85
19,91.00783278004948,136.98879611670816,85
