id,x,y,portee
2,162.4584982976988,164.57007593642547,85
4,194.7500386681491,102.97941951998901,85
12,140.86899928828524,237.83892544406794,85
21,183.00640643191556,89.94724561444329,85
28,146.75742650138935,47.152625565486936,85
29,135.97937989801656,75.341243796113,85
30,151.15838157028733,37.393087486475906,85
31,229.56127241476997,25.130312990549186,85
20,66.40331111673065,80.51126290353689,85
23,276.758864086562,77.18892617810536,85
17,304.46633384323553,127.3561037825029,85
25,309.6316684439011,115.2351558553083,85
11,311.79183402566724,169.46158861218302,85
18,309.0227958351786,193.79281740833255,85
