id,x,y,portee
0,214.38544931307823,114.19075740001006,85
19,257.1066253389354,122.17320769488077,85
29,200.53774006557495,126.25469084922086,85
40,269.9580527423104,71.09849069065116,85
44,169.62903871455183,171.72677979085083,85
20,296.9300908352688,72.01673576841245,85
57,306.58319785892127,55.63483563231569,85
12,162.8085344410261,200.20971349351478,85
52,310.68176779842224,5.830992606026319,85
14,125.92756304290886,169.97549701044056,85
15,95.14350679645128,178.89900301090367,85
26,94.62026562041854,144.51907213316701,85
16,121.61390514842141,263.0471452247595,85
50,83.27853119852018,215.51850712281905,85
51,194.59419390715388,278.78910622377305,85
11,103.5902653085527,106.24181489033718,85
58,78.72364344557842,215.05390896797633,85
4,89.62416567574466,258.4278210995248,85
36,34.34383618374148,187.63742523112003,85
30,55.73852872934615,73.28079590022807,85
45,10.382347970811779,154.2344727708181,85
25,48.45915282666135,260.24063710316256,85
38,113.27560976070522,311.7969904945414,85
49,91.49182541800077,339.85716506282995,85
37,216.83190846493977,267.5743749569766,85
47,221.31788095012,274.595150268377,85
46,124.62803198235412,59.11481018412268,85
53,95.9371121358128,40.930074671630734,85
5,52.16912668564333,21.638398956274287,85
54,44.261001103573726,340.45110429975864,85
8,84.16936497520666,372.39093248388025,85
32,131.94166585435636,384.0067235612146,85
59,117.43062090210704,381.7640167540747,85
28,36.00159503567396,370.56460477355546,85
56,158.50994357181287,390.44506910969767,85
41,8.073299657679279,387.6669024511241,85
9,14.5063920676613,430.9007059046759,85
24,218.57648786501,427.9854152592287,85
55,30.591980241792495,483.83784654390905,85
3,204.58296855806353,483.9501771293338,85
10,289.5345636500327,465.35763359334106,85
18,273.3097669400076,377.9851560782087,85
27,183.07411861163698,488.1880735449777,85
35,165.4409912766875,487.3193892987554,85
42,268.12378019544474,460.75799589977765,85
22,356.7853944532103,380.59188732063825,85
