id,x,y,portee
4,78.6465884575408,272.0224912175111,85
6,126.28265667357691,235.61992550385324,85
12,121.4289312349081,322.76949943907357,85
8,186.88308137291753,231.0713387943656,85
9,173.62845470322196,176.1091347976801,85
22,144.98668958527855,187.74026617143906,85
14,144.7831501107718,403.293313318702,85
10,118.2144350015179,124.70265885542075,85
11,77.49622878844187,117.73700064939096,85
15,31.564567941848644,181.92580951707754,85
