id,x,y,portee
4,443.08353696924195,262.46107750066045,85
5,488.497579927963,316.5570788405951,85
6,498.8777489617506,358.48954582188065,85
