id,x,y,portee
8,174.95881844305922,433.35540696509685,85
13,147.3951570607287,488.1028855987578,85
15,144.3347726990671,396.0784606490463,85
14,87.53954635079985,442.0195873876723,85
