id,x,y,portee
0,31.60145952936999,202.21009900767694,85
1,86.23958923181767,227.8435824938892,85
10,134.47863755062488,175.20035196795664,85
11,173.91357579302192,183.27319446196012,85
