id,x,y,portee
2,381.2254770094311,455.50774256102756,85
3,388.01425399460004,413.9957809002398,85
9,446.6821627082465,378.8683851922182,85
24,435.13332601517425,351.2775429502124,85
21,494.30524050758873,303.86606691887704,85
20,438.76550169593236,261.6083540241907,85
16,394.0257873290979,268.02262991492967,85
