id,x,y,portee
2,228.4409533331533,31.365369397042763,85
12,228.00932691806707,81.90105976241813,85
9,236.50093341306726,157.69787367932346,85
5,274.8547442664219,192.95949622310548,85
8,310.06213756966946,132.01581587583854,85
14,257.2828653910902,187.0461193843629,85
17,314.00944809311085,52.04095586881263,85
