id,x,y,portee
1,363.4167582621011,181.92747596069398,85
2,399.4901472273071,179.9083055263333,85
15,392.47943524964467,135.37074714213355,85
4,456.09347554346994,191.06486431726938,85
