id,x,y,portee
0,200.72962513988173,247.13366955754546,85
3,258.01832595693924,247.2232393398377,85
6,267.97837063422577,250.76614796305756,85
11,157.92276671453865,303.8094988420059,85
1,99.90261463514972,310.9838998993455,85
5,86.08074481994437,321.0184036322555,85
10,84.67719099221644,294.5639948521399,85
23,91.85752171863004,289.6396568984921,85
8,45.11940509129747,242.76544003924755,85
13,19.618125723794677,172.72185962443032,85
