id,x,y,portee
1,114.8875411715018,402.476395332342,85
2,157.19272906687837,472.5243290422198,85
10,134.5761568764337,369.9387246239201,85
11,126.29217048375236,415.2338696459401,85
20,87.79709788839057,379.4192094882158,85
21,108.75184337231592,444.9138056930992,85
23,97.94961456223645,352.5403082612023,85
24,169.02785810000375,407.2138605844479,85
30,46.91618545177983,412.3548346350215,85
16,44.5434434738588,308.7069971164544,85
