id,x,y,portee
0,392.19347213746636,289.3642827855033,85
2,437.59248647219704,279.0137817466958,85
3,449.4858191593013,289.54170290096323,85
14,347.5353575583672,265.3023194513669,85
21,427.5690453603199,227.7501483441081,85
6,425.78221317809613,158.77559911711865,85
5,400.9964010653422,80.27979367370996,85
1,384.616880451583,48.06207623249764,85
11,306.3815649332557,50.59805175045157,85
