id,x,y,portee
2,144.8085474512025,273.2897374158979,85
9,202.9510836415393,280.1572834109794,85
6,206.70965343209775,358.55197539163083,85
