id,x,y,portee
0,313.58046677570803,460.7339150325735,85
8,298.318959708593,484.7394810410712,85
13,364.9280467599106,492.2268422571108,85
9,438.0928080864945,456.24390343201054,85
16,428.44023723324005,419.3068508071952,85
