id,x,y,portee
1,126.99151429095484,451.8455875711261,85
5,65.64678332607282,449.64372064717116,85
10,12.736436760517943,452.04965008586237,85
