id,x,y,portee
0,211.64065122086524,446.204385974199,85
3,201.79096907416115,362.34864107195983,85
