id,x,y,portee
4,325.00646293002507,380.53307733126866,85
7,268.22124399919164,350.0846714004484,85
13,269.6970330266868,427.14772704356557,85
17,258.13168599035305,365.8806077293155,85
21,290.24893714312134,438.01683700461086,85
6,189.91086768988836,325.71709054811646,85
