id,x,y,portee
0,145.56223232184223,199.46319379528083,85
2,148.17093682724513,216.3208913913157,85
28,98.71979273234216,250.93861201627087,85
35,138.94462617196908,199.09937601342926,85
8,59.958340879316786,189.1149826371688,85
27,96.98687767839081,296.28627178661395,85
11,22.244524054799875,207.14670127098768,85
20,18.571141143659766,219.97747605035028,85
34,35.14123547407144,174.3853720274744,85
37,73.57101996136267,125.82099000431168,85
5,111.11255886224508,363.6274336115893,85
12,80.56413772775927,343.72914396499516,85
39,151.30065005691324,349.77256218100325,85
15,108.26660157467543,439.56478555083766,85
24,93.21946772062556,407.5346468197799,85
38,75.29019377771068,419.504218372363,85
47,166.7782792847216,374.02861089947095,85
7,51.56222120032017,434.6868688611181,85
6,26.335331502455983,412.23742758280923,85
26,215.7574351701279,421.28877068831923,85
3,242.68563914173242,473.71213263234915,85
14,215.62591324232687,481.1289113491409,85
18,282.5508739555754,411.3168153987521,85
25,272.30300391894474,365.62770935003664,85
9,341.5791977167205,461.9174451855817,85
30,300.52025734805466,350.91437353480103,85
49,332.8469545298349,373.3883132792481,85
32,250.6820784489202,287.0661119653507,85
16,422.6812211857456,442.619936214317,85
22,355.43901136365525,469.80214170377485,85
29,398.0815666692136,386.70634435606746,85
43,249.50357491404657,282.2550433438073,85
44,439.1605685878035,382.8359756001717,85
48,468.7111434098374,465.1417982480802,85
21,464.6967573707758,344.7860871421966,85
46,424.75126245365567,344.3862159989497,85
40,491.3279389072917,367.21537683140565,85
