id,x,y,portee
0,84.44491291989186,305.27127367990977,85
2,139.2986108661742,351.09275511966644,85
5,35.15143253890629,365.12030876869386,85
7,131.67286604023886,331.68021222025305,85
12,138.64145806311217,292.05517245138924,85
13,32.163576448679066,329.0481933118089,85
14,45.47161256112542,314.90149380475685,85
37,69.76640941399387,308.9736328360406,85
39,119.12316179832504,245.20323220913914,85
51,78.61056298191826,351.9405759890053,85
6,174.76209220634547,404.8358245540505,85
23,213.24143588236282,362.82043231536505,85
28,191.02821351840166,382.317234508805,85
20,170.9852331344042,196.8113665551704,85
25,111.78089729015839,169.64327480235758,85
48,176.94054581237856,188.86180829853694,85
4,203.22867514472694,460.7435943273307,85
17,236.47806274017452,460.6000893952583,85
24,234.60342136104885,395.28893266850537,85
15,205.94048296841834,168.61260204821437,85
33,222.37595183347793,140.3924111342629,85
46,246.72986465198144,223.19615609206244,85
49,198.85564482119943,158.11071780529056,85
47,250.57016698147643,155.40824576093033,85
35,194.95651383090805,492.3173176611803,85
18,312.72479866038077,483.81804930955064,85
19,276.39322351818686,121.22299547784726,85
41,277.6792302093534,149.27598678245863,85
34,321.2280457582181,219.9987118250461,85
11,321.38400530502884,175.74484059937333,85
30,304.39063132811174,105.78776748387375,85
45,324.80212539773845,130.62874298178406,85
21,348.04608675169436,429.0133193043934,85
27,390.16951599831964,484.0269776943489,85
44,326.6172687203194,477.4102025522375,85
8,314.7453189035015,60.946314739203146,85
43,327.7972803903139,104.95775618615966,85
40,333.1085272369601,245.04480256975987,85
3,369.3779735288201,53.65902215725127,85
29,293.2279598824006,36.982688170417724,85
16,378.53964372510404,354.4791991966436,85
31,426.9639861825916,434.4589696396513,85
9,432.7604363862924,418.8929659272842,85
22,321.98842826200007,13.063707123312618,85
10,445.7310165919911,83.15896850340815,85
32,424.80397948213295,39.67883658958421,85
1,397.6057891817095,317.3134192675734,85
38,407.5739754006775,318.6695923973559,85
42,429.30146004657576,291.8726571219464,85
50,420.2546350289289,364.49802191994127,85
