id,x,y,portee
0,82.54102940079055,338.9599564359761,85
8,86.84297067075813,259.6387838924348,85
6,61.82255982000534,180.8342720489609,85
7,120.56280188002994,210.2610650234377,85
11,109.52514824438781,225.06959276595035,85
15,146.21315880688684,256.1451809154858,85
16,61.563136260266326,138.48333575245158,85
