id,x,y,portee
0,233.39406096998644,299.5891700600081,85
9,244.93231251559945,368.8813474868303,85
14,214.77596323893127,376.1614405302326,85
30,246.161445996272,252.4866099798425,85
5,253.9180148736181,422.8692787855679,85
13,317.75021814787533,387.3941486607563,85
18,282.4976958137206,386.2241123876232,85
52,189.06413237683313,406.07888842614904,85
56,293.2643020964876,378.7364352004617,85
4,292.02348919101746,231.98330994763094,85
1,196.12867401474722,483.79350106148615,85
24,292.40319975528854,497.57813738624844,85
7,386.8817737120999,395.7650743160115,85
12,365.57394526848685,410.54504935411825,85
23,356.8921906216798,335.73300703537444,85
32,347.7419974741577,353.4957213623758,85
46,353.04220892619446,334.6645991045026,85
20,159.47383437745177,453.9246876960855,85
51,342.6719411777069,223.30763696248712,85
10,355.84937231968723,157.5827021811943,85
17,400.8361372677516,260.07202828083354,85
48,337.121188107631,114.84484266093104,85
3,446.1722543687727,202.55951872116512,85
33,428.31392868941,226.45362434298266,85
40,453.68439594550733,195.95663722556063,85
50,442.40495660574067,300.8155948477326,85
31,276.9317164755111,63.144359420145236,85
35,291.5757108924028,47.43957253644759,85
58,335.6086444953904,64.47036359095537,85
37,444.2219566604428,186.56026577068712,85
28,492.11121667956843,281.8917447140023,85
38,306.9149750241805,26.12742739528323,85
42,211.33946675698684,86.3130723933746,85
19,368.08510831509466,34.86106641386916,85
2,382.3476803357796,20.172611087025615,85
21,203.00335989642116,110.01611951342949,85
27,192.68354923412627,49.1876665754557,85
47,134.37457728813996,120.78733334229025,85
26,157.10813585282284,167.69658836430617,85
59,123.10371224862749,96.29159293487521,85
11,113.89134908166282,20.939337311940143,85
15,105.2626473161996,56.958451082792685,85
29,55.585383509238476,125.04987237441628,85
34,62.76510509509015,125.00809380659217,85
36,74.80051820889555,152.66078377138038,85
44,115.9159874310936,167.78289708028103,85
55,55.37110203371487,92.23718635364587,85
45,100.00235275017799,208.82329626835215,85
54,74.30233653830365,37.437307313337165,85
25,123.04770430990541,247.80308049586597,85
41,13.78191676844498,16.354171846060193,85
49,148.43485648580835,279.7999059186773,85
