id,x,y,portee
1,92.25503446485945,203.1285326769336,85
23,70.06048718363988,258.52641160161375,85
26,58.21879208664499,274.92744066488746,85
3,42.210932736008125,287.43392562129685,85
27,110.92551773927217,294.850484091755,85
8,161.08298798850564,275.54134558291236,85
16,184.7588685439145,299.2501595738621,85
19,107.96834529375276,358.1264691050299,85
29,172.4966005886931,342.929813443039,85
20,234.54725759235245,330.1609389969269,85
21,65.1670907701965,373.12036043617843,85
5,201.92755947516977,401.2223751328484,85
12,270.5669814663502,324.2439189387858,85
13,280.7221852607755,390.1584989760111,85
30,8.162550766862342,371.2216529377145,85
31,300.617668765365,393.16138246908145,85
