id,x,y,portee
0,223.4598309088636,450.4157967291767,85
12,296.7309628616762,478.9967082139676,85
16,196.4664020301683,496.6351050044264,85
1,331.5227582220931,469.3073641570688,85
10,343.09939665419375,449.0810615390856,85
