id,x,y,portee
0,416.0770900013456,275.7907355432902,85
3,423.08095772654656,309.92095799758147,85
13,372.42358864150316,235.70429425810536,85
54,423.50130918181134,234.07948927812538,85
10,401.3189027106947,389.18352337901683,85
28,492.48539011055226,356.9940151123615,85
8,304.06920024340985,226.81008763302884,85
48,362.4846861535784,203.90599346786541,85
34,460.5844193904045,168.97839843075852,85
15,454.556813926051,401.0303761541764,85
33,338.74270537844154,332.83328715272563,85
41,359.4569874154273,413.47958915202014,85
52,446.43554508145684,427.8700112121884,85
5,265.8345032275943,246.0838469499488,85
14,244.02126164271465,223.95698736040083,85
19,324.2130525238127,154.35366715030236,85
22,267.57392119287005,189.52249766718003,85
42,253.31003268890052,272.5341914103711,85
51,229.7211649198786,221.53510338614558,85
38,484.3120494971188,154.345441297307,85
43,435.799374272763,147.16968587505187,85
46,492.0283935628444,97.55258316761545,85
40,260.96204233630795,308.4991187727725,85
21,378.8197949376082,489.0107121878505,85
18,489.295455266247,499.43617405757556,85
23,258.2043845846471,301.3449096497014,85
35,186.93595816496668,212.47856369681773,85
25,316.194887052673,124.3564521105599,85
26,388.46508970078304,110.29156943649804,85
11,414.66513486922065,73.70877902283574,85
53,207.8379951474747,374.28281771434285,85
17,362.9432833077462,74.56570836973997,85
20,333.54491188787733,61.349083155129655,85
44,350.9295211322616,64.98460261457411,85
47,247.05073994532134,96.38880686597534,85
27,372.7538377019946,18.71552862209874,85
50,363.04035429774,1.3551017271031252,85
7,244.7929229238769,71.8753973659676,85
24,218.1952287520032,74.51214632230723,85
31,232.13078629087758,12.346084891780851,85
36,187.57768180871847,12.30125251454961,85
