id,x,y,portee
0,412.1602702992853,292.4532331615088,85
1,444.5216303128239,295.322013892669,85
3,384.75023859817037,316.9228871133041,85
5,324.15856083741915,342.3478008342651,85
16,329.84203654039715,351.64435027715564,85
