id,x,y,portee
1,275.90873680724144,99.99603683877866,85
3,228.26191149413992,120.23687100167041,85
7,210.8026516118887,59.57470341714871,85
13,353.29164309484906,73.38610539313922,85
