id,x,y,portee
4,190.2344189438361,265.71798615618314,85
10,177.62063575041088,211.06090880973704,85
11,243.9847681596395,294.15031894466244,85
25,184.91170072890762,321.5844093097628,85
20,289.95758457279567,309.90550785581405,85
23,308.113665313926,369.7712112745472,85
17,346.11903955277324,439.19620054602115,85
