id,x,y,portee
0,217.41778924148946,191.73536770370404,85
12,164.53147312230098,204.82397901935795,85
16,242.11467829110705,194.64090956898588,85
21,205.61302229186808,153.00901215911745,85
28,155.2083079105992,229.52379908022337,85
30,260.6770599118179,231.48519352712893,85
38,297.9611382187505,174.87630787531904,85
19,99.76731124014803,227.87355886116083,85
41,132.60340943246922,180.4950974011335,85
29,294.4681610472593,152.9431957334077,85
55,311.9318919639541,220.22863273729197,85
13,188.06414622296325,306.4626966713112,85
10,250.4453978645269,304.47073294359404,85
14,324.63702493285746,219.99260796315357,85
18,321.9228516871194,234.6936301105436,85
22,353.34759622884496,181.0009368994504,85
34,349.9766657022579,192.9614013253656,85
45,301.77690856188934,107.89686177478097,85
48,359.07114251993954,126.88424567570777,85
53,372.2106342188827,162.10341732802814,85
44,57.564821660005535,210.53153284155218,85
54,81.52895074483769,306.1661477899879,85
20,113.87082337014398,127.35241445856788,85
35,367.1510249038555,226.0418735663239,85
24,132.07648521447658,339.0618392952499,85
32,228.9828197993516,317.2300901042095,85
58,242.82868456157047,343.27999761177654,85
27,268.53893871785743,379.57576314502353,85
56,277.4079454463702,33.347955930349116,85
15,440.81237504470033,156.45656622712056,85
59,4.906007792074063,247.84963152271305,85
6,67.09056703443322,120.30204395290417,85
46,120.78167933132772,73.73886126163364,85
49,111.29456908994901,69.86559814150606,85
3,409.09407666364586,264.6182435307734,85
25,451.023615348806,237.65715449697484,85
26,408.9298361563642,295.0245208198372,85
4,108.08483178325889,409.6651354209055,85
17,343.51326475309804,30.08078864407937,85
50,325.24109922907166,4.961088442730022,85
7,55.402512410061334,54.16425489640542,85
47,3.528189249678071,109.55489666740331,85
1,146.34321159368568,42.13182873214855,85
23,141.50685330434342,25.186810964380303,85
42,430.744331852004,306.5406337219867,85
9,32.111346851435016,406.4055694249496,85
36,133.92846361371946,457.86540126270074,85
39,46.542292085672344,425.4008720019105,85
51,104.19714277448323,478.4020386898409,85
57,125.78052131699668,491.4490821169184,85
60,73.59384349053461,413.8449608882701,85
43,48.16684000531779,2.5834586328317144,85
11,59.32930081544868,484.07024880594,85
