id,x,y,portee
0,162.34239928097827,202.0482628900025,85
13,87.39800269219938,233.58901855232244,85
14,198.96350178163635,183.044580378182,85
20,216.14389552183005,180.08081213024707,85
24,141.46058188551103,266.8893030692093,85
18,68.13336291479072,251.97991084910265,85
