id,x,y,portee
0,438.5246036953335,126.87863947008738,85
22,478.5432465421739,122.43757439378317,85
23,468.50111645203145,64.68697163054526,85
28,361.188578494322,112.5449335339389,85
16,412.31307470902317,36.45913224307778,85
4,351.66719392839815,74.93425856168307,85
2,332.93526642845586,26.50415337739098,85
17,350.32380237492106,28.060093552113862,85
14,330.4467961317523,11.96738742743031,85
