id,x,y,portee
1,275.86190815240633,199.3362459665337,85
7,263.11290627968776,118.08514303930662,85
15,339.1567249756126,255.07553400107275,85
25,318.1666956560677,145.64767668494554,85
31,305.3018743652269,251.63302531532034,85
9,316.41532793246483,81.1559569138734,85
5,394.28465688061783,314.07416856077083,85
36,381.393786449745,297.3803176818329,85
42,394.4121194400481,234.61972075750322,85
44,407.0515479820784,249.6653086237357,85
3,392.6444552268083,112.14481837298756,85
41,375.35202198845616,134.15140088539468,85
46,375.48887220542275,172.21023888160065,85
2,301.7113558206659,1.1944024592898117,85
14,321.9052034431933,48.560545353707404,85
13,392.9261379570268,342.67287237463194,85
38,442.51247897378323,223.25289618718008,85
35,255.02673459290233,20.932860536998277,85
47,256.8417038631611,2.6876269416504783,85
23,320.2121424969668,372.35229600551844,85
6,464.86422908406763,185.22641497680686,85
37,199.28531187704118,21.24193792844231,85
12,134.18848872718092,35.741823094484594,85
27,131.41286234795024,23.718111864583612,85
30,126.35560367174298,41.92183482872175,85
40,117.17544148219599,26.58332250757345,85
21,94.52224065649733,62.607591584475266,85
