id,x,y,portee
0,227.65064187381796,74.17647530967619,85
2,226.29371681431704,140.97589329585836,85
16,193.43765069320662,25.29703560743357,85
26,179.88255054838547,124.84059651069084,85
29,210.19110102634536,112.0894297899827,85
25,235.46607953667254,168.85585753750354,85
10,120.58807736900806,54.5633426437046,85
6,140.91846855387874,122.12232989350075,85
9,101.57344902973902,166.8991940828868,85
23,81.93433284927559,166.28909921573265,85
32,70.13292017424172,232.3929425850022,85
13,123.7555995830058,273.7514186146914,85
4,166.51987723646667,304.12261296767423,85
