id,x,y,portee
2,199.47554227589043,172.65983106008238,85
6,191.7297359666571,117.77587146749529,85
27,186.36806699378272,180.44423673671395,85
20,123.17449317004304,210.2599739899854,85
9,121.89040380537125,255.8187105229065,85
19,166.90339641911507,288.35997279542437,85
4,188.60993245842732,359.8090532642541,85
23,219.58560932044108,398.2319551831893,85
26,241.4350966278479,409.2880542922239,85
5,313.9296756193391,436.32469284687113,85
