id,x,y,portee
1,428.96559529000655,9.84565612705779,85
7,349.58695449296187,12.012136294696884,85
8,451.7171194342342,65.51885454668727,85
11,417.92037377607585,79.58166226478208,85
14,377.97365795080395,67.7946331998523,85
10,494.4822584759159,78.30118907900857,85
