id,x,y,portee
4,158.6351090442526,285.3350168880828,85
7,155.85224849184553,266.97118207250077,85
8,116.94670324628493,325.4030502807573,85
9,197.705354531759,291.6712540540035,85
