id,x,y,portee
3,253.44980951357937,82.2562538732129,85
9,262.2836959216009,99.65558918573481,85
10,246.03723213052768,78.6316479149946,85
12,278.8649635759315,81.13789874329969,85
13,258.0852421379219,45.02460835607563,85
23,208.74048990167387,143.4997937439113,85
28,285.4086770710233,39.90160492991457,85
50,282.95455283315846,173.29401158217382,85
52,349.0385070037149,82.33388118270824,85
26,161.42086881717537,180.51709291424856,85
20,351.0238437253506,34.06782950605197,85
21,358.72488884472045,174.63124360532433,85
35,367.903886208709,170.58835723851374,85
19,367.97924143376974,71.99371687474365,85
40,127.03895692362576,103.19330573272161,85
42,123.38987696040415,144.72456686846553,85
16,428.2822162235593,152.60173842273068,85
49,432.4208908486877,180.60330948199044,85
31,69.13563269340051,65.43480069210106,85
33,66.79423487928455,122.35272565164557,85
44,117.31428781989483,62.05120053006746,85
14,492.68723746508806,147.03218803718548,85
43,463.50176109341,229.47317410001884,85
51,470.63921996371516,123.22736780278166,85
17,31.409606362982455,90.11177762752587,85
18,5.76797884728758,108.8724728147072,85
36,45.940227756302136,62.803149254224536,85
46,12.643119385917778,66.07154215136075,85
39,41.75702130392045,179.08401934332997,85
27,443.2464684078307,304.8055879837187,85
15,442.89153721744464,371.7892017768619,85
