id,x,y,portee
0,427.8911170936918,226.7666028782944,85
30,438.4730055087814,148.5041505425351,85
41,388.76134816271747,159.65131154809742,85
24,381.28117321794656,133.07533556670427,85
38,425.392597057157,130.98365074479733,85
4,373.2253980634611,82.08673575950421,85
33,371.98189304683945,76.72038120883829,85
45,356.4081074957912,103.97654058961442,85
12,434.81926219160584,25.123772039613357,85
26,297.59545766674114,151.30443307094293,85
34,265.0005742048122,127.85700415718443,85
3,234.87874890911027,81.16174690644984,85
5,180.9889023834867,133.8156751979333,85
11,168.63457692174023,34.07942689427229,85
35,154.69961391638805,76.64591107644536,85
16,163.34517556448802,213.39766462731646,85
19,115.20290034512226,43.703549250898476,85
20,79.0140518055858,53.756195841536126,85
7,211.85956089442266,266.8133704022878,85
13,159.43685218569047,275.46870345478493,85
17,126.05087747682659,213.76058355713147,85
43,114.86319832902319,253.49279707726984,85
23,8.132611677801439,45.576101997921,85
44,145.89654910437162,302.06491660179717,85
6,84.57613051237017,255.0433392602482,85
22,91.57546210114498,141.60128806505,85
42,89.55005083698498,335.05744830869276,85
29,139.86411615407718,398.35752773329165,85
37,85.73275145303394,415.795503056626,85
39,42.48290694933421,354.22071915412334,85
18,81.03593002614006,445.1588944148454,85
25,111.78281152841258,457.3175824144559,85
27,184.87852782851587,402.23809822635934,85
40,196.12181363117253,458.0315948612475,85
8,8.536166849083926,449.1817577106108,85
36,78.73381025779341,488.6559225238326,85
9,249.94495582389487,394.72212678420044,85
31,229.03890541628436,357.4231506818725,85
