id,x,y,portee
2,482.3547912131189,304.8866096861428,85
7,408.8463851586055,274.8089488728495,85
13,471.2917916529022,355.48351230709716,85
19,414.4886180678443,346.9050019073297,85
20,411.5421490323891,279.73776500183857,85
8,397.18471521228474,257.1283612061458,85
11,499.7917253796363,401.72951289765723,85
14,407.7230738185792,415.667341433901,85
17,341.7632148144083,419.37766512147573,85
