id,x,y,portee
1,429.09272623742294,482.0488999309698,85
11,474.0004678505345,411.1138266738237,85
