id,x,y,portee
1,152.00802471008797,320.250636342708,85
3,152.96818771198394,286.0185234844189,85
5,185.4362792543522,223.93526249935124,85
9,195.29019649852282,165.9002170492258,85
15,164.88978885577183,180.4118424928341,85
12,108.39011596501608,175.3610636817667,85
