id,x,y,portee
1,126.60219419258945,333.2731377604521,85
3,92.12054388590812,302.2060406895339,85
9,200.12546089591126,340.70073360590027,85
10,137.1792562236046,399.21125012742567,85
12,132.05163520870673,386.26644180247416,85
13,49.85544570333511,281.1206849226133,85
17,116.13733660620306,240.81059128630838,85
16,41.90503746407137,219.48100771000418,85
8,47.63930556652346,166.39796062659457,85
