id,x,y,portee
0,100.51563757926945,418.69262954361454,85
2,182.034412563713,431.0066953731763,85
8,67.2271220843364,479.79402648208776,85
11,104.25924471921738,357.81245169730164,85
6,226.95638969792248,433.2217547243885,85
4,261.0032304417773,497.034937964551,85
