id,x,y,portee
0,364.8376824384088,39.94603246504208,85
3,292.0137731860491,60.32363123681833,85
6,354.3876516295416,90.02076555004929,85
11,388.79991069882146,11.815038260365174,85
14,440.1364148528032,71.34570363342901,85
18,442.4188020872539,43.24503504066391,85
27,353.00519827925893,25.36828918938666,85
34,337.684455861344,82.10595829385764,85
57,302.1504747083331,53.86368630344263,85
50,276.0660490353313,54.76100686215474,85
28,489.8177251734917,133.58169580525686,85
44,498.8572722535936,130.12826893421808,85
7,294.6906080157661,151.59191480957597,85
38,479.4845383618303,161.22122197090644,85
29,215.77959755843085,125.61327151448076,85
48,241.32401064057174,211.17421138155134,85
52,230.68005802345104,196.1573072178139,85
31,426.6764765382474,209.7566451257133,85
35,158.2548124693892,155.6725615220647,85
40,211.94393117679178,180.9343770415897,85
42,190.13366720969316,198.90322725887816,85
59,179.23612826521605,129.20437280599052,85
43,241.72382575285977,261.5622772172284,85
33,362.67582750994296,202.70558040771698,85
37,144.5302874127188,248.05948771557485,85
41,153.47905388371885,249.13382075981693,85
49,143.54114315840926,69.11065949686707,85
55,146.2717162107513,54.475063814777236,85
46,258.9324032572877,336.51490403269895,85
53,282.24532917151373,333.7007567593927,85
12,372.4485808996455,281.55101808459017,85
45,338.7617474707239,243.3482482068318,85
1,86.96385784459409,214.97183428309657,85
4,86.97767506423627,222.00773703731457,85
5,95.04815664099281,248.7795802172713,85
22,115.67774118855806,304.08024123904505,85
17,69.57802174385175,56.99613052790603,85
13,333.51389202998087,304.4064618749222,85
47,311.49895645519695,399.96600635015045,85
51,329.18927224805964,334.19964063549935,85
2,331.5582587950452,382.0141170013034,85
8,357.39901362312816,318.638527422708,85
26,353.35226211330775,311.5283120263693,85
30,392.4138625376297,293.9972568200561,85
39,366.26177259624825,313.20099357348306,85
56,388.28029954899074,335.7570849494507,85
15,81.78810685989745,323.5325220452859,85
23,96.60604914446708,385.89789446144727,85
16,38.106212026436936,19.207232273464435,85
54,9.59634821551203,295.03734205431874,85
9,161.32801910656946,395.89943249951796,85
