id,x,y,portee
1,325.38038440153485,476.7046941286052,85
3,355.8091423789356,410.0076724185719,85
4,382.7691139367214,451.64940871355026,85
9,308.23857757387754,463.0547826746966,85
8,462.09966027970034,481.66082362015226,85
