id,x,y,portee
1,442.18607508717673,327.9297672906468,85
6,401.6901980983435,265.7743075945546,85
10,469.64898455661944,297.05462946319454,85
9,478.55208501520013,232.8388081711279,85
