id,x,y,portee
0,422.10410200957153,487.94091771849014,85
8,368.953593596073,481.8050740677018,85
17,379.66187724195305,460.4381770300094,85
22,353.75415403795483,399.24516335694256,85
