id,x,y,portee
2,489.43709641673723,212.61968251905915,85
14,438.6217986524556,222.49129808354166,85
21,461.88333447943944,168.7859003746181,85
25,480.44031351731576,248.98023494777848,85
7,377.98473544891016,215.93659028495188,85
17,344.57950349531194,207.73681075933703,85
20,355.3170281686761,269.37023223475364,85
12,365.04883597404296,338.0435383857778,85
26,344.18855213614455,341.81978134459996,85
8,430.0220824123227,325.9310156337608,85
