id,x,y,portee
0,183.10368180181075,318.03872532182925,85
28,198.80702959823898,338.31459827173154,85
33,208.69498982153578,277.6565256987433,85
34,195.6882998691325,239.317327084637,85
23,228.23337407491223,399.13873979736843,85
31,176.87267925028132,418.62207773020265,85
22,164.60176246878532,178.24697033149278,85
9,251.12651679062114,452.28787608430486,85
5,106.82376543407356,189.98694888290646,85
1,44.33509154136933,140.75608145143286,85
