id,x,y,portee
0,289.3597053982332,373.85774369255347,85
6,326.6977094362971,417.0904140769702,85
7,351.4078440431111,393.9073939311469,85
20,400.93967702191674,444.2673712643811,85
10,417.1704082520819,467.9412309931352,85
11,386.6425151272819,485.9587025503502,85
