id,x,y,portee
0,371.42210610223526,97.88934061494975,85
2,391.3771622854239,55.25145755268734,85
9,303.3543645731965,122.22938759336382,85
19,364.8884731563602,17.6722550982768,85
23,293.56697661904536,71.69007986655474,85
16,466.13411262158326,72.72929018594543,85
15,464.4121074652413,10.163776792859291,85
