id,x,y,portee
0,247.88269689752696,268.60428980798093,85
27,247.90150156893515,209.29567588058484,85
32,195.0631099865825,295.2650100057419,85
43,290.9276068134221,259.5094719697626,85
46,265.9358346298299,243.80807808449134,85
47,183.61183843888028,264.47523048920016,85
48,188.7443551918126,307.9271762553325,85
50,285.8523593711134,252.88675779153525,85
59,185.0023731758731,294.04025970014135,85
2,274.6409775973576,131.41137622384724,85
8,328.85858580505055,210.31705540550328,85
17,202.6962574869607,373.931793031425,85
28,209.34179464090562,362.1033572302453,85
57,207.29120055972018,343.3441622637899,85
60,203.04218750076868,363.1081045952669,85
16,154.1176014178195,376.6921438746181,85
6,248.11962859031516,83.55797528196501,85
14,373.2323897725544,179.49981855718318,85
1,183.5745086329711,400.79684191739,85
51,140.98416987020036,436.70704761707316,85
23,204.76500468443476,73.1140914764296,85
39,279.1968088760278,37.1460674953753,85
54,192.70786753491126,58.522877861505066,85
58,207.67262490699866,16.44636417278639,85
9,447.06656385057397,168.5786956478769,85
36,396.0826809380098,149.61798662296667,85
40,437.29704299471217,161.03842649119105,85
49,434.1014244109069,145.58957662443507,85
55,362.6573245490961,127.57602400457213,85
35,221.98204600889903,462.86586312242,85
21,203.0834511644644,491.16151871455975,85
34,57.038035737171924,431.5543227830406,85
13,157.15055641185216,62.67863285459024,85
25,172.7968887974405,42.48873675463849,85
38,162.00312419210155,144.81245718209118,85
31,469.5407758376104,68.53326784667185,85
10,202.75196950845748,495.6371456145909,85
20,290.70787723109504,478.7249083913362,85
24,258.31940437247556,450.56157615565826,85
30,72.7147674714973,55.32538819103111,85
37,133.51935674257138,132.17667704661417,85
53,90.70017057036395,108.37059645173403,85
11,96.74988513980426,170.448386827814,85
18,157.86856963627943,155.61051031436068,85
22,114.69774107086289,207.75876176176428,85
5,455.7222676011859,37.23313535632572,85
12,308.28710952972403,431.68257831461653,85
3,58.98256957980658,63.417335561586796,85
19,33.105574792034076,72.17779976754696,85
26,71.82635117825647,100.47293806305157,85
4,33.468468324260314,158.17533565403585,85
7,27.654817215353567,157.03343154183182,85
15,31.907557894334857,144.67108906135368,85
