id,x,y,portee
7,404.6558297483467,47.92966803107185,85
16,425.83775945757867,125.87748344694883,85
17,462.60801600207094,31.620641957265995,85
26,349.00351666212845,41.72401913225432,85
20,497.6154357167588,147.11041569847322,85
28,415.0133427649106,140.800159859231,85
