id,x,y,portee
0,344.473746464085,452.70100730760737,85
1,312.48094605177357,468.91864112856973,85
9,402.73549673279877,459.1177435099013,85
10,293.2076960426464,390.0246455662317,85
7,408.9852107616558,377.9176021881857,85
6,281.4952150973515,307.79654395111214,85
2,247.77934382723316,304.5581813752629,85
