id,x,y,portee
3,343.7230457771989,303.3316039598554,85
8,361.9045010255088,247.33841715544753,85
9,366.7938021296422,318.6409733371087,85
10,364.5412152788811,194.67224480347113,85
