id,x,y,portee
1,73.38254580643017,283.8999205595199,85
2,106.78211495417573,222.8201749946322,85
9,147.51780386704883,323.86841153368016,85
14,56.25605898823377,286.2864467082657,85
13,37.16366950972683,181.42224500942694,85
