id,x,y,portee
1,483.3873990155843,268.38894429797966,85
5,485.37538797958524,260.73829517356637,85
18,489.25533132956593,289.76498411933454,85
19,497.2748707086582,345.0256535717162,85
25,428.5016285070463,275.31138847335365,85
35,408.4872967117844,198.97771558180065,85
3,423.8138182101231,152.5070229487405,85
13,405.34505190046747,175.50641293027707,85
17,339.8723651650479,142.7251659793593,85
8,357.2955681211398,73.5613815996512,85
9,304.813753975287,168.14163323879473,85
21,308.7620517225722,85.67056503930864,85
29,315.2402091698471,172.0282546147436,85
7,317.7097727746002,14.083293191930412,85
2,277.20643021800197,204.84438088856572,85
24,240.8667116019226,220.84933157958864,85
15,236.45405278035182,236.52034892405644,85
26,231.413154097803,298.20895460237847,85
36,177.37227661714428,191.07372127317308,85
34,216.41108095303784,312.6386981561199,85
41,251.03165983304083,339.1659551555547,85
43,157.40819424487134,155.41523311691302,85
31,236.01274548329872,387.7361092820443,85
20,314.42028383603736,354.11806455339564,85
6,299.45588937702,414.89882935655726,85
22,200.50154889681798,444.30594050105793,85
42,275.8743986958128,432.66926210099194,85
11,362.47157983184434,395.8559962789545,85
10,314.9950168731758,459.81093342396053,85
14,355.2214286721271,475.13003802071216,85
30,418.6297766891311,496.40700798133264,85
32,431.0494774246828,471.19531131765893,85
12,459.93777395615405,452.1105578187709,85
