id,x,y,portee
8,393.9120545131726,94.61278395579376,85
11,419.79857086889336,60.14993944577335,85
16,416.7017577879652,16.914963362221812,85
22,361.93617531344876,61.63991631842081,85
10,331.14991078156453,21.091291726137552,85
27,267.93385493224446,56.56151203776272,85
