id,x,y,portee
0,439.9039144752525,306.8981437817899,85
7,376.2583692513618,252.58648602867783,85
24,415.50598879106,316.78637345579494,85
12,379.268572690217,179.3647998853829,85
21,374.34739686320944,221.4838055835119,85
23,312.9702708551731,207.62241515038193,85
9,308.0975233897843,196.73887925322418,85
15,281.9154296307888,166.46509771098633,85
8,208.8291726895824,194.25042198824437,85
25,216.26385628018042,141.29172402555224,85
13,220.73686642316503,68.01211775397825,85
17,263.90491321323236,73.12031186620405,85
