id,x,y,portee
0,35.45179890858252,441.9021125068448,85
9,64.0204616106323,431.29458031704456,85
15,65.2198343175987,471.0347003476226,85
22,2.4049147542087312,477.5373601685856,85
16,51.412867691401964,349.27626575876604,85
17,107.66737365535178,387.2071690105087,85
13,129.07230069832548,494.9563956905905,85
5,48.94458294797555,283.0356742032673,85
21,32.2466583216342,246.39815269218406,85
