id,x,y,portee
2,247.03113517750552,235.76717005465585,85
15,289.9701882361415,244.11228488562713,85
21,208.04143385637443,167.86342152548488,85
26,297.1669951847046,274.29292108410095,85
27,179.11901977062382,282.16774702503136,85
13,365.512864782543,273.37580204278623,85
10,184.73488535119213,118.89472958864283,85
