id,x,y,portee
0,205.8729630199452,392.7102473053945,85
12,272.1611114308995,425.15802947079146,85
16,232.9353652316839,448.350545903389,85
26,149.23686845144397,409.9936605984657,85
7,318.50269054420284,479.46971625366723,85
19,258.9740370435177,467.77955802666537,85
13,111.5117516836126,433.2299907164005,85
15,69.74195627828239,436.743065392876,85
17,92.11115906754286,411.9116672788297,85
2,10.757637275588817,434.9163166564465,85
