id,x,y,portee
0,191.31666752435893,105.73092257034789,85
5,173.66621133513104,43.32839032721581,85
6,165.65577390355872,73.73580907681948,85
8,197.83811165211563,149.17578867991654,85
21,209.7338159209472,160.14902358840783,85
32,177.95825115917424,47.56879514817391,85
34,263.2419275693434,105.19043808113449,85
46,125.31689161145692,87.22984465875305,85
56,272.8470306076793,86.80846994397906,85
28,233.92124781429118,0.13416807936400543,85
15,93.42287682272176,105.57886691583823,85
20,87.21323402917281,79.60589853277395,85
53,211.35295679423726,219.43841336075,85
18,167.6468421098472,228.99802387258543,85
36,346.47165035469817,114.13581924673532,85
48,309.9186496501415,138.06941103690977,85
10,60.41270930905779,105.05183262630618,85
19,67.35139980267002,107.50410958843493,85
49,310.4264514242734,26.802053238588975,85
7,239.6817236976243,240.73173436751333,85
17,144.90291561842326,256.75750713677763,85
27,241.6604011653332,291.9398597473809,85
35,197.6146791389457,267.83292789547073,85
3,141.4447105216427,307.134953137742,85
26,376.18253362085454,36.68581335864401,85
40,409.89611081565937,58.77669045392492,85
29,319.9907720701311,260.92227356542446,85
42,212.32640342449776,320.29459866922247,85
44,319.5100419805787,258.78881921136986,85
14,82.74802017789234,234.6868299669132,85
22,75.129132415522,265.9538763091657,85
24,195.85732514250935,317.54569552675326,85
4,213.5410089215148,355.1184960468322,85
51,267.63968778788086,362.16624275303985,85
23,57.20152909167064,315.0469029305965,85
33,443.78950244619307,63.72679445153817,85
12,476.4463382779576,25.82972854155058,85
52,392.51465008199074,226.85854127142895,85
45,6.887765749955199,223.59522086170713,85
55,10.431605382816178,203.11317913887572,85
57,55.49611305625379,293.42577418716115,85
11,304.9370274802917,397.18330118077904,85
37,325.7905506950764,349.71438026543524,85
25,61.4733369373649,388.38469970448415,85
30,3.2953599826073265,323.3863079439531,85
41,65.44627285489362,365.44841810600747,85
43,437.5048649908577,145.2515230162078,85
16,437.3637916322011,168.54735918426766,85
39,419.1942993937944,200.0617684677063,85
13,365.08375290178327,422.2867252088149,85
2,405.5662021697472,369.3671162634527,85
47,487.24209549269983,233.53959392135792,85
58,348.1829073615439,475.86349391794937,85
31,458.600569118361,377.86316600741316,85
38,477.0035403014497,400.7645328737203,85
50,485.72934530604647,466.88546057029316,85
