id,x,y,portee
8,58.41528835754073,296.69419202086476,85
9,36.7450090636231,321.047705276608,85
10,38.532785965406106,378.2373448216784,85
