id,x,y,portee
0,465.2001769301896,35.0405720264993,85
13,406.1115195971886,15.341147001755873,85
15,446.3297206046389,63.51591808256424,85
