id,x,y,portee
0,255.7044954715048,412.62401054275375,85
3,211.99273475509307,471.0425512815791,85
7,238.23171062992876,484.6225436727732,85
14,261.39985250830193,363.193402319537,85
21,227.78595245875692,347.1266997533524,85
26,187.73890560362915,403.10636290927664,85
30,249.9310621150493,431.66347069168023,85
31,333.6770441840408,408.2350869893752,85
32,295.39273093621546,401.25608449478625,85
34,264.86459329224493,442.06886324074725,85
46,213.15931611909272,474.08415461203725,85
55,186.7212301774792,427.58283197171585,85
60,199.80441069117032,459.52178155350776,85
62,320.6669421921212,445.48508436813825,85
8,171.59109836714148,490.81020557042575,85
6,243.66213563140994,312.26264604206017,85
33,207.52566895301788,328.30124125100974,85
10,179.27292372106606,317.534405191235,85
36,171.4899107534725,329.0202814332012,85
40,201.6036583643297,285.3320827927688,85
11,362.3485000741928,404.1125217508318,85
22,114.54765100830832,455.84344851070796,85
39,372.84024436781425,484.65128422678384,85
1,157.1387622598817,298.38867311710135,85
15,140.1498386181599,301.4086054955795,85
17,170.78276380747099,240.29733645900302,85
37,198.35969738011593,222.30909289078903,85
16,88.62474233466733,430.95054259799275,85
45,58.3543038970209,421.0149972758359,85
52,83.0770536743094,307.33530280871247,85
59,135.26134169003677,230.12906447674342,85
61,82.15815877574929,303.2309503925999,85
18,274.771445227999,213.354007926684,85
44,211.50912489745772,138.57522253746674,85
54,63.722231918169506,370.5654488276167,85
64,23.16087978531167,494.4106104534718,85
38,1.7701334308916072,293.33831077825687,85
42,38.899795810310664,310.5793263195072,85
24,122.23826320140768,155.60399945041863,85
2,314.15966420591116,241.02684377021467,85
47,322.82107275336904,164.08696648110316,85
5,156.28044613993097,89.20524344657777,85
23,236.0196557933897,116.27247498292215,85
50,245.63060444869845,91.59215703778395,85
56,215.4896220000155,95.80927384655308,85
35,114.77934286480202,102.72974263858431,85
41,69.27760470026983,146.6219032934003,85
53,94.27640728061121,101.55315608310161,85
63,188.34545492568526,11.894322245498024,85
28,215.97726068242486,18.789183209560356,85
43,289.86538137624126,45.86066833772584,85
51,28.084246470906958,187.9932567481961,85
25,333.0153205000303,31.851820398294706,85
9,409.65604160884294,47.55033462362784,85
57,407.99609912425075,1.286289841038346,85
4,390.8807484680086,96.43490155399559,85
