id,x,y,portee
6,161.02900405936737,403.22383340029387,85
9,99.66706875722797,350.82913173717446,85
11,153.98863155030966,362.36766176058075,85
10,77.99525734859408,271.9829435805904,85
16,25.975701137631148,329.75254596156896,85
7,152.3924177873826,249.5320210839817,85
14,151.75650389125622,181.42109613036078,85
