id,x,y,portee
0,62.11003105663987,284.5031389294533,85
8,105.04562518768118,231.21745244371655,85
26,55.453371518756676,329.0141730173348,85
31,35.55276882352171,362.80134789960766,85
36,133.19810797029342,269.0958964989203,85
43,60.168773295205256,306.509163927063,85
4,156.24887197423453,257.62694829219805,85
13,166.65759656661345,243.06480935942525,85
6,82.65469763947209,389.85599633977074,85
2,195.66518690848883,289.11596472015873,85
28,220.36586951414745,232.37500107993515,85
51,147.95279358322023,413.8188330387997,85
21,205.17030670578768,365.6545271573908,85
27,231.3317024180163,323.3452754651132,85
46,226.34499748519866,363.61041226538316,85
17,201.94773864059235,477.58629515150216,85
40,106.24933207571446,481.4409303478699,85
20,238.93174284943592,400.8933016807844,85
38,277.0157468994825,338.0791525301625,85
44,251.9995634573766,390.45863423589634,85
52,262.53983895300814,413.1922549304413,85
16,295.69981188474515,334.04530675542844,85
10,49.861199303169016,468.7910396341903,85
25,52.112766457859614,490.46703976361135,85
35,81.85100244583704,490.5590781943927,85
50,332.5281942156249,324.4712703553343,85
19,345.5865178462531,285.2708914461546,85
9,391.7880869438548,358.6232595989439,85
18,397.5636207776059,304.46104744963117,85
37,364.8066684704992,396.95914495597515,85
12,458.4044611187818,249.00027103420717,85
47,478.9208731762257,301.6453591512253,85
48,452.270195398534,257.87109371478283,85
29,422.45018264968405,439.83958963227275,85
34,495.27513861023044,217.47107685833544,85
41,458.8191690871374,185.65214987237894,85
45,396.9164757414833,198.91006633715213,85
3,483.4684197616316,339.19912986539174,85
49,448.83517212287063,498.2684328231711,85
1,439.06675262175986,163.88031685533343,85
11,350.86748793350006,175.2430212857432,85
30,367.57146134340354,132.66012635098318,85
7,284.8429603511905,168.80647422579042,85
42,288.6377446268372,130.07861164006562,85
39,248.1730008786064,90.87809865313429,85
22,185.18077984453885,35.09980833338061,85
33,201.97738204010028,43.29030708310583,85
54,223.69525170927963,20.08911270205599,85
15,213.79968397489063,10.741247747084238,85
23,143.659046099881,41.510302952264986,85
55,188.5433440329581,11.021933553784557,85
5,152.43033260736505,113.78126184712295,85
32,106.60919423136906,70.50107148651897,85
53,153.06260210137722,114.74042705994603,85
14,51.17210568670466,117.21410453327363,85
