id,x,y,portee
2,131.91385147846196,264.40665293476826,85
5,94.46212463963866,312.9299322584285,85
6,193.11777398331904,245.56871832927118,85
10,29.330154229288972,350.4166421759947,85
8,65.15754331886802,397.69984761340163,85
12,40.52802664285782,414.1483060063342,85
23,117.27722312120109,456.60356461470013,85
