id,x,y,portee
0,267.9606360287622,92.42345857362888,85
16,300.5914284930454,95.66671875118882,85
19,282.39506010400737,172.18761439069297,85
21,265.2002809770239,11.974872122358537,85
22,302.0686296575423,133.51419711123907,85
9,204.55524336198522,202.79280096685048,85
18,261.04780278454217,207.83568677507563,85
