id,x,y,portee
5,207.10091378267796,201.41106902640539,85
15,216.37292805221776,135.84290492400996,85
7,183.48383482463788,63.74144608606447,85
9,141.12798693190598,128.9893422829369,85
18,203.10011695217807,102.29992210425925,85
