id,x,y,portee
1,127.23070689805111,56.0987151955632,85
6,169.41072692942265,64.76646685862347,85
14,178.7415625600735,26.181907120917337,85
36,71.01134371122542,63.13976139259181,85
39,87.7931673247373,59.76648587579453,85
43,47.88177593188059,72.9922020011966,85
50,149.22134317604014,126.20075757432242,85
53,143.67221490480054,122.03516893389465,85
55,181.8380194118302,0.8957706415624878,85
33,217.44867945638296,39.79128347418642,85
45,193.1875780970736,0.305903779229455,85
8,130.00312529776193,195.67639514273938,85
27,168.02949998827253,197.15799742373997,85
47,198.90199756279685,169.26176165928862,85
19,280.55245365750346,72.92859258831147,85
25,192.805174919426,201.3072402659244,85
28,97.47559924251536,218.82107823009778,85
51,120.37854062187748,252.06666276321184,85
10,329.6911596946131,4.194548997784819,85
11,313.80127509351973,140.92763911031574,85
57,99.07153547456127,275.9591860291222,85
58,24.664932280924422,249.48693879780538,85
49,134.22493941418168,306.73185052768594,85
54,371.7527630517134,24.18156663057952,85
5,33.136910570978394,332.84043272208277,85
29,21.866398297234635,333.3842439309565,85
38,10.639187277739993,226.57385077211384,85
46,132.4408751593037,362.4348792321794,85
48,164.79342245644878,366.02287562677725,85
17,420.55512208359386,21.372736586375506,85
22,50.944553833021324,376.40783948156593,85
26,58.22314266751305,394.3937086385469,85
41,234.87822639671262,409.9029042618221,85
52,221.73904364952696,349.0598121292873,85
31,462.0302172281533,4.08549410892417,85
13,264.4682799096003,466.37694545226026,85
34,280.39855941233617,448.27047289793296,85
42,262.88621787155057,318.2373411528389,85
18,495.74579831074385,65.4900079271274,85
32,328.9255525613635,408.3595287104559,85
40,338.7420495338171,414.2815049730535,85
15,294.3268647537571,261.98822941262625,85
23,300.46334448439734,242.5977591928547,85
2,333.98253140918195,251.9897474859874,85
12,304.3073577221637,233.20667287174595,85
21,346.2103184843287,280.7123966418601,85
24,349.10359352043827,239.48405962893204,85
44,403.03926584816895,203.67665315927252,85
3,417.86794765236795,173.5041912220865,85
4,483.77320414156804,191.52531242436848,85
7,416.71063023490046,132.31966833262982,85
16,405.43276431125383,119.91483936260516,85
35,398.2447148195437,154.3397131547989,85
