id,x,y,portee
1,70.46732031694015,67.8439939631108,85
23,112.07986858119051,80.14220648197151,85
29,125.25884964672751,18.723710727822805,85
11,165.20795621244307,129.19345232933642,85
24,199.28962516478805,57.06384582654922,85
3,221.25721583161572,85.11863103810107,85
10,226.86119000245648,51.35902853318919,85
13,226.1820720440863,7.6868860669670465,85
15,217.68581490844136,55.01587240737693,85
20,281.95377608269524,5.867990027347503,85
22,324.0454588065341,57.15349563797489,85
25,321.9508574045603,46.42451404574094,85
38,320.5262604748033,73.8566267779932,85
36,336.5651949411821,107.77802019416339,85
39,342.24669027975267,73.66808421447801,85
9,332.39664392061434,166.01329456989384,85
28,343.39943450992587,228.655587859324,85
8,407.1283622399388,240.294144065909,85
14,420.1645084327356,210.70180273176604,85
7,445.9582881723198,237.08895946162667,85
30,432.9700276872172,294.94338320577293,85
18,489.731539792311,262.272503683819,85
26,381.44433398284303,328.08928774741173,85
