id,x,y,portee
8,44.83685347336047,353.700479620309,85
19,59.33769551815915,404.05236452804905,85
12,122.12919148718065,453.67992466144307,85
13,28.305128588757945,441.88656182521987,85
22,130.3920241838132,422.9434400388163,85
