id,x,y,portee
1,446.8831649177318,98.83083903939927,85
7,498.2114486238368,54.905440027278765,85
12,466.2550814618643,172.5416256995762,85
14,443.86396794222406,226.62719420650333,85
15,422.1352318054434,251.5701511998053,85
18,438.7048391884206,283.4374360270883,85
5,362.91190818902237,254.3975505475969,85
