id,x,y,portee
4,401.8732822614846,188.68698875656358,85
15,411.8723384643485,156.91265796486735,85
17,421.49021313471934,197.46736038832867,85
23,467.85808595025344,199.3295858695376,85
24,479.4592290278559,222.65043063741362,85
6,368.46287452343284,85.23696975934043,85
12,350.2905566157511,35.59372452388415,85
