id,x,y,portee
0,330.23504612673304,306.7600318385444,85
1,307.4982230069897,345.21841617978697,85
2,398.9537330783884,300.49287090572125,85
9,316.71723469630456,237.98026830811096,85
14,441.5233857195047,255.8952438691301,85
22,431.91760462380216,365.9323287392512,85
7,437.67332189680167,416.62599644369226,85
10,434.58078278663004,400.66737274737466,85
3,366.9666261343682,447.81844168784187,85
8,417.41952473941774,478.72537673213685,85
