id,x,y,portee
0,261.06668056643014,244.99924632574326,85
2,192.98680859250393,223.60193303743796,85
17,282.88711935799023,202.00408670722285,85
25,237.36574704575085,225.6478159883482,85
36,251.20184674818663,315.12484651291146,85
54,196.77411288120217,226.39496319752024,85
5,159.7692182109196,209.86334092964597,85
6,123.21458058578877,248.43810312804166,85
11,210.87506281719644,168.23126297335716,85
19,172.84659040500938,193.91794903367887,85
28,353.2529458368699,198.73417328341515,85
47,315.50463584500346,124.75725026173589,85
52,291.46990197044806,130.0669457890805,85
15,331.06242195308863,335.19772434153634,85
10,117.53973668297158,268.3929601790902,85
23,97.87792773934534,190.44368114153647,85
34,95.39669936003486,164.42076071850803,85
38,137.76915126978685,130.1949286885481,85
13,111.18126526366117,327.90418062533337,85
46,43.49289479281365,247.5701959874973,85
14,401.7554656657633,241.99686256223552,85
42,409.4271252891509,188.51205114324992,85
48,394.9624446834699,208.64054675285675,85
1,320.47261761969406,74.63166754115097,85
4,306.3650300004219,48.446735351063644,85
16,279.1286947301968,74.38188293600928,85
30,389.15185859816035,85.18794679703583,85
26,296.7377535602651,401.3009502278048,85
27,391.37844151765233,277.8203811932514,85
33,342.43623484216937,398.63409364769774,85
51,363.01372821425593,405.55971054158937,85
55,401.5885090644344,289.7684269153837,85
8,63.294631020599624,309.91403886894886,85
3,62.14019990485831,162.9118607195703,85
12,106.68515217711649,118.53376508778868,85
20,167.6189213595764,390.06067297077476,85
22,164.4291707405437,381.0610609470622,85
37,447.36966367648523,288.3451186456842,85
9,364.9640260385785,22.356239831307633,85
29,458.6897741759162,55.20676971275995,85
7,307.49898701917266,452.50185803411017,85
41,224.16544953895163,405.15048315413856,85
40,382.21982740993127,419.595020084856,85
31,32.24442055565557,376.11324088591334,85
24,136.49186581932636,416.7079787698329,85
39,476.20176068388855,333.54326855291,85
44,499.59559696035745,20.40563299080561,85
49,484.0125726920833,5.621901046324151,85
50,276.4237958486069,498.43173052326006,85
18,199.19216096776472,474.07618635817647,85
21,41.09008359636312,458.98779469657933,85
43,99.75234137605798,476.02606123361215,85
45,27.479001505285982,483.91501100071974,85
