id,x,y,portee
1,117.86134929886526,341.5458640561699,85
4,143.13586502327465,413.07653639348496,85
2,100.3023864316977,459.4688910701931,85
11,164.24342241856453,430.2164124257613,85
15,103.74146691758406,467.64001742164055,85
