id,x,y,portee
4,330.46314257513313,143.30173654301836,85
7,363.2513928533563,168.10283553785015,85
9,369.1342580745941,152.44837268671597,85
32,336.91275533983475,184.7253161043463,85
29,330.73466525198114,235.73911252272478,85
21,447.3710673527961,138.53833753043986,85
16,448.2466822816822,96.10940290470721,85
28,462.59428455047953,193.52832065980817,85
30,439.09178378028855,210.3192079344856,85
35,465.37104419219236,227.27889502839926,85
