id,x,y,portee
4,488.4666269051518,228.6335448441605,85
9,468.85969158158593,174.9211850255028,85
21,496.34276690220685,254.29914283468185,85
19,430.88284849321536,140.41481398413907,85
20,390.47650035563925,174.7990663389315,85
18,398.40337764761506,113.23207106649441,85
