id,x,y,portee
2,368.76508377436267,242.4276965730301,85
12,350.0063561842306,241.28209904381214,85
22,289.1954562957743,238.53786153238238,85
27,404.09972429565045,289.6836705325102,85
34,294.30387410194174,205.78858775491554,85
16,230.06169566011,225.39256023266162,85
38,478.4783165582636,311.70318527888304,85
39,425.30533883941575,358.29701563446986,85
11,161.39161282591553,228.52132367272625,85
25,166.97184040055723,213.19140338715852,85
28,462.72730315960644,395.71439001757716,85
41,368.35491950779937,389.5682279721684,85
14,95.5390033749246,213.11729852975319,85
20,133.18534524684856,164.6913930761989,85
9,456.57531707633336,442.4449875779819,85
23,338.8148947854532,441.7880880067319,85
19,99.0058238792168,142.2611443377187,85
31,436.5976938277657,494.3831991693085,85
8,304.2343658178558,474.8929374743483,85
