id,x,y,portee
0,83.42674820582397,403.502968923247,85
8,104.2530215452378,467.73821417104114,85
16,94.58196944524472,416.48334201289623,85
