id,x,y,portee
0,161.4082941657793,179.9149033631121,85
4,100.02199747673195,180.48480238561655,85
