id,x,y,portee
0,197.09933576306514,375.7913029564893,85
2,203.34503848715013,402.69749112732256,85
6,139.6655558781401,384.6133994377367,85
26,119.85418653680263,341.9510605999565,85
41,149.06906033049518,345.4505526690042,85
44,261.83733425439044,421.9737680065234,85
51,229.4950397907879,301.3338023342634,85
27,188.86482583624553,472.5913676831866,85
34,200.21929806607818,465.67636955064404,85
7,79.84580270290547,365.2150414221222,85
9,102.55857166655264,348.5980325927717,85
1,46.777262010787304,322.2799310787064,85
46,135.4363544262621,270.9371182049982,85
19,295.543310373071,371.540399185049,85
32,260.5573717061257,226.68040078420916,85
36,157.55791618196864,475.49907741650725,85
14,5.884662248135886,395.14575715107964,85
33,80.9247704266291,218.10962375625303,85
47,135.88573458770952,198.56125051592193,85
16,325.15915943702237,353.9970349330188,85
30,243.40200007237712,204.16617335218695,85
37,325.4373402245546,214.66799564608792,85
50,196.32584527478457,174.42180076331044,85
13,16.641854655730924,191.56518650760944,85
45,40.70083612093306,225.89152808586184,85
31,179.60114162619183,135.86094390700492,85
39,407.934842547472,351.07545720226653,85
42,398.7257785247569,337.12080752568147,85
48,377.9089847376762,318.2100321699077,85
24,285.2980343945996,131.2867381118481,85
29,207.83417007157706,129.6457949926077,85
15,13.01338176815775,124.06115046486171,85
35,106.38411542592397,101.99674504930023,85
21,461.8946900677447,375.26676981765087,85
20,65.36687505504946,120.6253494981313,85
11,116.16537843377562,59.959016398531574,85
18,53.528549110749054,19.195574910233436,85
