id,x,y,portee
3,476.6709945567381,122.48268843315834,85
7,444.3755885770111,158.40059001698253,85
10,414.03934898326435,207.514995858794,85
4,477.2830173567901,255.71582351652972,85
