id,x,y,portee
1,328.51600306470635,71.91507068117991,85
6,369.2396027744583,67.11363453631685,85
10,360.6864845891664,123.57263659681705,85
11,280.69331276159465,25.462841659139812,85
12,298.4758246411817,126.57294599649704,85
13,345.6272980569864,146.5672102631327,85
25,326.03174994368317,136.17756851437545,85
26,360.90669038873284,82.08572467271519,85
24,389.37645900795565,150.72628127793413,85
