id,x,y,portee
0,346.8716580269684,188.52822283547476,85
9,421.09237341746837,161.20091243737434,85
11,338.7617001873931,148.39927203326974,85
25,318.00045950122615,257.12387243981107,85
27,333.9749046300204,218.29708142419386,85
4,459.1658088730934,88.67570003728947,85
7,320.58333339444,294.3502190249875,85
26,253.1584179305917,230.56374166842642,85
2,491.6308063331536,15.719147541759625,85
