id,x,y,portee
0,100.24017149431108,174.6389984532965,85
5,110.05976139900636,170.97779476606595,85
16,41.16886365987465,199.00975317592972,85
25,66.41861663683495,195.0668819670106,85
26,147.1532305889786,161.30948821353104,85
31,124.29389759444554,254.88580367243802,85
36,180.88998539967162,183.6938060492142,85
51,43.86406549228883,230.10767053762987,85
6,29.885209119549838,276.3142527429908,85
17,147.37095999859372,86.58794207850768,85
23,210.66901826416446,127.16123205859175,85
24,215.06349459746343,154.4394024951484,85
21,188.255609726489,236.9325116747703,85
38,250.1064388761932,176.42509637762964,85
27,7.591793065344355,342.31817353509206,85
35,137.17378802492513,53.63661222239152,85
30,298.9070899977739,151.20484014099418,85
47,325.6165009555811,148.9368802420337,85
9,67.44411043313164,55.66732446692946,85
18,298.59177552902054,81.0559491460997,85
32,278.48887500176613,73.1387408738286,85
13,2.5350629022107274,22.942489543878008,85
15,43.78094167989804,106.11125298274877,85
39,55.040252954685506,101.04830871184018,85
48,319.68906721051616,27.97455689024525,85
41,251.37906439496106,7.762228107741742,85
40,384.23516692551374,78.16194895567735,85
