id,x,y,portee
6,324.3614081703232,442.3144388303962,85
7,283.6594398064786,374.0132704526933,85
14,244.58671856096942,392.7004440328311,85
20,330.14499385637,321.606397790552,85
8,405.3930157760972,332.27892441212015,85
17,377.7452187942128,280.6356199232329,85
