id,x,y,portee
1,200.40142915360482,376.96937760351494,85
2,208.2307030555748,303.8056326786448,85
3,260.06316618360063,368.9838581440491,85
10,240.6036129243554,257.3870147001727,85
5,302.02273571671134,437.71893526257713,85
24,268.0582670155687,435.9803283053775,85
