id,x,y,portee
2,128.5504114269197,464.74009403599064,85
14,74.37453852832188,415.45107312590204,85
24,161.256530856281,467.8986044667186,85
3,89.7165440431899,359.18599919888,85
13,29.450101741657353,347.8007609232543,85
23,61.76776700615383,282.4982553107538,85
20,63.54940819355293,208.02029431548706,85
25,35.7261380328886,207.08313179920822,85
6,8.00120857893466,195.16812403458712,85
