id,x,y,portee
2,242.3285591734955,258.26678428754167,85
12,282.37386784746565,186.25802510031804,85
13,215.01911700296344,249.99658013243914,85
5,298.0715587875196,113.88936113316205,85
14,341.169247751398,126.80488078966845,85
11,179.32834441001793,197.35883172145867,85
7,394.12005757208226,78.39867304649428,85
