id,x,y,portee
1,163.0697878196976,203.11841531379403,85
4,145.59000090108347,122.98031970067596,85
9,172.02312337268793,182.61857584405934,85
12,192.51660155497947,271.62491748296594,85
23,79.46897995225626,194.03112821739853,85
10,123.99580149289419,56.40161213925854,85
25,124.93620795566169,320.768441491272,85
13,62.851879945071296,297.80584107361386,85
16,123.19989671924702,340.7901749850193,85
21,133.18869890148144,392.6348941672386,85
6,138.43848762451066,474.693098247965,85
