id,x,y,portee
1,196.97077335856645,495.05348109738344,85
5,263.97747500687984,447.8118669196221,85
36,119.43597949597945,462.98063825184397,85
12,261.7607281127155,432.8615110466847,85
17,297.15588899178374,418.4121492220904,85
23,219.854174354144,402.32146677857514,85
28,289.06813255969297,368.1382886992525,85
16,87.29461148754486,446.0301814637568,85
19,216.53285087600048,336.05927152126407,85
34,165.9608682481561,389.1808919115975,85
8,310.1839358122186,294.278668629117,85
22,293.5162383240432,322.95689378918115,85
4,235.61360364824935,293.6810112911774,85
24,268.10918898604575,279.56683574771057,85
25,115.28749374852454,337.7181776966114,85
