id,x,y,portee
6,144.09935789245515,329.20344462349146,85
7,122.42787294449813,348.4661819656116,85
15,70.87779579812653,379.4575615147029,85
9,40.95123394263261,455.554344298125,85
11,51.69426623402512,401.6844445508958,85
