id,x,y,portee
1,385.02848179773895,364.3646196236905,85
5,362.9675071198316,331.5222353618358,85
21,418.3864746530755,327.2805942718087,85
26,366.7989259058962,316.0137058741045,85
30,338.7368377403015,369.6337967856967,85
33,407.66520878693746,414.700755630777,85
34,383.0814640060545,345.2158790161697,85
43,341.06047171147924,414.9319792487023,85
15,293.9427926599588,367.9184015338023,85
48,414.6020319641307,273.0744812561475,85
40,474.20177178782046,322.4580458899722,85
3,301.13129918054375,438.6928101489994,85
7,257.923693704957,352.7132691620986,85
12,326.65737845914987,433.81609387315916,85
2,448.1098143047975,489.29274992620077,85
45,444.19840649147017,479.77850690074507,85
47,419.8381831232026,223.33418663928904,85
6,212.765818784446,398.22316172405016,85
29,210.76293239414824,417.89377413497874,85
42,494.0447088486047,480.09128285798346,85
24,146.8133467099289,363.5923282689273,85
25,188.35559006112413,472.401635420965,85
8,96.87191073640456,324.09133042540014,85
38,106.70083647398498,361.13219610792885,85
