id,x,y,portee
0,101.20654265582768,71.2878678982779,85
8,140.45179830602322,66.56089675478133,85
9,148.4429684554049,83.70752879208825,85
