id,x,y,portee
0,309.4942630685517,195.11132528731267,85
14,347.6457311520273,214.94380766121267,85
6,399.8796176777833,218.90635274387853,85
7,394.00635837442945,287.7732734895459,85
