id,x,y,portee
3,211.6749588063438,279.2955645774928,85
10,210.3479322314444,244.49363106731926,85
14,169.72859417315374,290.08716428546563,85
18,230.05845372554919,213.79022327052465,85
