id,x,y,portee
0,119.7389299974429,400.2474505005284,85
4,136.7248306393159,415.0424388847318,85
6,176.09665938652108,411.16723256433136,85
18,98.91481834437982,408.33596265899274,85
17,120.27380019315476,494.4675121414703,85
20,213.683231447022,444.73588005003097,85
8,54.648187038384144,471.90346497469415,85
14,39.600643671427626,467.18896966845165,85
13,12.634377785044338,489.0065892081349,85
