id,x,y,portee
0,131.2535793697369,330.66073988724435,85
9,183.20049916882792,277.668623196836,85
12,116.16082053068966,364.27862633242273,85
15,126.90438881077937,292.3795310207703,85
19,140.46505102464403,438.30891179761767,85
14,122.6732848496248,496.71808411902884,85
