id,x,y,portee
1,413.74413660092074,86.64456509660468,85
5,394.0942694981882,82.87718428117353,85
14,351.29752745007966,59.416640035364175,85
16,383.81618664137255,2.6403764632186855,85
