id,x,y,portee
0,392.16204738262786,21.417947093343436,85
9,420.6009848494808,8.995056375633526,85
11,442.2107113028262,48.2115149313706,85
