id,x,y,portee
0,166.04699375036986,26.04661964935273,85
3,159.81827029303304,1.4474779704620189,85
9,97.97045002779475,0.45286116674231325,85
4,48.05777130339695,25.84099139049878,85
22,95.80112809712665,82.60628912568757,85
27,13.93571304355995,5.43396517027811,85
1,55.23269982413781,85.7028567243055,85
