id,x,y,portee
1,179.6055106892145,469.9435571163213,85
6,105.63583748986987,494.577837695201,85
18,216.98077333480543,394.0287363590626,85
19,99.23543629078463,442.24797802626375,85
16,294.95100505858164,391.71728737678075,85
8,49.479543709045004,384.53880448795667,85
15,53.6701294008442,403.88163347192284,85
2,84.64215588377583,341.0250697221235,85
17,131.5592326524321,332.17967718490286,85
14,172.78442233246255,318.2775827962234,85
