id,x,y,portee
1,373.5169217711355,126.97751040349414,85
6,340.62682695043645,53.87784140624596,85
