id,x,y,portee
3,299.5957108511054,4.902666002904343,85
20,284.160184749342,30.49323844957469,85
24,292.7096562395438,0.41459092070272874,85
25,246.47001565673332,40.573377151892075,85
26,232.39963073572574,42.119088999608756,85
30,210.26662581118305,10.926098187081013,85
15,195.48238035745658,80.78931399006206,85
