id,x,y,portee
0,53.657734543112234,270.3302903903854,85
10,87.48827054206359,198.6354014281893,85
23,25.295629252675035,266.42139899053683,85
25,120.8038932126087,245.2259889673627,85
36,63.509254370191115,190.35753812562217,85
19,133.84824015062864,186.73327303559668,85
38,14.335755756149704,167.31486836790717,85
39,163.0096943512384,161.90199354508948,85
40,124.87820674313465,129.0597756862944,85
49,61.37555887750379,182.6270196386271,85
3,209.46432531583403,219.07242233974372,85
14,189.6552337202267,144.91204119040796,85
9,207.63686588839514,140.39233722277032,85
15,237.31964548848106,186.6125368974838,85
48,232.66277784734396,153.95544458926608,85
13,256.585479769976,204.3086243494227,85
50,267.9568632118433,127.51869137202054,85
20,294.5356289161352,246.23114054464494,85
18,330.4685446913908,224.93646856223887,85
47,325.06253010279187,279.74272383805027,85
