id,x,y,portee
0,476.6999448865945,337.1421217107278,85
3,471.51584276064057,267.27894284568384,85
20,424.0969620114058,370.41370104110706,85
12,491.92465435795,238.6994449982718,85
23,408.1623869558711,237.55175298482345,85
6,402.53748835043626,193.20726865592763,85
16,381.2342036434591,241.27282336038874,85
17,435.15981704744644,154.73892907465319,85
