id,x,y,portee
1,126.28924639134215,378.64385664816206,85
7,202.18301506289572,368.98598342421275,85
18,178.42231768693617,441.21665601580946,85
20,216.09090235418626,448.7903027720536,85
12,186.75023329717388,464.61181689719075,85
13,152.4383179542252,461.80919207893555,85
16,246.10653881024618,449.39196515411294,85
14,269.90528055596087,496.2593994021538,85
