id,x,y,portee
2,446.47991630395563,132.4180256336075,85
3,429.8709917965124,62.46379666320412,85
13,433.6491779381352,192.53956874020218,85
16,451.0811893567107,95.30516385728721,85
8,442.6940301610632,12.260775102630571,85
18,379.0096704097032,256.83799902512425,85
11,412.65387543014134,286.475267966918,85
15,468.3873825666116,291.4588605946168,85
