id,x,y,portee
2,416.36326920049373,150.4762570495921,85
3,481.46146063650093,188.310306322661,85
7,460.8257230984291,84.97271932969369,85
14,458.7496274379242,66.2879243005427,85
