id,x,y,portee
2,188.5978967630888,209.802482818854,85
4,208.2547743435366,214.60073766457404,85
