id,x,y,portee
0,150.11887087104975,220.4003454119642,85
1,214.5258206836606,273.50070505925095,85
4,100.38483641459412,275.73071208002915,85
11,169.39169071479193,149.68051607185373,85
14,246.8975099111676,184.16531221601196,85
10,266.54455443056855,185.3796364571477,85
6,315.63138789876535,116.03766945481692,85
9,334.4482100747275,119.05718071130484,85
