id,x,y,portee
0,339.1434870017326,460.6926199479183,85
32,304.07206379546653,423.7052149180736,85
36,361.7426831864601,499.65248858633976,85
33,234.87016343335682,448.98041943755953,85
35,254.39731965900592,402.5051485779096,85
47,317.6811862204997,366.8830011118264,85
9,206.71208358200826,498.0536822611483,85
30,165.85518901000995,465.75583961608095,85
49,224.40128991227226,351.577477839067,85
18,102.71392254043977,487.07188703255014,85
14,171.40140244659167,353.0194344405037,85
26,219.19915210737935,317.57449286508364,85
34,169.54664679535736,297.9589875413332,85
43,172.25525737673485,376.3493395004214,85
45,170.3730659227789,310.96647632111444,85
42,119.66718391917797,392.22061462783,85
10,252.16825496212874,269.5413218141259,85
38,162.87464407342134,265.6372504641505,85
4,96.12067137096969,296.2603084197957,85
40,133.38317875833755,233.18978825994512,85
46,138.72064706286264,235.43938615087256,85
2,60.5488532279711,345.8785028189482,85
23,157.17924372291077,212.1181286790167,85
19,19.324141972364373,304.5078736182464,85
7,130.29597637766693,156.86431554071635,85
39,105.95017821311204,192.0328542152994,85
20,226.80063480377427,170.7945340686591,85
17,9.882831787853375,273.059240172664,85
31,147.75612088906044,110.84811643750287,85
3,268.93071148289886,165.67881536688833,85
6,284.946975261061,172.13734349186527,85
21,106.48157116086088,39.82031554792825,85
41,185.95649419608878,51.4131141783834,85
24,52.2508834057957,75.33434823319467,85
8,234.35575183491804,34.63503284674224,85
37,197.35343590628324,14.966047833979756,85
11,27.521154423494345,135.89499512591215,85
