id,x,y,portee
1,203.62961119083917,246.97786032394464,85
4,277.43986892911823,263.84435227004076,85
2,300.4128077015803,214.94568924709733,85
