id,x,y,portee
0,232.70717954939795,96.09332798520309,85
7,228.6763573421145,152.76882591798858,85
9,186.23691976428918,53.35094481951924,85
10,196.32586031704275,54.7149064844914,85
17,231.59141348959128,66.46193492362362,85
20,305.568004274523,72.88549923739218,85
24,218.111536055673,72.7097794204491,85
28,252.14762904769688,13.463564331626266,85
18,367.68263043206633,110.8622968624992,85
