id,x,y,portee
0,284.3273131012464,4.432111126924598,85
16,349.91108401902954,9.352122520093541,85
34,218.44746555333106,7.523649300337998,85
12,365.9890043302381,29.045982779951128,85
15,418.18222639127424,50.17068620426029,85
35,397.5613477411228,2.7289961397335416,85
27,188.76888491654427,40.6317477481819,85
4,416.60683662535223,115.77784183205448,85
9,441.5584153635898,111.54762628029069,85
19,192.15963677748798,99.60559269632924,85
36,462.02435814696497,150.1769091154687,85
44,433.5850878546334,136.05704087725422,85
17,233.70473299360123,171.17837975780427,85
26,112.79855418748075,92.90902760468106,85
45,167.91006000850146,124.89263688625441,85
8,227.9015420630352,229.42656668280804,85
13,224.59821698788718,237.967252322621,85
21,276.2544382612058,153.9995972054798,85
11,233.0241048873548,299.8427478467985,85
24,287.6512048001813,279.7795192091658,85
28,194.1617000402777,261.7465580867611,85
38,268.27935577159195,286.41092500427555,85
7,332.64985756498197,169.26847022315306,85
31,285.1820487932925,343.06325866348595,85
40,326.4160214867619,292.7972341414567,85
5,122.43030626584661,253.38074822749863,85
6,405.53087320863597,299.8422143202975,85
18,486.8457692121351,279.88521676125725,85
46,450.0879121959918,310.09976240557603,85
32,498.19744589756465,248.09609838751007,85
