id,x,y,portee
2,290.0473520880621,286.22156525268116,85
12,274.68890976196957,245.28954814050158,85
14,251.0875905735645,343.58550670775026,85
28,345.61586953533384,245.0375834792453,85
32,362.27786686771435,259.1640370094021,85
35,292.99425717823846,343.1058249849125,85
38,235.06401773605816,228.00317547019523,85
40,216.74274603325443,267.3436055048671,85
39,275.8346987840857,170.20628336224885,85
4,304.1362035281072,398.63363780421673,85
16,282.60371774621336,421.5908159373709,85
30,369.8751410605626,237.69967787936451,85
45,352.3933783815659,162.56835996996833,85
9,239.56764332743842,473.0116208191623,85
20,230.4946590368131,462.4646701311094,85
27,429.4778697443631,183.0689544616509,85
22,383.08575077549125,95.32780292966075,85
26,412.66963148714746,137.63172860651284,85
8,166.4537928245155,440.33587753159145,85
34,447.36751443745635,148.88452768977385,85
6,367.9564680510375,53.83948450075415,85
11,368.60307900651503,15.027594768460217,85
21,298.52039838623415,88.26457717882946,85
23,458.62540866076114,67.63644268680835,85
24,391.06987352395385,62.4293594726057,85
31,463.6192766296823,99.96563669909703,85
46,385.769601046011,25.91530039214468,85
37,430.66449260395365,13.206185720343155,85
