id,x,y,portee
1,112.79128780165799,410.40279750749727,85
3,93.38547404373071,420.5423786773036,85
8,99.83362526442141,434.25637016976594,85
