id,x,y,portee
0,64.7782362648584,250.05705054604894,85
14,64.57947721947322,199.3776052950197,85
24,38.53548088886266,176.6045398149463,85
28,58.919741996496796,168.27578184040954,85
37,61.047783569547875,229.53490473933246,85
47,48.860836553088426,275.07717620592643,85
15,125.34728837784742,182.0767298351925,85
26,27.701424586470623,147.92764976699596,85
36,9.26909271705667,164.3602828598763,85
34,205.79463310272405,188.2416112250706,85
52,168.19699964910944,153.65439393700242,85
5,211.5038922218631,189.78721801514985,85
6,264.39068660066084,186.11887680692917,85
20,214.21403668936367,165.29969832144496,85
31,256.37712847132786,173.8996633946403,85
39,245.31319848343196,173.37852000856913,85
49,249.96271763617005,178.32862146316276,85
40,328.4782623526408,216.29427476862134,85
53,320.0167472716378,203.00488367346182,85
9,302.4828082739506,106.01885605600737,85
16,375.0505023146246,189.31532836167298,85
23,421.8159467894459,156.05103273975706,85
42,402.4698507149589,161.74285820273843,85
33,448.3057585435794,118.0367865944174,85
48,499.6764456408723,173.5973249207744,85
30,463.04836173507107,232.1988351993659,85
