id,x,y,portee
2,447.3301923546136,392.8547228502311,85
31,380.0100049953912,375.44410795371584,85
10,364.2938995751534,340.5784401117779,85
11,301.4717664362881,404.44792241365445,85
6,333.22934472422054,290.18487682914093,85
8,401.44946208622827,282.52302498548096,85
25,414.2551115375794,292.14999959773127,85
12,331.90408664876236,454.1896405077015,85
15,403.50839332301217,239.96933129627413,85
