id,x,y,portee
1,434.8825978210032,191.0119929255939,85
2,480.9772446990286,167.40838605959746,85
5,376.1381489025863,146.10063703734843,85
29,418.2076003606173,228.84056113597146,85
37,476.5570936916723,151.16548258947245,85
40,419.8909009091025,274.5678549572423,85
46,383.79915816966053,244.61085246520136,85
53,496.9295345284197,169.10657012476844,85
55,479.42560560732056,170.89643412388372,85
58,416.68558780736987,173.38536446552072,85
62,468.9832775296652,101.23761248426422,85
18,360.26486640630355,77.330837631576,85
44,340.51036393707074,132.05936610570197,85
49,345.76241163952795,184.33320895143817,85
56,359.83981913506966,94.17109292517911,85
70,351.18268763533615,165.8012291727503,85
11,408.0647445739496,288.8141660226463,85
19,421.95153770495153,289.852514624075,85
71,464.75668376546054,298.0766830705749,85
65,429.09947226861175,353.02689902622683,85
14,317.11938997670603,288.90789938304243,85
4,362.3891544403468,8.919906730645854,85
25,293.81330287496536,193.75785428975223,85
3,263.5924044181726,194.3165629526608,85
47,484.87361672342234,375.3450155544744,85
54,499.2905183044282,327.40256988358254,85
41,438.652693991793,381.082516833377,85
68,489.3179511423763,412.7697022272411,85
8,304.64449108321986,280.68022691708273,85
20,245.14028519355708,297.0978150556375,85
21,288.0661494969245,364.9084576195095,85
38,246.28956365771066,263.14451451035967,85
50,265.5417588213588,319.2623694184241,85
34,475.8552225090419,447.89513992319775,85
13,421.1201688772613,442.53662966313277,85
12,469.56709637861684,485.07331138241415,85
28,485.30616566736586,474.27058057988864,85
39,175.5001420220616,283.30593459526926,85
27,350.2869960811335,411.472877465865,85
61,242.2007245599207,391.1429790131833,85
60,362.7411670031023,489.08956441777843,85
52,147.407023047696,346.54687774913793,85
67,169.63205970225465,351.83384639090826,85
35,190.93917217118621,443.2652904622591,85
6,135.15682810452523,425.00023407071706,85
32,121.41599822016703,370.70757895368513,85
16,206.45434581205225,485.59085513601104,85
23,78.79017117943515,402.20474325555386,85
24,60.37507830166916,373.748048044227,85
64,51.25432291648574,371.87646210334634,85
9,50.35470927133839,433.62665116959073,85
42,29.913412985055455,401.536610596298,85
66,36.489651140744094,457.699999285461,85
45,36.18957384333971,317.9165846703417,85
10,51.8375450464485,495.1077315288957,85
48,8.24143243420039,285.9334889842797,85
