id,x,y,portee
2,78.03554738109031,73.48722448369676,85
3,154.37276744202083,92.20430296122056,85
7,190.9964941872554,83.66334428043254,85
19,161.78025136927877,126.25863641581125,85
16,174.1341785164983,3.4758668395084014,85
13,201.37614124277974,188.94908274338758,85
