id,x,y,portee
0,115.95262392641692,223.90859419359677,85
5,91.30394888105614,176.55181849877604,85
20,165.65037086131846,284.43166430214336,85
21,195.255243791636,208.9915699541609,85
23,176.42067110853927,268.9327258755926,85
25,96.68516137325761,258.7655170526543,85
27,163.9962443057822,189.42726764376644,85
62,141.77720266970633,222.50482559014995,85
38,25.678685041434555,170.96198940128284,85
61,120.77164966769938,128.5174911924114,85
68,132.65733481224146,135.35866377333844,85
73,15.734622777933026,184.02534882339845,85
2,200.14816190984237,314.280675244811,85
11,136.8212304021878,328.3849242183469,85
26,174.8658292536333,358.46521478961324,85
30,144.9518271316983,305.93633210194446,85
12,45.16252703508749,301.16070973730865,85
15,3.51145876974851,133.86463105246594,85
44,86.18032974595113,87.77928272350388,85
14,4.996225723194581,262.70158132688675,85
50,1.7232949255614471,257.8086105736179,85
6,106.72186034888887,374.1078147621722,85
13,61.11230377451582,353.08772147093947,85
45,149.2995768071415,403.15774285363744,85
53,171.38616644956818,430.94596504129606,85
63,70.2052010803963,382.0987304505104,85
4,29.401854955234175,76.16464666765627,85
43,34.93105664732921,59.001887137907495,85
59,12.4672734299493,76.75001891315902,85
17,104.36005897523975,14.462165305317354,85
56,74.44976010909154,46.53021876297231,85
57,63.492342312601316,47.200112001656024,85
36,115.05720972510115,454.34086154333374,85
41,27.476734787363178,409.3478024523588,85
64,252.83931792416303,415.20649094363984,85
67,205.35280979352456,477.4110678708993,85
40,282.8054102660837,452.95465309904546,85
52,256.84644932835147,411.7376028648286,85
