id,x,y,portee
1,210.7347732800462,48.75368669743413,85
6,162.23222247099477,16.436213638475806,85
7,222.432805069186,49.4650696737593,85
13,232.03068735961313,37.14283034303117,85
11,307.3361649670702,57.413746072657425,85
