id,x,y,portee
0,406.320423919258,95.39678056439,85
2,397.9706713290471,110.70643252438944,85
4,442.55630918812517,74.70047741281299,85
12,379.49928578618574,134.60685975104175,85
15,385.1955348733259,68.38230471934692,85
23,402.07560463875024,145.1824647594654,85
1,429.9080236062119,187.5929895522345,85
7,488.54046121928593,30.11877268808849,85
18,493.3403942965976,119.30886085351383,85
9,363.3316899881724,213.34671982149095,85
17,386.4204407873455,220.02943136710468,85
