id,x,y,portee
2,47.99034931854623,382.7926834876944,85
5,11.96667523684436,440.90001309226534,85
9,96.71895451805563,348.65160512381095,85
13,38.478286953500195,450.0074599826319,85
