id,x,y,portee
3,197.07911068891704,252.13454553538926,85
6,252.9043939479156,196.27077160812794,85
8,147.7002667340976,192.36598622817274,85
14,271.7759645779647,288.5649089805797,85
15,279.1805737855073,267.0408121383505,85
10,107.0480295847811,201.19541236527033,85
13,73.67055459424382,145.75857656947605,85
