id,x,y,portee
0,58.80357500777084,41.42568982665751,85
2,37.23471797377154,65.12520217720841,85
13,100.93878106656024,73.1927801332502,85
14,24.250942910111483,71.94008092505061,85
16,164.18321788167856,107.23569243426934,85
30,140.782324389579,111.15924202711753,85
32,130.24095976148035,128.28089035113678,85
8,57.1850627532145,149.3961976365394,85
18,141.34370822364622,151.55047936765897,85
23,45.72441275420536,186.69746916327347,85
6,113.43872813063926,236.4557842323654,85
27,79.08651426871144,246.45189798335437,85
