id,x,y,portee
0,428.92773895602295,120.04469071476342,85
7,462.83094310240926,191.75044884970822,85
