id,x,y,portee
0,150.21555409824998,341.05149166771196,85
7,173.5195589344905,352.77907046374344,85
24,170.7838936462477,372.6188777043456,85
34,216.80947200073948,380.4491937834612,85
15,254.84221744025913,345.7134830061572,85
30,209.00154678442019,452.2417826460691,85
14,284.3126233743731,308.7122428584713,85
10,151.56450548320822,477.99588909130307,85
22,231.2824323782907,492.43249324008997,85
9,213.37309740886695,270.2792691202411,85
8,69.90718079850534,462.8189245699255,85
23,295.6675818478805,492.79097263491326,85
11,25.696975665449486,416.1808535773118,85
19,49.638615110903615,472.84987176906174,85
21,62.95896805262641,405.872849742335,85
