id,x,y,portee
0,359.2307641484906,200.22564560024432,85
13,282.49027285527393,228.12030756080642,85
18,407.2951019383553,206.88896418353465,85
17,306.88146844777145,279.61238891324484,85
19,361.07010993447983,316.9459828778477,85
9,355.0910446046383,399.51582164910604,85
12,387.1458410595925,382.1781246445585,85
5,349.17362548229573,412.45849752282476,85
7,376.7568922866488,402.7385817114099,85
16,328.74958917378433,493.0784856903337,85
