id,x,y,portee
2,192.16952056328972,51.429729306931016,85
6,128.1788161781302,67.38075392200588,85
10,266.4629520355029,85.0020707721803,85
11,239.60343688680857,77.40392321245216,85
