id,x,y,portee
1,436.7368132226265,419.8844729351184,85
28,372.59145005380276,364.81082166934783,85
42,381.0940350606718,473.1157049332015,85
5,353.0525208206097,356.6532104848716,85
9,296.0461048126703,381.5942781480454,85
11,344.7618947053061,382.8830406179633,85
31,300.15423431315526,355.6527963649781,85
35,369.46218336591903,350.05790619224143,85
46,370.79014818357575,289.53059792654403,85
23,275.8135952393592,339.9691867309174,85
7,255.3443803664947,344.01281972315587,85
17,284.4169856855474,438.50536659135764,85
44,252.9116662466298,412.90764608945966,85
30,263.224090483543,280.15178341954123,85
3,426.01931845120566,298.4678115948411,85
27,198.14985957985738,331.8150459439998,85
26,181.16381275971506,351.5411410413459,85
24,203.39774078437063,440.1836498188428,85
29,196.33827635445044,455.8441620737866,85
33,182.78984969768413,412.62532679915677,85
37,228.07709690948792,252.74687889272042,85
38,169.34281975526355,310.9022845267522,85
43,157.59330017829276,281.1664745665552,85
4,207.31471080653853,490.1707917474934,85
20,125.60076947692434,496.43485263990397,85
32,132.76937249513975,496.786218731281,85
18,113.75994422160657,417.2276654930277,85
2,165.56580558973295,218.355288309531,85
15,212.3818103836822,180.81639998217312,85
41,145.54752883274043,253.12521569886243,85
25,78.66890842816699,399.69374876352646,85
6,218.07195553786147,108.92556914424112,85
16,68.26007496053194,261.3029648822236,85
21,21.31685696193869,398.42411744448145,85
34,32.26122673163695,467.0077718485876,85
45,37.0101468172282,345.35454262876164,85
10,247.99938366560792,89.1711192783689,85
40,214.9806667622659,67.68751300034248,85
47,294.66653150957444,77.58619358051682,85
8,25.93031193118911,203.39448931758554,85
19,36.457274555296515,248.932274673625,85
22,38.60535330529768,260.95232323211644,85
12,323.5443439430432,119.70661247836773,85
36,140.82274115421438,55.49788180953952,85
48,7.281682482857543,182.213215980782,85
13,129.23140024220058,75.63300950672941,85
39,73.94337687531849,113.548486916701,85
