id,x,y,portee
0,352.31212024350384,446.77695555826324,85
3,374.20878178643176,365.74100436352285,85
12,297.22453211255356,497.9612064617678,85
