id,x,y,portee
1,168.35251539305563,260.05492312648744,85
2,238.27737826202306,226.28394133522283,85
6,165.11039226793184,229.6894624404664,85
10,127.16020527590177,258.38387680865117,85
16,120.08379451386291,237.27012627321525,85
20,168.5238528566279,220.10661854788378,85
15,94.9167157537113,182.92019155777456,85
19,142.44879707275814,157.03927350121165,85
