id,x,y,portee
0,400.12560655303594,117.553357174417,85
10,379.3659969627258,155.81173467244548,85
14,425.2122681479116,88.08891518048284,85
43,374.8565990770325,58.39572944258803,85
49,400.03226404128367,127.08566493486256,85
35,322.1880291323321,174.08479468324052,85
41,324.1253217534015,190.34685470780133,85
47,296.65599430974856,146.9959948166576,85
30,432.9649281573145,35.851648991714,85
13,471.20553040742493,169.86663549622438,85
28,280.2934419668471,172.00961051112313,85
15,220.511426724811,150.4909291113588,85
18,214.7149803310613,128.5695730861004,85
8,480.73295973439787,219.57369854579633,85
9,452.85344008498697,202.51579726099516,85
32,191.78448682941462,224.84326003046795,85
36,176.97483398869701,114.40754396265524,85
39,170.66921805404678,164.77654901469617,85
50,193.90748545578768,200.50245783442966,85
1,151.07970122317093,207.56094919315643,85
4,129.1884598723349,191.87328086124361,85
7,135.81298743687842,274.92533039861195,85
27,217.82460074545028,278.98209906018576,85
37,129.80431991384788,210.35759344766808,85
44,129.86134570724022,186.7489877490539,85
21,63.49353856378387,224.83977148641665,85
52,60.71107230950412,154.86923410999316,85
11,65.07921082499635,303.8918045255889,85
16,138.83280993919178,313.62789430429376,85
24,56.137842600087254,137.91178416659733,85
31,18.4218279344166,343.1110218164309,85
12,156.57405498509846,392.0538481322229,85
3,30.358651543686165,71.09603566180472,85
17,208.16089106984464,444.674650693683,85
26,177.83312393719476,403.448627234691,85
42,163.3999178388888,433.16537784479857,85
33,95.39685270123755,40.15511134042244,85
46,104.4400229212974,47.79447178428142,85
2,250.27891962726767,428.24366411743824,85
23,275.8431350049325,348.9803192181607,85
29,309.18672070926084,448.61578422207214,85
51,300.94840250190884,404.3996090284413,85
40,302.5284429374181,297.5118152356103,85
45,317.01185726433806,370.4982172554234,85
48,339.63921994685774,458.19698121619655,85
22,364.0010528808888,350.24876930344095,85
5,384.0363763872849,495.6568071803444,85
20,434.67997358652786,317.19015747833254,85
34,404.9781864814535,367.45729135028387,85
38,406.9551481276912,365.68583255841395,85
6,487.18765641013925,338.3377106422346,85
19,464.2839290409949,399.55749935453036,85
