id,x,y,portee
0,499.4937041884304,118.41609590285235,85
8,453.2551748989084,82.87462563391173,85
