id,x,y,portee
1,472.6696495311825,143.47476389623316,85
22,404.9147601226378,102.74075540314686,85
24,430.43021383326715,169.94943077019192,85
25,456.1769137794134,115.65961692636634,85
31,479.3060361446565,115.43316096017958,85
5,416.3601417704595,69.52295167012295,85
27,437.59383476519696,52.109069501171945,85
29,383.6169937460799,100.77137650862511,85
33,338.31141793615376,88.44064725277528,85
42,342.2335330134027,68.77343359276561,85
63,352.71987396088525,93.61235946479663,85
12,388.2527746979635,236.72642560121292,85
28,378.787942065372,220.11706678097966,85
48,347.5781708438978,34.9453654777353,85
66,422.9821698310601,12.685815352976192,85
4,293.3458936892292,56.812533127826136,85
53,293.76277270838017,20.286676009509065,85
59,267.08467416314465,93.54488290416235,85
41,338.2011930049844,221.47627925360402,85
14,251.3848431945413,128.24401751247206,85
19,225.043862013021,93.54587196892811,85
46,244.66726044404808,92.74087296587136,85
57,258.8800261204532,35.58643492089375,85
18,286.58278537358365,217.96270387833684,85
43,255.9024034469019,222.67864663639008,85
54,269.80325400450096,228.53291200175946,85
23,152.84294625884937,111.06512383455936,85
26,184.3507752396477,40.56766238156428,85
61,185.8553669715503,63.62854394204659,85
44,253.05720605900635,284.52225336332623,85
34,215.6788102176701,281.10906978449924,85
21,144.6057826203229,62.61688133059573,85
3,66.7379645380799,95.43390416312342,85
11,82.58408816177514,19.656292319320922,85
36,91.28443005617137,50.291464405530895,85
13,48.86059529580711,33.71313846484109,85
37,59.98819919758319,77.02397637179898,85
40,60.845655735283444,163.81030208113583,85
55,8.927114919978719,151.91425125398817,85
62,59.08176641194085,44.89140384637691,85
