id,x,y,portee
0,87.4615403518732,33.62071999419774,85
11,112.98603867056156,55.44540205345039,85
2,188.24451611773162,55.1483181674885,85
16,123.48341935932744,116.49323945588496,85
17,191.06733875257302,95.86869989446056,85
