id,x,y,portee
2,360.295883973283,101.9366071122576,85
6,426.513809797871,65.7279099040185,85
14,326.4838877149748,151.37738438421073,85
21,341.60848376033147,232.41513846923633,85
4,357.9323168179333,248.07365270002362,85
18,347.7566380406304,301.453326382413,85
19,405.60039922382526,202.62931405021666,85
