id,x,y,portee
0,334.89565853141045,230.63459978193146,85
16,326.2448672861379,207.52316429964262,85
14,397.1821431379304,172.0775599971428,85
