id,x,y,portee
0,297.6054069369407,382.3865821356138,85
6,253.71296774384643,419.3326134404017,85
5,208.23565418316036,432.8548690794781,85
