id,x,y,portee
0,284.6422659121157,154.25788463949587,85
2,251.42917438710705,95.3713311833469,85
3,309.5374171198948,73.85329042974936,85
9,254.3492906345196,220.81704363865856,85
11,324.16087409189083,106.74502454888835,85
14,330.0324093751835,168.77923419081586,85
17,302.1907685590507,136.38119866392572,85
50,291.5865582238496,77.206802545908,85
53,303.8855642759147,227.88115152660666,85
59,210.30840950533798,127.8690264226831,85
1,274.132036322735,55.5652421647636,85
5,202.4337071971361,106.82539954535692,85
12,205.3447959151845,107.01274068864564,85
43,189.97269083939722,118.81706751960364,85
47,193.5818032129994,108.63996494072781,85
55,203.05157418772728,226.73454609894267,85
48,383.43553549827305,129.72237776712754,85
35,365.40048773725783,264.80880860878074,85
36,118.02859421692075,137.6580550448292,85
22,121.92474298363015,208.9645608730703,85
31,172.0345207801831,284.52344593007416,85
20,432.9432590157808,174.0428026546367,85
27,444.6099685661882,177.51052829360015,85
28,446.3262618437124,183.17664849988267,85
42,437.42338522037596,66.08438582567594,85
18,430.2431058745325,238.87797805948657,85
34,404.39720416879453,249.01270430764362,85
38,416.51050715048837,235.26910515041476,85
7,92.16832508309552,79.28323854479424,85
15,62.01852992000478,251.58391865698744,85
21,82.89560840787891,249.81103194966892,85
26,64.45165159922544,212.69207974781085,85
8,211.16439551650774,317.05823714484194,85
25,233.52062412256618,331.12543856087393,85
45,166.30562127235143,331.4805298533938,85
49,455.1016605424387,227.79761506910657,85
39,469.23092419355345,279.5624531482649,85
57,495.52013106542,254.12317253595762,85
44,102.7700543805558,26.918769390395724,85
54,72.07342761937873,50.801891255015605,85
16,166.14716376339888,384.3762061061349,85
58,202.0052095509267,364.7086056012805,85
56,115.89327341559802,376.4743316443415,85
23,16.883966977459696,21.88670925608216,85
6,110.79156107500864,439.4691453941994,85
24,43.565189213690346,362.6726477212794,85
13,69.03757097669849,462.6961092569164,85
37,65.1077712492606,471.83498451369417,85
60,18.063463433035388,382.7308640802099,85
29,9.543572582142613,463.5853751090377,85
52,27.00853706498202,454.6198233257083,85
