id,x,y,portee
1,473.07982553598447,293.9506345110257,85
14,397.9000196879388,309.6619969072344,85
15,487.3009274018256,260.14843452586325,85
28,412.12113552263673,273.3409000581226,85
5,376.62295750307584,390.7876463694019,85
13,413.23205666548057,224.6118330053286,85
20,385.1683724335359,206.4910276110936,85
12,372.26886046351973,195.4017010145191,85
25,412.4076005056808,150.83812197927287,85
