id,x,y,portee
4,83.657652644342,440.8420603346452,85
9,60.170551650057966,369.13027126321333,85
12,155.1815991865866,479.9965217364978,85
14,102.42134168258049,345.73544519782143,85
27,45.20266157887565,292.2978058100413,85
13,104.91967728518591,243.66712120482305,85
18,56.84546412873337,213.44043686080937,85
19,68.7059413332462,178.53719686906666,85
21,142.67936386695862,233.76713952334626,85
8,141.8061760055191,156.68896244785086,85
24,85.70199790237648,117.94563800888398,85
17,88.31931051281889,45.7517766454516,85
22,47.56338920560793,8.592785749585053,85
