id,x,y,portee
2,117.25058121218696,233.83004380301352,85
8,113.34249834153503,197.97150394419384,85
16,53.105648050495056,185.24619939944193,85
15,40.20039299568734,110.57823795827926,85
13,81.42839651864826,83.79147742574744,85
6,124.86222175530126,64.71099261514007,85
10,145.80642478550087,98.69433780992321,85
