id,x,y,portee
0,98.00444675603859,264.2957908333478,85
4,24.44633179169631,242.75300551530154,85
9,91.78860627308272,236.33731609186842,85
15,138.1892094650601,295.43927870733137,85
