id,x,y,portee
1,258.6406238920897,311.45135217633003,85
2,333.6120323960458,289.09631471940935,85
17,396.0714828276252,325.35165221544895,85
10,429.61925926535815,254.2136123713743,85
12,423.3860414153214,253.77412998446135,85
21,397.68534293044763,397.6070452542025,85
23,382.02885491799805,387.0722712402131,85
22,442.79047546749155,398.22513217324655,85
