id,x,y,portee
0,469.00663420262083,229.17037439663858,85
16,461.62964747130843,272.5157893036325,85
32,401.6973630828134,187.97860764455098,85
38,478.28890483072445,195.12829903060174,85
5,433.5300858370934,328.58504484887055,85
11,352.97214436087,157.3252388976269,85
19,346.233102189616,239.53140758664549,85
43,327.58647602299686,219.63642262478578,85
47,451.43635639614314,133.68460004680927,85
8,406.945362951179,362.2659408417367,85
27,414.6509804427741,395.0886669601397,85
45,476.2566613771866,373.46978450447966,85
1,309.61720389509065,235.68454992589105,85
7,321.24523652390087,273.52498957011704,85
9,283.38127419738385,220.0365591264772,85
41,453.1852837737766,94.67910101257738,85
53,483.26648641502436,104.16107871277686,85
4,384.0132104230987,431.04126145337295,85
20,350.09120005464916,445.3590460768326,85
28,482.19240366783544,427.34285149042324,85
13,246.37093557522877,283.64064244910236,85
40,295.394972506223,339.8958768016185,85
3,476.23006682147934,45.183123991519416,85
30,469.2443918999124,32.690372626138554,85
12,324.54882462706865,487.4793662899674,85
24,324.01304951220385,432.4135566872913,85
25,415.47161489456784,494.2850904581786,85
6,481.4024260948997,488.34820609329216,85
21,495.7058441911863,3.9445240933462244,85
