id,x,y,portee
7,437.71370764554797,425.0095634767551,85
11,400.45161605736655,471.3625189130059,85
13,495.98982750494355,386.2946017259503,85
