id,x,y,portee
0,295.79403977709944,467.0003591691483,85
35,345.9989729084986,407.31148283558343,85
45,359.0276676806727,414.31035670404935,85
10,393.5045224240259,365.4463814169003,85
51,437.5237216725719,414.0448844596156,85
30,453.64595823032255,361.33918741096903,85
31,476.67176110665383,368.5221303428724,85
41,386.67126423899754,317.97938510653586,85
46,409.2433745527088,312.60815907981424,85
29,439.6297853711776,475.4585649322484,85
8,324.1641413960929,314.45432372412273,85
38,351.9196170148893,263.8387560467751,85
1,284.19930240526077,247.06618431380417,85
19,280.92653913146034,263.7386506067963,85
14,373.4340262858793,210.23754605786948,85
34,373.39926079710426,209.07795440702947,85
53,218.96365242190535,273.81732427490414,85
55,234.12530523995045,258.13155532681014,85
23,419.4212534473188,183.5503796758594,85
28,364.6475633189169,139.82446577317666,85
47,233.19249963825723,178.68319103751756,85
2,482.10374947184226,203.8133920533014,85
54,479.4105437908726,125.16647895948019,85
16,343.03217476188496,125.28445924827852,85
22,371.0516040643022,85.55619988102741,85
24,361.4788935072229,58.84297852682474,85
27,334.41239099191245,120.11711243145612,85
21,475.85920476037944,259.1032013320285,85
20,439.55420297846746,83.61821546597304,85
33,461.76181055816875,82.91737531584576,85
44,369.33455140594054,52.44568511196251,85
49,426.60318981891385,19.156738557454922,85
32,265.8884033680864,79.06293030218187,85
40,490.88033014116957,29.831083163400496,85
48,443.4848934389727,31.61196825597068,85
43,258.95526948569636,46.15138084870629,85
