id,x,y,portee
1,447.22957071773277,171.631213630481,85
7,442.5905660604173,168.93736203968112,85
11,396.3197159999274,236.1236553440874,85
12,434.82798150110426,249.6271954985127,85
