id,x,y,portee
3,42.8966896525742,320.7998557300047,85
8,87.76202335756538,297.27858023714623,85
10,97.1086262171153,277.41697771049223,85
19,84.26109189207848,369.17268510660693,85
11,116.9455979569713,430.8357446562468,85
