id,x,y,portee
0,203.1670877187251,89.33696347647529,85
2,157.11179272119563,121.58377333520353,85
15,262.5807040677889,32.48210801689727,85
10,345.81606092947794,42.56905757620855,85
4,409.81762416093727,69.62878723612775,85
6,440.39599469210845,93.24133730753248,85
11,425.85026222072986,135.28587598096507,85
