id,x,y,portee
0,355.2100314228346,117.15551893346887,85
3,422.19758524036035,135.06860610309496,85
6,366.94865153254824,59.81942923167721,85
12,437.4593802118041,66.74347389721707,85
2,411.0407696200978,26.515898571227215,85
