id,x,y,portee
0,82.2424612499072,260.62529491388574,85
3,101.01180488145772,230.8783983845506,85
6,30.887121251433,299.8012864601346,85
19,61.70823944662385,226.82048379397668,85
2,77.49053168817954,356.1404447868441,85
24,53.46572448132797,366.84577473176563,85
7,86.19713926810846,388.16884890762043,85
