id,x,y,portee
1,277.8942372357344,308.8255041871537,85
24,333.33441859760666,338.61365672079353,85
4,373.97610632183085,312.4466369336426,85
16,382.04594208273437,334.31290863745534,85
22,352.6381729136055,373.633373710456,85
2,298.5787603337142,435.00444159427315,85
17,291.1714066103439,428.02925721170675,85
