id,x,y,portee
3,257.0603328541227,190.0426304304384,85
20,312.905866453099,147.2845739548765,85
23,326.1115155374391,212.45979688613414,85
25,252.01028169410017,253.60719053858577,85
10,336.9050420261423,99.52502635559019,85
22,365.8503035331264,200.96523437031348,85
4,393.3092917499989,225.6613274577372,85
11,281.7023633321488,57.471063188716585,85
18,426.64244829398933,242.09584439530323,85
15,353.70993275180274,297.9846603872069,85
16,391.1370593243372,304.34652758285216,85
26,262.26594707827616,7.692024244070172,85
7,296.93518442162076,343.3470762531955,85
5,280.55544818896345,409.3077767191413,85
