id,x,y,portee
1,363.0713355709074,454.7937180427608,85
6,375.7419275183927,448.8557678023869,85
24,380.45371102700864,402.0703970486819,85
8,370.1313637413868,360.10864139466844,85
5,383.7736833589935,293.1380744471453,85
7,363.7601741327472,284.4994311533974,85
9,323.9023634631414,269.6266438107987,85
10,318.18408326846827,271.0786798543432,85
23,385.54423006431676,274.9446356679294,85
