id,x,y,portee
0,331.40074692979624,422.3614838791155,85
13,322.62034837763804,492.0246621608918,85
47,289.82698779534763,414.7676529988571,85
49,380.5359743815119,381.4410556599861,85
28,234.01870942828307,444.44722869956075,85
46,248.70053874642707,392.73399135767227,85
48,248.44038655646074,362.3858088178715,85
15,423.53283006568057,453.27587317326294,85
31,405.1594859462648,368.26559101336187,85
52,441.5036224603643,393.23705164788504,85
50,157.85330387546503,460.09184719328135,85
37,181.57597233328033,358.7943869351083,85
8,411.8910951574367,473.6097212018802,85
10,458.7162846954793,426.44908688842986,85
44,482.7259940099938,457.6741749638874,85
40,489.78940805141787,381.1668331344531,85
42,498.08559022705924,401.202802125774,85
21,157.08914507008964,351.8819753261974,85
29,167.26560366031455,337.1714226590649,85
32,82.55273984452272,377.8423089548754,85
54,88.48346442850912,303.31281010679646,85
4,58.89520585596153,458.55646600646674,85
35,9.78377138274167,365.6727407833782,85
39,49.9478118713722,331.67308170778114,85
23,54.73370227464708,275.47573449890956,85
27,40.59325752569543,279.83331439583884,85
26,2.217687908219468,316.76049676292143,85
51,3.7784645292582297,248.75366459407132,85
38,8.503123164484927,203.89221009135827,85
19,37.03786423605832,145.81000983225178,85
25,37.28300199888801,61.72905878546514,85
43,108.02804580669401,171.14421692132896,85
12,54.256657758744275,4.053858583810022,85
41,3.657115571996161,15.448142548097065,85
45,54.50376530172535,20.448000239049136,85
1,136.59124497999687,162.0975546622504,85
5,141.42344155146318,165.9468164385516,85
22,150.85343511748061,204.3481412980706,85
34,170.27387593350684,245.31666658308697,85
