id,x,y,portee
0,70.22926678137098,260.5179273328575,85
9,96.3573627838974,253.06501236945795,85
14,121.06162156802219,194.80212285990245,85
21,40.994998872157126,328.75910052026484,85
17,98.96386787191447,115.34363342825493,85
34,101.08143436379929,165.67547298744674,85
39,191.3471464495626,193.24437536156103,85
23,61.9776220049808,402.8401592587402,85
25,68.74942124441502,368.61969960945476,85
16,24.12182319793005,165.36299443667912,85
12,196.78564497675333,250.4967507279385,85
26,212.24574278950163,235.30542607823855,85
36,231.97104702762522,180.77009743228245,85
27,111.67082420570057,414.3622502239808,85
4,197.90411516115643,315.31259685734375,85
6,234.61294710400392,286.4819823697259,85
29,239.30881269930003,285.5296093339728,85
38,262.4099194582335,258.24817420463796,85
28,231.71061125883213,115.04184624085151,85
10,175.41240300973448,410.07742707780767,85
33,190.36928145956006,389.8139454348856,85
5,204.44104120244637,44.0199589317779,85
37,292.79892433331,67.87287754528492,85
19,324.56698400318277,1.0780153877475995,85
24,365.7925533680527,100.05859142396595,85
7,382.61142320782875,30.810985305320727,85
22,437.07476814195707,11.448961010247727,85
