id,x,y,portee
7,124.42430602710574,417.89005526023897,85
8,117.78919063331078,460.2849777491551,85
20,42.909591304827856,418.9893092270861,85
21,150.99479911361584,341.93646765501364,85
17,16.986453645491007,407.58958730355164,85
10,176.69559657322205,299.2367937748234,85
