id,x,y,portee
0,396.2198485403339,165.0859716636913,85
2,398.17814369575797,183.3500972027545,85
6,418.4238493157057,173.58056493736885,85
13,371.3201040652275,218.06659930569083,85
21,444.01869337655575,106.0805608230867,85
29,432.7212739732882,99.12813609564402,85
36,340.40096768282694,125.16130916546325,85
49,350.65751885317644,96.5968785918695,85
51,452.2041893598217,103.81779028978843,85
3,449.8118998315892,232.30359346697583,85
27,448.50025028527676,28.468590963728392,85
34,495.1307158412315,46.64971215702229,85
50,468.9057301692175,30.639038137931173,85
53,420.9404809230056,58.60884617510453,85
24,265.8782024022153,128.91585677539723,85
12,279.62589361546594,57.92730937505275,85
26,474.1483848082928,22.262912464746655,85
52,444.4655891078516,312.92550686809386,85
47,409.3748959331313,16.32008252100059,85
5,216.71643164807614,117.46255704876395,85
9,285.77228739216275,10.926496523803731,85
1,373.00972898270766,330.19945917202483,85
25,154.6622330672351,171.91772653361838,85
33,118.0459562090712,176.25706452957368,85
39,88.05779723790586,199.1779252281784,85
41,172.25167847228866,189.92809906748863,85
42,89.81840894293374,196.762380906175,85
38,112.0401793832978,252.96394241624216,85
10,27.258481495199717,236.7433710715756,85
16,42.99520184274458,258.6086686015548,85
22,60.804659971079644,251.96393221628549,85
20,150.12653694272637,259.6190387874243,85
31,184.30822430335203,295.2081178558758,85
11,246.36300111710668,275.50419924427337,85
23,257.24226413638905,256.9365639085643,85
32,206.39351515045078,345.8100912398063,85
44,235.73721700714339,335.4361508843728,85
8,249.97711454341825,349.2655293042177,85
48,285.30476114154357,281.90854170517343,85
