id,x,y,portee
0,185.29738296904458,333.21794358346654,85
2,224.34539065705923,338.2375443713522,85
4,116.1500429819185,292.0990457885988,85
18,230.99879936037232,264.61462009773714,85
20,228.35762911878177,356.4849649823052,85
22,111.88057956859349,366.9060525081406,85
27,150.1544446576425,315.3326751563139,85
29,190.8441137682118,400.4034589625604,85
34,177.87302622596147,376.4239717940081,85
42,257.6436822936024,352.60131045557364,85
45,214.0844032310573,383.2908693507483,85
28,240.43580758354798,415.31848773393745,85
14,33.2473726627297,296.9348775438253,85
26,110.12108115366304,280.76168176620826,85
38,60.76143297387782,274.63475079532395,85
47,186.04741499678457,224.75243676374092,85
24,39.187394596598594,407.2279059919594,85
52,176.95020043837485,463.6020911510942,85
1,310.0018040965453,406.70083923797307,85
5,269.606639236852,463.433209166736,85
11,280.8989285599981,485.83659762013764,85
16,64.89060270300439,455.51727477713115,85
25,28.17335808065363,394.51593867163774,85
50,50.67058394515777,457.3603369993348,85
3,124.16045948526511,466.18527198757323,85
31,365.5990257399894,388.3418075796616,85
33,350.18560910668106,419.2637800376638,85
36,382.43986227391997,368.428983689651,85
19,392.1933434017204,338.4599222730857,85
37,447.3911759842376,379.8293970138675,85
12,401.02861262388757,298.9382067865022,85
8,446.19515442219364,303.2008518530563,85
