id,x,y,portee
0,117.92626287977603,427.91575566000444,85
9,70.47434767214789,408.3953803824494,85
10,82.40143763094837,401.1008109913644,85
5,27.095284637458803,460.68232277386903,85
8,26.374740514372775,436.3741817357982,85
