id,x,y,portee
0,412.2152358387357,408.4649847922225,85
8,462.76274406269334,411.7189438902029,85
9,392.4617773089497,409.25055759453187,85
3,452.4415349771472,490.1471973580049,85
