id,x,y,portee
0,224.06635598315532,209.3379282901998,85
4,226.9670821664375,147.3940504716182,85
5,227.12553605583346,166.90177327702887,85
