id,x,y,portee
1,284.109173049042,38.54932254009291,85
25,230.9064061306333,11.149212687041942,85
34,314.1307315783074,6.2951516825758835,85
41,271.353864168563,84.42944942610924,85
49,301.9806499638339,60.537388660079294,85
51,352.1348694804433,38.42903108255846,85
39,188.10618319016976,21.81503301335669,85
52,198.4817945041701,9.707062241664676,85
40,277.27137218860287,164.79986446780796,85
9,361.51301496138166,104.43413286156367,85
17,124.25918472263103,70.84486932022743,85
42,173.94295453962832,80.91350529418028,85
5,305.6137214799809,178.17059741548957,85
45,208.38618219749543,175.8632237874032,85
47,423.2780540799461,115.38348119265696,85
50,422.81768221569723,151.7592216408884,85
12,146.98007954750526,149.26279054826725,85
16,125.30921129640066,110.36014946394928,85
15,183.19227645572673,213.84660529921513,85
43,183.33639558278304,238.67369376194557,85
28,432.6801490343805,160.45878090338178,85
4,89.98150135909367,155.54211944588963,85
31,483.37242748411586,226.83749928501834,85
2,54.312074484836934,196.27406719073687,85
18,60.22658814971099,215.9349005585543,85
37,10.830545087343769,139.6628038618446,85
44,9.448168020635917,153.1434598850796,85
53,469.16828092941205,278.9007615119612,85
24,96.41509682914278,268.5840086780961,85
46,421.8534740535863,297.56263306888235,85
14,99.55083680626214,326.5234204983376,85
20,123.02186141007098,311.791572792894,85
21,160.72286821969263,363.71287609782627,85
33,39.36045786654735,361.4279420163045,85
10,228.34589073263396,387.1288866171259,85
23,179.19811369038123,432.37069758754427,85
8,20.884466020214433,440.98144767226466,85
13,5.919738839834099,338.50624513614025,85
38,32.88508962296266,391.02351052439957,85
7,243.09948824155202,456.5609102734073,85
19,291.3505559995739,330.34244334494724,85
26,128.5789654810529,463.948807415164,85
27,114.53228188385789,440.21640761347567,85
30,207.04107297713043,489.3241216073009,85
3,2.8024534644012222,445.37539063954614,85
32,321.82058248635906,428.9426118688945,85
48,284.15278579311246,313.8724487594167,85
11,371.4170037892897,425.25258008882054,85
29,334.9083209325798,480.05711505021975,85
35,328.6320296139562,421.6110439502454,85
36,368.70588629429614,380.9327407151112,85
6,395.994546876187,474.10619658479067,85
