id,x,y,portee
0,58.94179623911355,421.5930861537075,85
11,80.54743600097119,392.28974084318844,85
12,39.476736551599444,410.34350670646205,85
7,51.995689919017096,336.47602555510554,85
10,26.748464624906156,328.7650410727979,85
3,34.323336196470876,299.2096545303352,85
24,96.39846027274312,287.33490778057757,85
28,28.36579418008539,279.79046514757164,85
31,21.54853648018046,289.3699167825849,85
5,139.82586553460226,239.87297170831172,85
33,121.95741561751473,262.73272653462885,85
16,139.514213187014,188.64424978398574,85
30,215.79080996818678,241.05759914883,85
2,120.23497989541254,156.6447951633228,85
4,162.46050728839322,108.99390135025672,85
8,129.03930530181512,33.82103318346491,85
19,186.18203713056747,2.448816561823386,85
37,89.89760673005625,27.172310058255043,85
41,38.41887393019455,17.727588597521326,85
27,8.56904532209285,83.67950892229136,85
