id,x,y,portee
7,121.32661844243475,46.10590682148008,85
12,77.08558044740515,10.810483854876708,85
17,119.43003003841623,62.93573348737208,85
