id,x,y,portee
1,274.893937349382,178.5576144491773,85
9,252.62282264610565,214.49103024752603,85
15,347.0183181733882,220.24668142696885,85
7,345.3796564169903,266.8906551830998,85
