id,x,y,portee
0,347.6210070115347,336.8411199097862,85
27,296.1012289284926,317.4545613098905,85
10,242.07938724931526,365.9608550604674,85
14,255.15248987950685,343.5648982938705,85
25,270.5396571468745,377.5720783838506,85
35,237.7301919384958,279.0239744345041,85
13,232.73309999464698,421.99552024663984,85
20,275.30188291908047,424.58503605696524,85
38,181.32205963131642,327.1520487679058,85
48,202.4593606258242,209.62842099257068,85
49,221.76645058307963,217.40306928046232,85
45,329.64119642284567,458.26138100296157,85
1,122.29760188394262,359.5926212839968,85
43,130.96771293770314,327.009832970023,85
23,199.58765845243315,179.82637605322245,85
33,131.7829996876016,228.16876104897864,85
42,406.54110041764784,445.2782494512309,85
5,91.74754315851746,417.3446518670515,85
28,78.58230144872508,399.9678152984763,85
17,82.47254631017437,260.32432739410376,85
30,219.37075889376084,104.08203726640453,85
32,249.01706416392295,112.64021634018594,85
46,126.79316315285372,136.17023619257057,85
9,59.265166094418674,268.81771823716986,85
3,7.7384009259950375,406.72595694007396,85
6,33.63471495902137,414.4055828268368,85
47,24.824452300078793,435.87008520822616,85
31,13.675964232049642,381.8831407550021,85
11,20.143728748021505,269.68352657150905,85
34,31.216529437083864,282.6390272293002,85
39,44.63600440414678,223.6999777207765,85
36,290.0923021631339,72.71802257599464,85
44,155.21788213976296,52.228380352044354,85
21,82.89396198008653,133.89595326773062,85
37,75.40776573393704,127.73251173435452,85
19,22.264169468190932,149.16554383352192,85
26,344.57263963395775,60.57710455006554,85
8,382.1338906221874,60.134166480808105,85
7,434.80271755074597,106.28631426691103,85
12,449.5826221315166,78.96943394685069,85
16,464.557507293286,125.12218238716954,85
40,480.1197424653218,57.204011371698115,85
