id,x,y,portee
6,447.8424197724626,102.6777278956994,85
8,446.5946765306797,179.88212080733896,85
7,399.5156780207227,206.15798801153946,85
9,470.8037491934377,234.87724499219615,85
15,347.14189076785004,253.41937343871152,85
10,474.00908002779187,291.8644643061197,85
