id,x,y,portee
2,346.88385721201644,379.26911809774526,85
21,315.8997379763619,321.5040326807258,85
38,361.71157742391375,460.37971996457213,85
30,255.16571471942194,277.85574556928407,85
15,356.47819627745116,480.9473654568915,85
25,358.1833339685705,491.5027829963131,85
14,222.5202608508409,284.0446897279396,85
23,219.02261325983287,233.65712143969824,85
39,241.53273854048223,261.08334132988347,85
44,172.88216997800103,339.5935888508721,85
5,146.9584693773156,235.45576585790252,85
53,141.80282965462592,247.14975267637857,85
55,132.49344370930743,289.2840620546813,85
11,111.79508637212948,158.34445893233246,85
26,101.07227390196849,284.0549443562977,85
56,97.1794818526061,182.28028564528825,85
4,58.53301744694345,325.03347110009673,85
32,144.5803709014183,111.57725970934146,85
33,65.91713780018466,188.99932835526357,85
34,93.0016548804597,125.12292069408748,85
27,44.924785617437735,286.9450207397652,85
48,84.16025756458673,386.7996540327201,85
28,218.75570310862585,110.95203649465985,85
45,135.0964098131248,53.33146715588272,85
10,2.5787597178515975,217.08878237882172,85
47,9.465115038163718,186.31443981137642,85
9,50.02220570378591,438.8900753952466,85
40,23.105092004672866,424.43747438957786,85
49,21.064429004779562,410.7663858891581,85
8,198.10374596742042,35.68581309560137,85
35,272.9433078269392,127.87155780403408,85
52,86.95447361485049,0.663128869953622,85
24,7.415807612893399,119.7526240324297,85
6,217.76021092166863,12.025214681200325,85
42,1.8638228901378118,55.57888463799843,85
