id,x,y,portee
1,44.93803717838502,46.91200338924811,85
4,8.355103603817138,50.96686669034239,85
13,11.952958988296347,23.37709084345141,85
