id,x,y,portee
1,442.6355150742849,58.30229366624845,85
14,407.2345806578395,134.65171810839283,85
17,472.23632838940773,86.76074435595326,85
19,435.47430884941014,81.75501637531634,85
46,420.47103306043414,34.756929097331245,85
51,429.0619581037982,45.61582615453569,85
8,334.05857004329636,176.3841783396276,85
9,405.8688698710827,211.24240964439244,85
26,433.6587918958749,213.28230559523277,85
20,283.6373217775053,186.3515565138941,85
48,394.3400411219553,225.6233420758918,85
18,432.6149273985371,281.12805974931547,85
28,442.67165154481955,270.28111192148464,85
35,247.27178565826492,139.28101824793916,85
49,259.1380102607964,106.36613867708833,85
40,462.2835709567347,345.45267802625074,85
44,459.0853630483682,354.106037995974,85
12,243.95200905620666,94.2285205778578,85
15,219.99419943045768,110.31412300623155,85
23,307.9929056478377,91.57635540556048,85
29,232.91892202842695,94.35017968226389,85
4,314.8828602038985,55.070100077487304,85
5,222.13250480713415,32.382361501030296,85
34,199.1462608244078,58.882438339819764,85
45,276.6918293173062,29.860530895149452,85
47,496.60822743495453,407.3108651083641,85
32,180.85674613747898,32.943061276242524,85
36,133.82523463831026,41.00786246242782,85
25,94.75376048193662,86.19506608968874,85
53,84.18061712212,20.134850854809205,85
3,92.30917318013742,141.86872444330194,85
54,51.11396106355731,106.10291530529409,85
16,123.31569186220499,166.29970720237563,85
27,82.29645999074242,202.92620420451308,85
42,92.48895063098888,176.8277046306998,85
43,100.77551442395432,217.37928826451503,85
50,73.19552060731188,214.85202776207512,85
38,0.16078835608668296,55.87097439373928,85
33,90.20799457071071,244.41412428765736,85
11,73.11491156726142,237.09510205719852,85
21,85.59299615425608,302.6169239730143,85
37,21.79755697234642,339.7427736255597,85
