id,x,y,portee
0,389.8787342838186,112.79796382419316,85
2,342.2061953998257,63.847782432663976,85
6,416.9947770845716,175.55535313318805,85
23,329.37961650408135,97.16476632343735,85
25,369.6401638980539,92.71320111906233,85
5,301.7611156328982,106.47020891335757,85
28,300.58146311207366,54.32296293347044,85
10,454.45238768322037,181.83196648124283,85
16,401.74283226053063,249.99232161374513,85
19,396.6076679724418,245.27822472408795,85
35,497.68117872974204,178.29219842133926,85
12,317.973774029975,180.73286365311546,85
32,267.9387573630911,4.497714267609698,85
34,249.7217291316266,24.65198884460973,85
14,351.0847327309268,238.99281243280734,85
30,379.3422089098881,294.48066021471976,85
24,201.66415101934737,19.017870971938578,85
26,447.8132040795192,322.31493957517216,85
21,137.8212612480868,36.023857139664884,85
8,482.4303486333432,285.31841637938624,85
15,461.40134380907983,321.7438457038669,85
27,118.5181829113341,60.78065735438126,85
