id,x,y,portee
0,449.47412524855685,31.973787472606595,85
14,385.5686940133609,66.35954924450682,85
1,354.97042109877606,105.14442475789888,85
22,340.0536731406636,53.874611932127,85
25,341.7655646269188,129.07391273995316,85
30,351.12003514335794,119.43299623159709,85
41,341.78937759808724,17.823560532958137,85
15,319.003286383007,128.93342432200134,85
16,396.67749991898694,185.60858661935748,85
3,262.7896768108581,169.45278378779238,85
19,354.21670161014544,247.90934075521363,85
23,429.4099186355462,185.43718956528116,85
33,434.5867236266851,137.2603812112912,85
39,334.9733088650609,234.65472072880212,85
8,195.37145606772881,185.9672465960693,85
10,239.96145365472253,173.328071272687,85
27,238.5436554043921,231.54779155021305,85
40,290.583483908679,238.12972602494543,85
31,397.34582769067157,288.0943902773719,85
4,492.0880414629951,163.95477112728003,85
