id,x,y,portee
0,243.96011385777888,138.62357233547706,85
26,255.10945660609858,209.958094246668,85
30,243.31211055530179,262.6077075061763,85
10,193.80786826144336,300.1517631073936,85
13,293.0151148203485,311.54469680110014,85
15,188.28220438268824,297.8258365986824,85
21,171.9532466107685,270.73738030551937,85
25,216.26217244808817,320.4890134702688,85
28,195.5620431099705,373.9942511182102,85
23,313.45099093589965,329.7173081116694,85
8,332.24246159802766,409.36342428930607,85
14,282.9386637385767,473.32385243308676,85
19,337.0747322282408,473.58437580206805,85
22,379.77041784367407,471.0580579555339,85
1,343.5055881266248,494.43896261816633,85
20,423.3189683061735,475.5040623166566,85
