id,x,y,portee
0,471.0663607583681,198.0650038773324,85
7,399.41644816869467,175.2817892526147,85
10,472.1290645956715,223.90509908082763,85
1,377.89540232359815,151.8348878480268,85
17,349.0914493886471,200.05072466241265,85
26,447.5348003007885,110.01156436007797,85
15,293.9145225593895,158.94330982448662,85
18,416.62274162393027,31.4691442215157,85
27,352.9861890297934,25.28581430940413,85
28,403.32495704676455,0.10761528826036537,85
