id,x,y,portee
3,456.2291255149529,7.502326452536234,85
5,432.19859971445754,21.866292295583733,85
17,389.1905117666406,25.107054179491218,85
