id,x,y,portee
0,121.67444873885164,186.2373866444305,85
3,147.47534234282566,240.2853789988984,85
10,208.68357300646008,184.89863379088283,85
13,242.40176688852443,111.81069678755185,85
8,244.88319171748807,100.83230252273839,85
