id,x,y,portee
0,112.62948454575195,383.2193591194088,85
2,90.13257471717934,302.8066321264126,85
6,157.61769820707283,331.1428648217482,85
7,117.0495180897621,419.3980373534222,85
12,67.20066328974805,403.86144653016856,85
16,101.88616211760515,422.3678914634823,85
1,14.446559352019495,462.29121150143095,85
21,16.223812891321188,377.83188345850266,85
