id,x,y,portee
1,448.7629590007217,358.9288048702506,85
7,463.7442307213059,299.7128837160446,85
