id,x,y,portee
2,85.89397146343313,143.69595789774863,85
7,67.79038232651413,205.74570623222465,85
30,91.23902252831539,82.696575714919,85
33,163.14778813904317,144.12419575812018,85
36,9.206264316531598,137.02854235792682,85
42,20.475263926801546,194.45217549132965,85
20,128.312797680181,17.26318968434326,85
39,145.90923845223114,40.07501475859837,85
23,159.87672767259676,217.83071039066337,85
28,197.38953528127385,41.12510378684819,85
13,204.12626657090306,238.55773102657363,85
5,237.85872963316572,14.642874823302677,85
17,264.9444383161238,81.84721106982661,85
41,262.0257294683337,18.49672959520998,85
27,252.59491810900641,205.0784476007165,85
8,343.6642094071646,53.03753636073161,85
9,300.5061059871431,87.30058644298578,85
4,407.61635602877107,49.420576185614074,85
6,362.0502680855762,117.48758139539368,85
15,377.3899721175545,42.09251608001996,85
40,433.66132398208794,93.59771096174208,85
11,411.4993400123051,136.63878689948578,85
12,405.59855039403277,184.78410112320665,85
43,396.2548206451114,191.7674761708084,85
16,491.4951482042035,113.76940918592892,85
34,491.68091524109684,116.20287164406584,85
18,401.0236805288368,268.9385184580423,85
21,387.77329664124994,278.9659912983942,85
10,306.6531826012113,272.1772369558328,85
14,266.8259727012249,331.9178847942786,85
3,277.51488438935974,375.45206977224154,85
