id,x,y,portee
0,192.38760241979062,308.0347661502272,85
18,112.75968664227032,278.35152123013427,85
22,203.60095920598232,223.86997592009533,85
15,58.761612599528725,219.66216211511903,85
6,224.58810180734773,226.10347278998543,85
14,258.2353588952571,210.23368215464626,85
3,8.845728154299016,209.30123457692952,85
