id,x,y,portee
2,215.1859330634721,259.7210898957848,85
8,247.004023159624,313.7997360927257,85
16,231.8560488233587,237.3299436538512,85
32,242.37736049775043,233.33758231654429,85
51,238.31450483115773,263.8622208526346,85
61,258.1851063856328,186.92466087184633,85
63,257.1552710999442,197.40874659859654,85
9,278.11288413521,163.4556011401318,85
13,287.30008821721515,128.27970239796443,85
41,315.70516582509083,180.94530179354666,85
56,295.7633741001151,120.7865568714781,85
4,341.50784473216027,115.27838991652733,85
42,228.34433360192202,104.55804202348345,85
10,287.434095042101,55.77036836840599,85
46,245.61200320626563,79.56645493235031,85
31,271.8044136635995,40.80091153705445,85
34,375.40291001528317,119.92578697239725,85
27,380.0998767053021,48.35807860509617,85
53,372.12932712709255,73.3498746911298,85
57,379.67150558066885,81.15194287039762,85
37,153.37652459355743,98.97242734702544,85
39,169.3196391298426,115.90647051002217,85
43,277.43116023468724,36.20033269685274,85
21,279.38786357550333,26.285788406102796,85
18,129.07921540575558,95.4090127924856,85
26,75.87059610037377,117.89417495240484,85
62,91.91898318140358,138.9612584153943,85
12,59.81395685675955,158.4757288097005,85
15,19.903647233222966,150.50907854704286,85
3,17.1619166842068,184.44217000486844,85
