id,x,y,portee
0,196.9862584967736,204.60585387781666,85
7,267.8442354500672,217.50849543318978,85
8,186.40192382525606,181.2521382915828,85
10,165.63815915034652,277.5874721091144,85
22,186.5616781033202,274.22588517898066,85
26,235.49695568790057,129.9505475899389,85
3,311.08002779531944,246.8286237650093,85
38,255.78375798428272,287.0957139970882,85
14,196.22354534694392,342.1230974585666,85
16,168.49627945586786,290.95285069093416,85
21,210.44515220935918,327.8866256165526,85
18,208.46068859540074,80.41459609676221,85
35,248.8263160240069,56.81361786420608,85
4,366.71449203740406,217.6047871251412,85
1,166.80103078018809,33.736553236028364,85
2,267.4570641580879,37.37349453947159,85
37,258.8760448004444,38.3657589406422,85
25,386.5659823742475,293.40199989659334,85
9,346.25127080546787,19.519617744681305,85
15,334.64306635705844,349.99193483886165,85
39,466.319121373,310.03059053020564,85
13,425.2169072869394,17.090735014731518,85
19,384.2738728531659,13.483867535980298,85
11,356.78539749038777,419.22163783948923,85
17,314.40831776699684,413.7432118400649,85
6,398.28890284111384,479.698905287894,85
23,302.1457269092858,483.6149539230659,85
29,435.7962830366411,417.37918209778167,85
27,263.8037750872767,423.90782051230406,85
