id,x,y,portee
1,344.5197332042007,347.93088641900266,85
2,378.16170549912323,341.2801690068307,85
5,427.9031261163832,292.57322887620046,85
7,374.4596394493183,233.5428735277193,85
9,377.9626285239502,170.81191619797576,85
