id,x,y,portee
4,115.68376804211772,426.57931744361474,85
11,49.100200565437234,378.723413971735,85
18,40.48938884246211,461.36787374134826,85
12,8.052696650482638,357.60215782522283,85
16,79.11593408906836,336.91870725086386,85
5,41.76848014972051,280.8624222559651,85
9,29.24875470197491,291.9875350408557,85
20,71.10024790090847,293.22284989850573,85
23,19.2761543829591,248.51561906348667,85
7,64.73447590390712,193.38006983479056,85
