id,x,y,portee
2,114.86508295069197,74.91943940876783,85
10,86.25377438041454,5.3085233451093945,85
14,116.54297679175951,152.8941309166252,85
15,98.53693791909635,77.83712737400211,85
30,175.21571008938264,114.5099241995452,85
33,46.47320355271389,95.12746535416095,85
36,140.20835461995534,146.0260247533679,85
13,34.56185224199948,167.97498361840286,85
18,9.568628258999901,194.37227685838266,85
28,58.19172519512217,219.12113035665658,85
31,18.20669893190735,247.55179699991837,85
29,32.920360983497375,253.06553434791562,85
