id,x,y,portee
0,179.08850552854756,178.39398761836202,85
6,114.42944914518938,166.08340096910368,85
