id,x,y,portee
3,18.714929760368314,56.57515700538146,85
8,61.62350561361779,92.60671598846648,85
10,120.09497595833984,123.48660414535378,85
