id,x,y,portee
3,134.21054723141197,188.877488362236,85
6,56.80235995915245,212.66256886840185,85
8,38.68351032448214,131.59491057529854,85
