id,x,y,portee
0,373.2847791296138,280.95577331754265,85
10,296.9199133299755,300.0438717966548,85
12,261.86036437248646,298.09273888936826,85
