id,x,y,portee
1,108.61896240513025,252.7588948879088,85
2,137.90367072942828,240.8912316782613,85
5,114.08956560297173,273.3096231465157,85
8,77.29349499275901,295.15181310809515,85
11,74.93419988978111,351.86066324560494,85
12,85.41801583746117,410.38348973763516,85
16,107.08084305132365,391.1693552315255,85
