id,x,y,portee
3,224.752044744166,120.66045811491527,85
8,161.6310842433123,177.22222245062724,85
9,234.70911666660677,152.45367886988242,85
12,230.53998717931162,199.8370852246786,85
17,232.17415503476846,174.7002731981349,85
31,112.1454925733078,128.86647899986116,85
6,258.1473838699778,208.88767018745546,85
26,305.5311409883681,224.08697751597617,85
23,65.46692863644904,106.71572178563571,85
32,56.68993926513316,144.61112353060616,85
34,112.61851193124095,61.23580123088879,85
25,12.89327435813986,113.29468983861923,85
15,87.21176152942972,22.721233100473135,85
