id,x,y,portee
5,340.01001729970363,446.78870355698376,85
15,297.75186576339087,403.31148365082413,85
18,245.2769079404746,385.80830932356184,85
12,182.33067298121514,387.78148778602264,85
13,156.75392804473503,447.7828499768535,85
