id,x,y,portee
0,158.56468234219145,15.328683328766191,85
19,124.00140640596324,68.07218151207145,85
26,126.74761687383779,27.444795421592396,85
40,192.34704782062033,16.53374101711019,85
25,87.77128376690413,113.16966827686298,85
38,88.2793827393279,68.00551936312299,85
64,112.00029893676717,106.81120424609864,85
35,270.982043465163,6.216852919967264,85
53,250.3184050507525,10.169249459335006,85
27,59.657133611469625,135.34574725378707,85
28,122.52318584046945,174.0782519268308,85
68,30.266019334744986,161.67257339271856,85
83,78.6442102661849,197.4830180855019,85
20,147.95899466465846,173.36931888801925,85
50,71.6887335279674,214.1345271814056,85
46,154.2595509613417,226.52051153770674,85
67,125.96139948192558,222.0318339953431,85
70,170.45591997987486,174.2395760326083,85
1,58.68280358836564,274.4437846468625,85
49,72.57523654957,275.0615094741551,85
11,225.67032875569882,159.09337734040878,85
14,32.345394345579535,353.1693190841513,85
16,15.898433405704571,294.8783034267759,85
22,125.45151067458859,335.4532236286793,85
78,76.17234873233797,358.90162966430955,85
18,230.09033398000184,109.9894214565061,85
34,258.5941324230775,136.70096100929723,85
5,29.628920941545456,388.9718023001298,85
47,10.95208326457897,370.8547406713097,85
55,9.618130003454961,354.1847059240897,85
56,100.82734189129889,381.81835364379987,85
74,55.32020094221568,396.51777101018695,85
8,187.9586974398298,320.43628014700937,85
36,171.9505516685876,361.64578569158675,85
39,197.05764709469548,328.83745138324343,85
45,165.55263710083236,400.7822706747427,85
81,117.4162860231705,381.9609324327742,85
84,184.16625174310713,329.640163158562,85
60,68.69434783937118,438.75339734934283,85
33,186.19247230311137,406.5846644776379,85
54,146.87574430321354,480.23682843639233,85
62,108.44069559550556,485.7711841060361,85
42,268.62835481068265,417.03522407868815,85
82,157.6256775890261,489.944637275899,85
17,305.31372221415063,421.3567743834162,85
23,279.53320343455226,487.7478212726748,85
