id,x,y,portee
3,308.68513761877927,126.68079753000211,85
10,258.503989036324,167.14561691420576,85
28,226.19259774421107,134.99105406485074,85
34,286.23728558959067,142.0228328887948,85
39,313.56967721514974,49.34749710437514,85
54,248.17053034831443,71.12745795278452,85
57,290.24727334774747,51.30376882958287,85
58,357.9161270791504,141.57817282518502,85
12,234.08016783258535,214.95476045731826,85
61,218.00533914900066,123.29899764219616,85
5,188.22595283725795,118.0247951743269,85
36,191.08910428707492,72.94283847803123,85
60,172.1226158316607,125.54827821131781,85
27,299.519063270053,37.779683147412925,85
46,312.18515023276746,8.116939489756836,85
47,255.10957677111324,25.94590407269243,85
33,173.9499809416385,63.187550984858454,85
62,171.44138118815795,56.30100314101183,85
26,397.7658810430471,123.53240154959266,85
52,426.39580509038365,100.83764669504298,85
31,270.36733686395513,278.5247867838923,85
35,289.0952994750217,263.36126034646526,85
23,131.5338697089327,25.796019389643543,85
55,108.38369509870766,69.91560797668706,85
29,101.25421513496164,84.52988922597399,85
4,479.346140800476,55.04855089271915,85
16,484.99567445871077,96.19687705283015,85
59,437.46017358298565,45.32646881024982,85
22,253.94924273705587,348.7573314031503,85
24,62.02534763630546,49.82634527306962,85
8,55.071672401175775,74.3448205755155,85
32,20.202986102786646,108.25333228249696,85
9,486.7436047053882,168.70897990644767,85
38,249.968534449935,395.3122497688678,85
40,253.53703071800877,399.84214501842126,85
42,51.83582523378377,156.756187853763,85
19,465.19003896685734,181.03782928024214,85
37,96.70193807007799,170.63997375591467,85
