id,x,y,portee
1,118.91697760072812,232.26868847420428,85
7,108.6559425009056,298.7328712882106,85
16,65.89577443387812,277.7346634441331,85
8,133.99821425894675,316.958728932302,85
