id,x,y,portee
0,157.49836235760145,155.17038752314937,85
8,151.20223779856428,90.07810061461157,85
13,166.37019169369566,156.15518646417536,85
27,133.4817499049507,184.8029206950315,85
32,155.55262856513917,139.6223698739394,85
34,198.74949115965134,25.528823213219532,85
1,184.74050992674935,245.46886696020402,85
29,140.17725862139235,263.09161138835094,85
16,269.2081930234554,13.52165901337271,85
37,271.43177424555296,25.927242178219288,85
9,110.97817742138993,281.4249610454081,85
12,155.64410860866357,306.79465378434276,85
39,65.62458682070432,246.42735703463546,85
22,297.52999067092156,46.838458170484934,85
31,301.75263705262535,4.108022602766326,85
18,37.0474883946208,277.02548270248286,85
4,367.46496671098726,32.66473906818956,85
42,33.02976735655222,338.33287624471785,85
11,368.71161522381647,104.77480448056254,85
25,13.033865929338862,370.196916735104,85
7,376.37083293571817,124.5283992979569,85
40,331.04766603775477,143.7680802893388,85
21,270.0266533787825,172.88904899336382,85
