id,x,y,portee
2,442.43739590721555,197.5455294990859,85
6,474.4233286026003,128.34582764793512,85
7,465.5333821263065,257.9312284397345,85
9,405.4334535631567,175.2513718283045,85
13,464.4105540091499,135.75864938161274,85
16,397.35750553360634,216.64042133942812,85
20,398.8331709662542,182.23888095903956,85
12,457.78383805524237,53.801977251158426,85
