id,x,y,portee
1,78.23034268430129,156.24072441304705,85
10,99.83704181431469,127.9618089957778,85
4,108.77213248876555,72.36316947554938,85
18,137.3297107943593,56.63809818624582,85
8,82.33227368368034,43.951855968375256,85
20,27.57397387515681,55.26305807183201,85
