id,x,y,portee
0,212.08183500843276,38.42374030261597,85
10,194.0466832184071,33.62829091058161,85
13,198.7732763889542,83.4771849692713,85
3,135.55939411893013,90.8461297117692,85
11,274.0832606680163,106.97250502770478,85
8,72.37126582237624,84.00785994963317,85
9,82.38097823381784,96.00317071320296,85
14,104.757973425055,87.07144827629287,85
1,349.2356720496543,79.04746604133555,85
7,291.6548961878651,130.56707952239344,85
