id,x,y,portee
1,79.92176424035668,179.96323780884987,85
22,68.8626367664345,152.3864481706546,85
27,43.924124745121084,244.60185922853017,85
29,44.033928163875466,143.63092033971452,85
30,134.40896887901778,172.22085253761293,85
35,61.32290040545929,121.47261740129444,85
11,70.74219410197196,67.89123036073575,85
23,36.46766236223525,316.1740855421572,85
36,18.405966328891466,68.0484069059713,85
15,60.314026618899675,50.53708611109992,85
18,151.93104689635834,46.76787093726198,85
12,117.19658039994741,309.9928832134773,85
5,180.76895159308975,267.0180350365735,85
6,160.00733885789492,254.0858607300639,85
8,188.42328837094064,349.3159224160482,85
19,103.52607290047561,370.27015639959666,85
2,238.59735564888402,264.1390248839815,85
24,268.57549260913294,344.28436184052987,85
3,272.8348738256236,227.47338860047168,85
33,278.0316453365122,236.38890797302165,85
34,318.43991197883787,278.14930512478725,85
38,280.15766091334496,309.0924344947393,85
9,328.6694125388169,303.6588902396692,85
16,344.4312596639631,204.0438266279803,85
4,366.81909024213826,270.81474898672326,85
13,355.9747531072734,334.58809961035564,85
26,329.412711458843,126.19034286740072,85
25,438.40863939278387,240.89442307078173,85
21,354.3182218305987,104.51203679304444,85
20,455.1767137123265,163.89294930018545,85
32,459.17941703411844,202.0669430417295,85
7,439.34276610832103,81.78210119760709,85
17,482.758809062515,124.92504141216126,85
39,456.80136899947973,115.2126161471329,85
14,490.24883173719496,28.243964592486737,85
