id,x,y,portee
2,236.81860201899423,110.67114858601174,85
4,296.99326159385714,73.42067974052985,85
14,229.68004594261993,85.9629500403235,85
32,250.8723755350758,68.60902510501515,85
15,365.9525989221042,113.99244733551339,85
24,349.6472645323974,113.64313649884473,85
3,332.3960650185398,168.55139977502392,85
13,400.86884656664506,50.83106134774562,85
21,356.220868020016,179.113261658365,85
41,317.12732255582176,191.1610879597425,85
10,266.8145430652666,201.63244971323402,85
22,272.71643664777326,223.0522025518602,85
28,444.5233323816707,32.97406824888161,85
39,351.5854566905226,263.56089030806845,85
30,234.67684476568172,238.12731231373775,85
5,316.828170817053,293.44914735911414,85
