id,x,y,portee
1,92.78534742701284,152.78531192444566,85
2,120.14318312614614,232.01438922690502,85
4,120.98240772054115,173.54803543625707,85
5,26.70448822493976,140.29990425781924,85
6,85.71807382285745,174.32898444577967,85
