id,x,y,portee
0,411.65440065175596,126.13555405720905,85
6,402.7047891489249,92.94177332817371,85
8,350.5010258253226,32.47682934679541,85
