id,x,y,portee
1,251.685505817899,225.3382250952084,85
2,185.24876485712898,237.83081619114054,85
3,127.84086824873108,255.01616001898557,85
9,174.06824127388433,164.18557019543363,85
5,139.86679158318788,103.22651491602241,85
11,65.70532928315376,71.75573995143914,85
16,161.540902520539,39.876979425483405,85
