id,x,y,portee
0,411.7254154054811,145.72066729905643,85
9,460.91669166292354,143.2803266006842,85
12,403.189123100818,228.8203835630878,85
14,344.9120955657117,110.8910100732936,85
17,443.52860400206487,274.9278954917642,85
1,312.25245885677765,36.840482392955344,85
6,263.5613393617175,104.33389324513936,85
