id,x,y,portee
0,348.09792489474984,380.2970667936899,85
12,361.61252687597835,459.1365406474621,85
31,354.5522153534614,354.08368910848515,85
5,401.84448741768193,496.4666768300542,85
10,353.5714804807568,481.70152418097996,85
20,401.93651595780784,449.7142127054396,85
32,283.46447327893577,320.6067034443642,85
13,451.1467748230953,435.93008958108993,85
1,258.3759155533277,382.668739658834,85
14,246.05995936805897,340.44722503212256,85
15,218.83364234097746,375.7014029135172,85
