id,x,y,portee
0,85.20933404383024,328.6771278680801,85
2,97.4133924985689,304.0806192825487,85
3,164.62131066847675,303.3438864673817,85
21,28.726373295245356,355.10399762377443,85
24,42.0090294528882,331.59141949054253,85
46,19.46375416945134,353.30188628459496,85
47,32.265526163207326,258.4471191036887,85
43,194.18246722753895,259.39370481806304,85
50,223.78784421109128,270.48246717580616,85
10,3.0984867765126434,277.65978380739097,85
11,48.22478355338355,232.8318292365733,85
15,291.4681393054327,247.53021193562412,85
31,247.22750949210953,190.03578064887787,85
30,88.52837968342686,168.55766432924167,85
39,79.46421890882554,177.83623163383044,85
18,306.7834089694637,302.7700132527575,85
33,271.9126454157005,180.0193837074105,85
49,325.6338787619409,207.8996694578797,85
40,207.13144312886027,149.3193288116823,85
26,140.56958429919004,110.26274361445509,85
1,363.9016346008013,352.32108821918155,85
35,292.1404719209591,341.99515871017485,85
45,380.32406240372995,319.76178878941914,85
38,388.6847717459126,227.81642293201165,85
9,167.81672689496912,99.5886129718746,85
29,219.92933146964273,80.88292004304331,85
53,108.78324936578242,72.72206873794995,85
5,448.14993575686725,348.1261656584218,85
36,386.9554190531563,367.59317332144894,85
17,409.62820790488405,265.74765371621805,85
52,412.729532296649,267.25609290748486,85
6,409.55336204671477,235.8912302039352,85
8,452.080022648149,226.61408255281344,85
51,445.73749405734696,207.24544932243816,85
42,289.2801841288597,52.26823658979196,85
22,40.038398505057195,46.31214444196158,85
32,498.6736511499591,159.54008123354134,85
12,306.9140194499186,90.66118711706977,85
23,328.77184993104186,24.40589988344494,85
27,335.57202385516416,38.969450250439465,85
20,499.8422513498099,86.53527629608665,85
48,391.97817878060886,85.90387390619925,85
28,432.32033273448076,69.80414383279404,85
54,421.49036981333444,39.776399480418,85
56,390.9950490121693,140.72423583519068,85
