id,x,y,portee
0,472.56729195746715,335.20938435397204,85
6,488.9957227148895,339.79943083917595,85
15,492.88876878209715,378.9714851875778,85
17,496.79920012141156,295.60091363077396,85
11,428.0022745956561,432.61894525413527,85
8,405.8420714450856,406.5926287047979,85
12,360.859084114345,369.2935844612805,85
