id,x,y,portee
6,131.5415319006526,92.33121259076921,85
8,130.39495527161154,92.62718302024098,85
16,131.00722405170788,85.82931990875292,85
