id,x,y,portee
1,370.95032408595154,356.1136304217408,85
2,307.4660927916844,328.86790800817863,85
10,314.55069397104717,394.09295568711025,85
4,286.32412757860305,330.2653149375151,85
