id,x,y,portee
0,206.33139050532768,103.38112555680684,85
4,224.22154716289043,129.99419405153267,85
7,266.2064859962713,60.244719962416205,85
8,202.96115627694599,145.92256212775195,85
10,187.49072080035506,32.56681675334544,85
23,217.28365355199918,37.32031356603605,85
34,141.57179722279383,107.71362279147256,85
44,221.89927595188342,181.27358567760837,85
50,166.34366365203778,78.84309679072382,85
51,278.4021406072845,110.64231092736831,85
53,128.2580089563763,85.38242429124459,85
22,316.1826357936048,10.394370826884103,85
39,158.02319789358583,189.44194113076574,85
24,161.1972183937953,8.501111482295487,85
48,109.90066090860567,51.42616956546231,85
28,270.6500900123556,227.908490402295,85
5,98.61562838726023,33.92192224923257,85
40,381.8031612820965,21.94342095938312,85
1,90.13491765140851,230.5686946750864,85
42,250.4028249347972,304.3188378377771,85
2,460.03207416765633,32.0825638257774,85
27,434.5338031924978,5.316805670976754,85
37,445.36930069278,32.96363926149859,85
19,36.87519706779763,239.12318582487796,85
20,75.37164113399197,292.7032179835377,85
54,49.83385578569444,305.0920614276926,85
36,333.8073369025808,288.9794736852696,85
52,228.03935075186482,384.0112354660673,85
47,465.4846611842455,42.28855152837935,85
32,151.6827667041764,321.3667636092747,85
46,106.60230431487616,342.40414206496723,85
49,33.40783133850689,331.95245166063654,85
14,360.66929965662285,282.9500688472061,85
18,347.137281334441,317.43488237937504,85
41,414.00247847650917,308.1355069039719,85
9,233.9224625143164,390.26755487374714,85
11,193.26223833533246,424.36536141275593,85
16,259.4831870399293,430.0407529527437,85
43,229.6921311240575,388.6415807362091,85
12,140.8125747026574,355.88763537032105,85
31,98.71647893412405,401.67077300540814,85
6,15.387386770092327,389.00766398594897,85
3,421.2164533715674,350.10299341580253,85
35,338.3629030465295,383.18152871768086,85
17,497.75764237326774,313.60882031056855,85
38,439.1523807994126,331.29907084133924,85
45,300.39917704461527,477.828588553645,85
26,71.45169518525802,455.9258770233963,85
29,1.5842347654089206,451.35926106080484,85
30,17.287395063449175,446.8694930101823,85
33,397.6454449580878,394.48264934684664,85
13,391.656515551221,440.0689805750972,85
25,468.1297386260411,239.63791223371882,85
21,433.39676185816364,491.75226957844376,85
