id,x,y,portee
0,98.17743925120537,344.0765268565918,85
14,80.30949861430892,349.46653041158754,85
17,55.67996995112012,283.15298934815087,85
19,148.28339886539726,310.0204218943719,85
29,158.02937778389852,323.53136215820047,85
37,165.79419640802124,316.88142946271313,85
40,52.81263073146852,368.5404888807576,85
45,45.62100330568752,292.2023551620184,85
47,32.3836812030987,299.8931761439636,85
50,172.62480344855436,342.6353151844489,85
53,81.34452199832864,384.75622348130344,85
15,4.065867230713782,258.6506720410215,85
28,82.43171496271634,203.611943029131,85
48,25.38584947003547,211.54497159984044,85
6,223.85066950053778,361.5004569527246,85
22,231.83802085750187,368.5175471334262,85
52,173.4887158293527,410.96260633655885,85
11,124.61410753007085,145.70606351754915,85
56,97.51977645604303,150.1501419308789,85
4,230.366697023112,431.07066851009466,85
26,267.5171401381067,358.91870051877123,85
44,284.8842071461771,331.60447627802483,85
33,101.271401106177,73.7902909931567,85
55,42.996522282501616,92.07177253000104,85
39,288.9075850138518,295.6014221145583,85
5,301.07322178210376,277.1372498919681,85
49,260.7757176755202,270.241926961677,85
7,22.305310235659515,63.587911185469196,85
21,142.47969469184767,24.724886230608647,85
24,71.6882123905328,19.379196852144787,85
35,159.3306813441797,22.428277214402492,85
18,296.9040117381869,227.5265893447398,85
16,381.0690186470926,264.64491540101545,85
36,290.94370966409167,201.15782959868517,85
12,206.52874503393764,0.43431074191019325,85
54,154.54046974633388,2.2929185059899493,85
20,219.63190064562215,70.4089901257981,85
1,439.01453263600837,299.7636126778562,85
2,460.4382033621587,243.50546841022674,85
46,403.1566672373186,269.017707486373,85
3,242.51953997719207,43.02279566220674,85
9,220.0499887160498,101.0575602613949,85
43,206.68268511710082,114.28409490106328,85
23,486.10465362874925,300.38069317994933,85
38,412.7485068812307,361.5432190820405,85
30,475.27296842843566,178.88291607550855,85
34,451.3993510447816,167.09644774147552,85
51,473.87493217480903,161.48191895552682,85
31,404.4506757406995,437.2652792053776,85
41,414.9003691194788,390.6815406957338,85
57,400.0682788875023,443.66472157058837,85
25,416.3975077818359,161.1429421517961,85
32,408.6986417539711,174.37074374758953,85
42,410.88851899141275,95.60667193773392,85
13,481.2655114107471,454.08720817979975,85
8,439.6070696995587,64.54707023775785,85
27,495.74418679302596,480.8239598434539,85
