id,x,y,portee
0,226.70790102761868,480.4563103381679,85
10,158.60402768634592,472.7106950966417,85
26,153.60856657296173,450.638574712837,85
28,94.0080832317688,433.48596586913266,85
43,171.38722287955687,414.8657749747658,85
14,145.9850568322172,374.6409801776508,85
8,34.12748512382579,397.9158560054882,85
37,46.22749236021206,478.083865529453,85
23,169.42022790587978,338.13675601193796,85
25,144.50882749927325,295.2504387514154,85
5,11.577224343174041,322.3006266839528,85
31,19.536434318645824,381.6613000520936,85
42,39.99538231211625,321.6619136189413,85
15,81.30421776278251,256.85726279461676,85
22,196.22418403912644,256.00007824967037,85
36,176.82199227364043,230.89287075835148,85
41,165.63164096558202,215.19600121059125,85
7,223.7838686248218,234.0066149698148,85
13,176.3947885135473,193.30301255771343,85
19,194.04869588961787,221.42803257407036,85
34,252.84385449905307,248.63608445303987,85
35,260.11913014541454,177.7466103918191,85
40,195.07922360468177,116.25430637282925,85
4,312.19156500079345,308.2726586485057,85
6,318.887507344595,117.64028509294721,85
18,288.2472794145433,115.09127192737611,85
29,241.72670156505544,110.80277701334911,85
38,288.98815046269345,108.66156639380092,85
44,235.20172478274316,119.12701520110835,85
33,111.75711490156215,124.25547010748423,85
21,281.5920130122549,362.2146343261968,85
32,370.1864803869349,108.16150608988157,85
2,78.97568820409512,60.931307339886885,85
3,414.5861724815227,176.00843342867302,85
47,416.5992442601312,106.37170936888246,85
27,17.27962858496046,41.228113610961735,85
48,97.8814726972978,38.7788230731686,85
12,351.3756574452161,223.69117128273774,85
24,438.18850273167016,168.99014647275462,85
30,478.7185680622123,126.9846648405098,85
39,429.24980905008437,233.75631798354001,85
16,488.9754110794085,79.76279404257951,85
1,414.66194548595684,316.80650786173,85
11,491.61563437362497,259.1382935651467,85
45,491.3757997435879,31.323409915451293,85
17,458.9902437571329,380.8567834863452,85
46,452.60847829594127,319.2389420772608,85
49,433.3630932190406,374.6483221416964,85
20,487.68733262115234,381.5707324844738,85
9,498.775285816579,465.1694992741305,85
