id,x,y,portee
4,374.0990795255078,386.448061863529,85
10,410.9699444657361,353.73892611298805,85
20,382.1932615272061,365.3636833328828,85
18,406.1235847099049,269.8612753225919,85
21,459.81283065456495,367.4701644878214,85
6,372.51158603593734,226.59353010591,85
7,396.0191940205689,251.68247795127124,85
