id,x,y,portee
0,46.79869397310627,221.8676896687645,85
11,58.06237088310839,207.40335934700155,85
26,11.778698084380036,261.9934006302726,85
29,89.79901009679486,240.40935367486455,85
14,68.42246146563508,128.2666213022431,85
32,9.320293270062397,328.7821222108056,85
22,46.27141041935706,104.39992937646564,85
27,52.284505068350526,49.3775011556738,85
30,64.83180802337391,41.99296741075831,85
18,148.37770821774677,47.14133695567085,85
6,165.6919222745662,103.5670429689422,85
7,183.92219761022903,136.93597196792064,85
31,216.1711770635843,157.54799089899973,85
24,261.3663031221654,103.18274143209305,85
9,229.49473916314878,240.38382666617187,85
33,306.92492803152896,92.647823857399,85
34,290.62943915962063,61.25370643365608,85
13,350.04663423184076,31.143253915191348,85
17,383.0819700164814,49.333265278037,85
