id,x,y,portee
0,373.0926498882102,88.11151660120848,85
11,356.64446960188,122.48367906222146,85
12,411.8010155432364,86.17621396442138,85
14,307.4633529871683,79.11499784137743,85
15,441.99786870684125,72.06700752901473,85
25,371.99324150788937,191.26842240482517,85
18,261.33655822596495,108.57173177337603,85
23,299.1236581700502,2.498188729256501,85
13,476.9002016247402,2.3365525273492116,85
