id,x,y,portee
0,115.56511731968305,447.68504333091005,85
1,162.03435867184274,419.1227605765104,85
5,159.72985639704456,467.4931285990154,85
15,194.94008035549797,391.89775887672647,85
