id,x,y,portee
1,345.8582051360201,186.0481933858697,85
7,308.31412996523215,149.23277960396803,85
8,384.6284056049871,234.36915353883703,85
13,374.5724671929842,235.37471271662585,85
18,369.7875946391799,257.5684788424892,85
19,400.6367744505977,142.01579041271455,85
14,434.8465521986615,268.41159763317506,85
5,429.09066665626597,99.80762988026997,85
17,474.6176064660076,285.3012281153641,85
