id,x,y,portee
0,459.29542168138977,243.07955295015387,85
2,404.3358279260046,195.73121243472679,85
6,485.6767494875595,290.46663573367425,85
9,378.6627129214948,224.3112644932731,85
10,415.52336410814627,246.09333991299005,85
16,436.6713159142331,217.59542806290966,85
