id,x,y,portee
3,478.2291134151676,281.39590228122603,85
16,446.71197401742415,312.2420696871443,85
18,477.8103379408924,209.54560553147473,85
10,381.72058438052,279.431871114102,85
7,379.438334784223,237.179415007372,85
15,349.3846991128974,272.43714248783266,85
6,288.4580372377369,264.65787003979415,85
