id,x,y,portee
1,79.89495805601987,372.824021645858,85
12,139.76908016104034,415.3831190141727,85
15,140.70249223523163,366.2522990408665,85
18,165.73922942584545,340.40617992200725,85
5,200.83550337319488,265.6741432820933,85
8,232.18394149928983,307.02229115060527,85
7,119.69330677873441,264.8949304747907,85
