id,x,y,portee
0,290.8674154409373,182.23201285834622,85
3,277.6139847381808,106.21650387590981,85
21,264.2746679244811,194.44849037068178,85
1,343.1392968508328,64.5052659293468,85
6,321.17910549692084,54.39032195649279,85
7,242.41809994305208,83.7064445878225,85
27,228.98616745881233,59.109615207089405,85
28,356.4647841274938,93.67923134626326,85
30,193.8925137761615,184.9436233434193,85
10,178.35552868175208,30.445543644588845,85
25,437.07224311357396,120.16354711321054,85
24,169.05345505441377,207.0596771706879,85
11,129.7359328631722,54.43492068201389,85
26,145.09533561978822,34.680717116732765,85
5,454.30452492003286,106.49408979267766,85
29,428.5579599334351,36.09822530567025,85
22,108.645425965254,169.35223813175014,85
