id,x,y,portee
1,282.97513106753735,256.8077469985419,85
22,205.74128066970192,255.37825728488434,85
28,345.38173548569995,299.30930650822785,85
2,214.7089560173478,325.8806084893974,85
5,203.06229856927027,361.90665122574626,85
10,207.57718188034008,341.18399604176176,85
18,254.33696574763752,350.8475997889049,85
