id,x,y,portee
2,179.36814588137545,64.81120666056705,85
10,145.65737808053453,4.492600825244441,85
17,240.7237777793284,86.28824387123024,85
4,302.3880784517385,98.91242662085486,85
16,280.6305021819189,142.75232285734452,85
20,268.8418643920958,161.04869753267127,85
24,251.67363816687006,4.857775967861189,85
28,299.4238750254139,70.00813090666891,85
21,318.5919766661551,15.887697918333332,85
22,360.3437211223256,123.91182733509282,85
18,390.78891923334015,153.73613601294855,85
23,370.6006477091809,155.57190245869577,85
