id,x,y,portee
0,179.2178377529476,363.1225744687766,85
9,144.12486863455314,332.68267718158785,85
14,195.14368727565946,371.5413574083255,85
24,207.6128104023387,321.3665655180069,85
33,176.57952172584308,282.7679955527911,85
45,171.996182476018,294.03112582267966,85
6,68.50046329682519,299.1985629718577,85
20,239.51926904186232,250.86264981210337,85
28,209.49028435564264,272.3186700411146,85
23,44.54401505514765,378.59858291214545,85
49,80.01460243481017,267.2991536107276,85
11,236.48157032184818,197.80319395730461,85
12,266.87618051275575,190.0816646233704,85
25,285.20653271407735,222.18863305191505,85
26,257.5184735364264,193.5217175695625,85
10,43.09825215903579,443.7701953419079,85
29,78.34259882425559,394.21227551734415,85
35,44.77541234635235,451.2884089001205,85
39,38.20360052853394,421.3298423270725,85
43,68.94397412360931,208.72476497308745,85
46,253.85984080097123,107.56942419218163,85
30,332.61843850650473,280.52000125830136,85
3,27.35582621362753,469.9484580916724,85
19,123.00790727684063,439.05759016429965,85
21,59.30405125059362,177.52538445884176,85
31,124.24452199661829,148.38138679908892,85
34,112.99748847161145,143.95932729645378,85
42,94.79278301171124,169.65756498361338,85
13,305.0957879837398,99.63538574714991,85
51,348.53466283863537,290.23797103045075,85
50,370.80663529566135,133.2993711678021,85
1,393.77200342634256,165.51387496759773,85
5,413.17738277896234,151.03002930349146,85
15,420.76427413592626,176.1492645301524,85
40,374.31449373430144,167.07288065097907,85
7,415.5537841349331,215.19066546104608,85
