id,x,y,portee
4,413.68323271640475,107.86865040828442,85
5,355.785568529715,137.72755643886148,85
