id,x,y,portee
1,74.62616151927004,37.44299639427345,85
13,148.94756597159443,62.70401662549907,85
4,173.7626530982121,111.35056146858363,85
12,150.4539083368457,103.83910448069794,85
11,162.2902762297428,153.39709640989045,85
15,207.00657439474364,207.96992049728462,85
5,236.41516626440225,235.6540468988189,85
7,234.26031019013922,210.74763375697074,85
