id,x,y,portee
1,6.937270309659183,256.8154135702914,85
7,82.87431166455883,271.19489742487684,85
31,44.68433434077967,183.6012386583646,85
42,27.582801709713056,337.51806497808104,85
28,49.532680418549305,336.3117282021876,85
41,84.04950162536583,197.20398132042817,85
35,117.11005780477879,188.98540317368534,85
40,26.31133452723322,163.5339028387629,85
46,36.710582654511995,169.7010224961338,85
49,113.33839849631482,177.4106090327291,85
54,35.10798737761439,151.5234529009218,85
4,158.30004213824256,116.39232359009661,85
21,231.23039573178806,116.86009755315501,85
23,207.9983029841274,96.87682287447392,85
45,205.35767636201467,108.52588947904535,85
12,261.9151718386586,189.2394367042946,85
13,267.39936349970486,57.37511622794189,85
24,293.4431904342893,146.91008928079563,85
29,304.06508914879424,75.6726225962035,85
33,290.2533581394103,133.30132287445528,85
55,274.9778422602447,47.10904259309739,85
14,212.41413847445978,222.35592537287735,85
36,274.99979245120335,195.0544158600226,85
26,319.78376675942457,69.93318126630533,85
37,277.18255029137373,0.9516844770939281,85
22,379.5745357802136,41.85717207907752,85
34,360.46007699261713,77.57161055453871,85
52,356.0918664419924,32.37302680007287,85
8,344.1668386391877,244.36264997338398,85
18,377.69062191867823,12.576666906173983,85
5,400.81792154738366,120.0193014563205,85
9,419.6794794764808,92.8529762069591,85
6,375.56072280948655,306.3816138662898,85
27,359.93732922505717,292.88590233904443,85
39,374.87584581732995,204.9662367628739,85
16,490.2780307647449,64.79933990508718,85
17,347.5554028151349,344.20016773481063,85
20,369.1418160824465,384.27662162867335,85
50,311.2022223298034,420.96221083619656,85
2,349.76067286737276,442.37541452735337,85
43,346.05165631883847,442.4694942055165,85
48,314.6335576179049,433.17910896194417,85
19,255.22859735153196,473.387519014223,85
11,191.0441419973314,471.580490355289,85
47,164.3019004065263,443.7602647771087,85
53,155.76451304099663,400.9342785048033,85
32,151.7785474845827,336.62820133281576,85
51,159.16336777002067,350.6148366429978,85
38,225.25658814120047,340.73496543158296,85
