id,x,y,portee
0,191.7169641065285,128.966073465446,85
11,124.15495371063523,121.57265194230632,85
14,153.82831461231044,46.22894341861511,85
9,74.06634020555519,23.731515575174722,85
1,41.99425322072459,48.16747582183123,85
16,26.088570106459873,2.274005864657702,85
