id,x,y,portee
2,432.8481274523314,358.9447686433002,85
5,357.51249995818176,320.9551344282031,85
8,412.8316032094003,317.56811441211886,85
9,412.05046072621883,330.6328964520838,85
21,340.20901218883404,254.5250873598514,85
6,258.8103653901746,230.19967533291168,85
17,280.7120505678557,220.99685040366944,85
3,255.58631148297405,244.16966632567784,85
