id,x,y,portee
2,56.65581102620371,499.29151364632736,85
15,69.02882472960692,458.5239120748547,85
5,56.73213218854573,411.80612775335663,85
6,101.1983191051694,418.9142848971752,85
