id,x,y,portee
2,220.59796773981753,77.52450164378256,85
6,211.34063190335368,46.42281864207109,85
13,174.15842004211223,37.995570588484576,85
17,211.081529214589,17.093329771518285,85
20,239.2255807484017,9.785351932035447,85
26,184.30036885467942,35.134295172985055,85
31,245.9929084085446,124.57588679030351,85
35,178.6640310527825,30.877562942612347,85
3,109.57889104886532,0.32906388798686903,85
