id,x,y,portee
0,34.98538323268963,190.07158583445232,85
14,48.48676250352951,241.9338370640678,85
33,51.85263959069769,185.35036132464018,85
34,97.62576960525038,167.82475434410654,85
21,29.220040522114466,309.3809624797302,85
38,48.82877395900176,281.6082144753936,85
30,125.82715910993953,113.62048026851728,85
37,119.44245431519185,126.29781452748156,85
35,89.89118977789119,355.2490253361146,85
23,111.91987605706998,408.275487525416,85
27,163.35845843665143,393.5363876228378,85
