id,x,y,portee
0,242.4686578345369,134.5255735820267,85
2,167.5439788455349,138.4849370745711,85
10,106.04653545453324,145.4290199541245,85
6,33.372683442988496,183.39972361657237,85
