id,x,y,portee
2,221.69040077085188,295.72705479125176,85
6,177.81401303302968,235.80240181387225,85
15,174.47676955357778,196.24327071611253,85
16,248.877129120944,201.55639528008496,85
18,161.165782086589,234.55013337956922,85
11,182.94627421607578,133.4518601313172,85
12,134.12740427165105,154.02616228840276,85
10,293.26703040884524,219.01282267020784,85
5,73.71224891747636,210.98428292913118,85
13,60.45805214898964,288.1428888268783,85
8,26.689767901391992,295.88106185299023,85
