id,x,y,portee
0,195.5945708190473,371.8511804177111,85
7,142.38397871185708,332.3470116269092,85
13,227.2839699103179,392.1424291612133,85
30,157.35748905988973,354.18367948874,85
3,75.67943684015377,325.44241930798637,85
11,20.8274904409414,336.380846108632,85
