id,x,y,portee
3,285.53955809130946,172.45426818448362,85
11,280.0493839710037,241.72770625111127,85
16,318.62790749240185,96.51542168042553,85
19,282.27649744384473,237.57139959055525,85
24,255.33899458901487,197.1748110106094,85
4,212.0918167854004,125.4357839301547,85
8,182.05329034612006,110.51542626387345,85
