id,x,y,portee
0,91.19548420243534,424.3975089772062,85
1,121.8803629844522,396.3482114988137,85
