id,x,y,portee
2,30.38053192332407,438.6339008873606,85
4,65.98029206281458,483.98752011001557,85
11,39.442142053718044,442.8053672846463,85
