id,x,y,portee
0,326.75688742815163,358.8560092003526,85
11,343.610402572529,403.3170919093811,85
14,271.9868888127682,421.9376865418174,85
27,309.4053434862256,427.6208596433244,85
28,339.5847971173542,378.6494926901073,85
47,312.06362638042367,430.1692199717305,85
53,378.41976574203085,310.28688499402625,85
16,419.39049657982486,411.51114837668035,85
2,209.7994748103439,450.73415456031285,85
24,222.20474127974433,461.5253691282872,85
38,220.8319987686178,455.9942792414658,85
12,380.9233768866926,256.99950609847536,85
52,385.4072849057928,237.0924282015241,85
5,453.3170486071364,417.93854169039355,85
21,438.3475129244587,398.226428960188,85
22,445.77551332973826,486.49756925557944,85
33,480.08277196437103,433.7845054155762,85
30,336.99968021852555,185.67823857768622,85
42,378.0994189431245,161.36142992064285,85
39,472.29627307218146,495.79824464845217,85
7,288.12007813552094,166.69648273289388,85
23,299.0108977845106,134.5175540043963,85
31,449.0725852779358,121.44933700091526,85
49,408.45210006903443,85.69041732102572,85
4,249.318162042241,107.37408480060934,85
17,245.16951839994783,122.02578107844703,85
25,298.92418808501066,95.48490201616883,85
40,261.3074352430909,122.05322245509271,85
50,356.7312211406708,72.7580332836541,85
10,480.0881634364826,90.97649881638947,85
29,471.87533107167445,151.1929445891912,85
32,460.6574345741499,140.35947779598635,85
41,398.2531804660278,75.51523988789648,85
36,358.03540400451107,72.24633176321171,85
37,416.7360801542526,33.01505656921477,85
45,178.6855257663083,174.01591706964987,85
9,144.6378359946787,133.6827764421104,85
20,153.40663703096925,204.75982936424347,85
51,136.79072653527908,198.03172455504335,85
13,90.64298350488164,83.92062869389765,85
