id,x,y,portee
1,382.4654344916399,487.3222382222325,85
22,302.5746904288538,492.05431720628303,85
16,242.85276438183968,496.87473246318325,85
9,184.7618500445406,494.00521218678784,85
11,190.6044909549827,417.28661156733284,85
28,133.16707530591876,428.24202249413275,85
2,220.24385577248773,389.7102192502524,85
7,212.348996130314,386.99639682274295,85
24,251.9768677757256,375.3007717068274,85
37,127.69681381139209,416.9772964470944,85
3,92.4897301164293,384.2386456343367,85
12,93.58682170179272,494.9809351521427,85
13,90.60336735535002,415.6866734970515,85
8,192.77946226088383,330.9512405608466,85
21,82.89195790337384,359.33666132716775,85
35,65.11390289676494,351.9505040874679,85
31,155.95225410762808,262.16689855915445,85
36,159.6709358445253,300.9757643075592,85
15,223.51947047005987,222.44421927873248,85
46,103.10450416363321,203.5179608208666,85
19,128.94808504724398,155.4594682557037,85
48,69.77690665392089,155.97652441398384,85
49,143.79899344733548,139.9659716148262,85
4,125.23860542564758,117.457239215144,85
38,99.01180547523025,110.84769284154511,85
43,75.05821976828797,117.02393733562467,85
44,40.20377777861262,83.95166308552271,85
5,215.88047694042876,116.6950721866129,85
33,132.89535401287816,60.309271166501254,85
29,77.95644835119559,67.98613596492974,85
41,88.76436477273886,30.455011482730054,85
23,242.1583241712796,78.44599214199299,85
42,229.44162897845987,84.42907590328763,85
