id,x,y,portee
0,217.89535434823398,116.51159888866592,85
17,157.8054383898933,87.5120747234051,85
25,211.42041828367263,179.0644557444556,85
32,267.5934826545866,80.29973920276262,85
33,148.95144377825247,103.55452145571809,85
41,247.5369670149506,153.64990293761733,85
14,204.2395347820744,250.82153475537345,85
21,224.42723329808834,241.530719840721,85
16,311.3238383143936,109.98807617948286,85
38,308.19538119996656,21.607199631693994,85
7,142.11622686007007,266.54466445826705,85
10,241.17373469589688,289.86523785049525,85
24,280.479286530455,234.07617950365312,85
35,254.47601780689521,287.68099949965966,85
40,153.0952836359696,292.8642390415786,85
8,373.16181916486033,81.5711962893143,85
26,387.4219212937148,87.63703770627984,85
39,381.70038478952534,151.24309870268777,85
2,342.2020489790345,24.029144457162644,85
3,344.99512749432273,12.328390222387798,85
9,112.16607276316954,224.3451396725487,85
11,109.68434071577276,196.00114915020188,85
27,314.7962473078137,275.0960744765593,85
44,232.09246974433074,349.7982604043319,85
37,460.02110347684123,152.93719735397156,85
4,32.810002734686925,164.98020119065137,85
6,326.3637570832567,354.49157110852275,85
13,371.0100842379254,263.3797110962735,85
34,348.0297451567469,293.7562630003396,85
5,236.62424333875137,419.74738000219327,85
42,173.09080586549018,408.40508564177884,85
36,467.41821781164214,218.40061085084034,85
45,491.2963310185091,212.5946464058065,85
46,488.80932007056845,170.3748661997951,85
12,53.17689380559093,95.56523367876008,85
15,377.9109925051014,381.60050237957574,85
43,320.1860123318785,407.60935190229407,85
19,405.30896919351835,302.15247338057935,85
30,406.1548327748908,292.4378846479956,85
18,223.46410248310306,485.8398592070794,85
22,288.7401429266953,473.6296979560203,85
31,303.2173323739948,470.0449969352912,85
20,277.2327858910517,499.13915909735715,85
23,203.57324475578258,498.5985472106087,85
