id,x,y,portee
0,151.51066605594227,397.12497061224417,85
8,198.09339510245255,373.9730960741452,85
9,147.16471741875293,323.81233035453573,85
16,137.10965845542168,334.226093148065,85
23,170.62341943072883,358.2675349629755,85
25,143.9403292279854,432.0593357059767,85
31,121.21196972062631,406.5534133423299,85
50,122.88508622342154,456.3638814824098,85
56,217.22007304990677,412.953192042802,85
66,137.54645978838042,314.67447995019194,85
18,74.84455883468371,311.7028489133174,85
20,163.18096376255997,266.3965834107681,85
58,93.60999926012114,323.79204059789254,85
12,257.1840473950409,486.1993687554232,85
29,115.1448391066795,240.71678817387465,85
46,213.5468178933411,228.07120708093314,85
57,223.19900810225707,270.86908583615605,85
65,146.4696654134327,221.15190976437782,85
49,82.46382630955424,194.88205785587982,85
10,234.55678370884624,158.81077941192783,85
40,251.7906275015142,231.4461922048719,85
61,276.2658680049118,214.26853947681283,85
6,31.784695458980718,199.94760233539566,85
13,38.75091666994768,165.7898720702015,85
59,9.338114014207255,185.4627703368957,85
60,37.28646199125451,166.56560494056427,85
39,280.655750887921,173.26119576614286,85
63,278.72918282113363,126.94176919330636,85
43,8.081808347602026,130.84955253736535,85
24,348.81835772447704,88.05955626612788,85
33,317.220027491744,67.03663811332817,85
38,354.4213985485583,124.22282575027288,85
53,271.5696858800802,56.175114306748874,85
62,323.8917756815492,86.82677555154488,85
2,365.12148648560435,60.00265480603595,85
64,417.0298016829628,122.43795140342328,85
37,255.24860051077485,25.24346979553438,85
48,393.2722606521341,194.94592845990184,85
28,237.7682208213574,11.48020729247401,85
11,424.2565805304977,15.071754561884976,85
41,439.29311979720006,61.26884230675628,85
26,458.4940582046095,119.91143984807428,85
42,473.2664654919879,83.79967617533096,85
44,461.502913687312,176.49614726029634,85
67,450.1422408369897,175.43068555423537,85
7,193.317479521572,22.874973959295943,85
30,438.2137170211678,15.409502957694166,85
51,438.6801409242475,12.877458838557454,85
35,138.9679652142637,61.105978984139334,85
54,162.693298871335,55.03072581557511,85
55,176.26590503527817,90.16973494177417,85
