id,x,y,portee
2,254.02390535573204,266.38996102178794,85
4,270.0208861764612,271.3947377304994,85
5,199.605972287715,262.561198832701,85
20,239.6108122015287,237.91660638565915,85
14,139.04594605518633,244.34177507425937,85
6,101.33401867472774,267.66137669783416,85
