id,x,y,portee
2,185.01961427362218,84.74871658750571,85
13,166.58108758329288,3.336205106989565,85
16,216.94509965957354,118.08592154357068,85
5,110.18888898506634,9.515144840900714,85
21,150.61385411309286,167.96431678682632,85
4,74.67195161982015,201.1494364966328,85
15,195.14255402574426,223.7454030167444,85
12,56.79686191583949,240.38043477526472,85
22,70.8964040853426,216.20926442529858,85
