id,x,y,portee
4,469.7467550973298,486.6285289160506,85
5,439.7615712098664,469.4423071457126,85
6,494.93307752231647,454.13032539221166,85
16,475.94589936658497,451.7776715632989,85
