id,x,y,portee
3,165.25439135925907,259.3301417840969,85
4,140.93661356844333,279.95853331040263,85
9,183.71548761349348,239.79290943877018,85
12,142.56889128152557,317.22760520644846,85
14,148.1990010553149,319.0382881729223,85
7,190.98557264004046,369.67377993556,85
10,136.88107527630382,408.14398671598786,85
17,196.7022570769995,443.24601180880836,85
20,253.34944400738257,393.2814897980755,85
