id,x,y,portee
1,400.43041931956077,78.03889887865768,85
19,335.1409388864693,23.76436430288137,85
20,387.6091256528649,127.01376555235639,85
22,348.7227296744648,95.20125784978661,85
24,448.1389411991865,51.00485026216261,85
30,402.8792692965254,104.99863908084734,85
31,365.48810128097585,129.20796057431883,85
33,381.7267133993045,81.60865764660596,85
37,376.7641179837581,35.9048117648959,85
21,282.6200086477125,68.58643630355388,85
36,318.6465207970393,29.136244487021845,85
38,268.37421190804133,87.24643876893417,85
23,217.60713606221742,114.52330086532625,85
47,195.95959920860017,117.56398855888762,85
12,182.1205353705252,117.19627732020605,85
44,141.82315350758932,113.07706493958392,85
4,119.55469953054416,88.61686197181817,85
39,134.20703801925976,76.37534622821119,85
9,107.28120737615777,83.1306847623724,85
14,51.094190978603514,137.19248224366544,85
26,36.500922258714596,41.99073620496579,85
7,68.9813394548962,190.26156196146732,85
