id,x,y,portee
3,278.98455484172837,228.91356314439088,85
4,280.13893725209584,216.71681720806995,85
5,265.61479830159755,162.21361275245084,85
9,337.7761232463674,183.3171400161952,85
