id,x,y,portee
0,275.124946434638,46.745592310188044,85
8,235.74676747811762,62.140297119625934,85
