id,x,y,portee
1,20.70889044466767,6.431001963749628,85
6,28.53492572853289,75.60497033891028,85
5,15.838906798411712,122.62644927074123,85
