id,x,y,portee
3,150.88401875575403,189.54561031092337,85
17,185.8277248545683,180.8514198661582,85
12,225.9740724855411,112.77663009703603,85
18,307.2187608227606,132.06625446276743,85
9,278.71571444234854,183.8658984255203,85
20,331.56737965407143,157.16033327439177,85
