id,x,y,portee
4,375.61272982149814,254.62988474131697,85
6,377.94562992651174,308.4655145104908,85
5,414.0905540363058,374.5397325173598,85
7,465.72975329129724,414.8414673154821,85
