id,x,y,portee
3,290.0296312237052,48.90089600426756,85
7,334.04103966333065,98.1746461177464,85
9,238.66245469829877,80.29774122012012,85
