id,x,y,portee
4,495.62096290532,107.53558967101084,85
7,475.35640710089706,32.283022035662135,85
8,417.88420404971976,50.11131285486425,85
15,423.1299335475819,14.93944491086957,85
17,367.95803211686376,13.89096007134788,85
21,412.56626291254753,126.69652518572505,85
10,295.4969388256017,5.3810977374305065,85
19,336.0997768525206,15.255893037183277,85
