id,x,y,portee
0,257.5189782199784,347.0998222594663,85
11,254.43500010077997,306.343711511967,85
15,196.96964316454435,296.1409168936761,85
25,183.80711648197047,318.62584976271415,85
31,324.9297785510692,317.4239496707292,85
48,337.66894013820075,338.2804257581271,85
12,180.25940714781058,280.26402658716444,85
57,279.57217020967835,231.21466774080497,85
13,138.27738254151467,308.82597572553544,85
24,178.68641668892948,255.57565046856573,85
43,171.77320442498845,331.76289036678025,85
18,165.01593101938883,398.5695431442159,85
39,157.65341079052064,380.95447616614746,85
14,319.4517036134604,231.24128822328223,85
32,257.3750290522558,149.6402100864529,85
51,351.7711799444267,194.01249238089125,85
54,216.039173425709,182.9963825501622,85
3,85.02142139580843,293.7651390371247,85
9,94.33596385875259,237.16208913926184,85
50,69.7781569344651,283.0512290177821,85
4,206.70863838852378,180.44165611449637,85
52,142.46054084249664,410.25911154755465,85
37,95.38716793560049,440.9155977641104,85
40,125.33820946546409,471.1557376029957,85
26,381.504857190147,185.81883397398025,85
23,300.36362977213344,111.36096964286885,85
38,298.2937295423009,133.9089631914453,85
45,177.44128019196376,130.08118548033886,85
5,41.616224371989254,355.54651703719037,85
35,65.53747058173359,236.00682049242937,85
58,19.20958967133807,296.9378667745137,85
2,48.617602077246026,179.10230693257816,85
8,98.05397926023424,177.5378004632469,85
36,106.26639915492686,203.9805489344901,85
42,99.3076395228763,184.19508911234917,85
49,147.0032861944816,122.03230461476889,85
10,75.79862462897341,408.51046290299894,85
1,329.2795351660147,86.64618034557265,85
27,315.2704974014284,50.59777175049401,85
46,291.16533300681743,54.21237355390674,85
41,14.339592914973942,349.15429276519666,85
20,38.76491978852098,168.5961048786453,85
21,51.82562599922036,109.03442087008186,85
7,100.82776067785038,65.14560836666399,85
22,113.78008113283406,33.833024576980954,85
29,50.782456806867046,5.108639447205576,85
16,177.65956232128067,8.045522975734908,85
30,183.62975901914675,20.895736980654167,85
28,198.05232364608594,4.324125059462225,85
