id,x,y,portee
1,308.01008882865165,190.3046107786484,85
3,346.85120164940304,232.86937919017842,85
13,299.3443324666046,219.54678332211498,85
23,330.76129487059563,202.45940095012728,85
9,344.51540258071395,280.28167120362326,85
20,320.26726661925284,354.4305234424236,85
17,367.28610517418724,417.8759243128275,85
26,380.2032100920916,363.04525392295284,85
4,375.36781577271324,474.0894763172211,85
18,414.48977396512873,473.7777841383876,85
