id,x,y,portee
2,310.3364984394553,235.7495505177673,85
6,300.6037019429692,185.4490585032274,85
10,255.84118232181146,234.67274879622818,85
7,246.08694024676842,153.24014794371766,85
