id,x,y,portee
0,436.1340847054169,232.08568344000767,85
5,388.8925497862741,269.736331930197,85
9,488.7337271307333,215.40796558742414,85
3,317.8048313073035,314.15405232754847,85
4,347.22389751570176,251.6701341111379,85
1,318.08827039526653,344.2710874785622,85
