id,x,y,portee
0,368.3973854047092,388.56474346669694,85
1,334.44535139709393,435.27956007773207,85
4,331.96872665709367,407.26531191272477,85
16,384.0482688930419,307.5709301829716,85
19,404.4981642850849,329.03584783589787,85
31,335.32736608686406,411.1068578576779,85
48,348.4571292825942,478.05642199029865,85
12,289.3306685391108,353.2303058011078,85
6,459.7816900725793,313.2725456752951,85
15,347.8542795166067,288.0541738986855,85
34,415.8671409970816,233.71241594139565,85
41,453.3601505687758,323.61303818771836,85
43,437.43660373879896,298.05530346321416,85
36,371.79590780859405,178.24018583044864,85
45,401.2460875021146,155.75950284247574,85
46,420.92800843429444,190.74234049074119,85
49,499.7230151201337,223.75761457391775,85
2,297.1425363433306,141.33213387882031,85
22,392.56619968700295,141.04346174346466,85
40,419.57454393779835,143.40002732792718,85
5,429.38057657867455,94.7046855338603,85
27,230.8399579989363,127.65880068367585,85
9,383.79338863732175,57.666807874248214,85
23,474.2005423502936,46.317305305018486,85
13,156.855701828724,156.54352348826438,85
18,203.79594775375608,148.55733569050733,85
33,210.6487934917084,118.95606439512513,85
44,203.10788707490073,168.23709053192283,85
29,446.49493314289293,6.449230978637532,85
47,133.12156784254415,174.88038662654205,85
39,67.94454199794397,229.28061870375265,85
10,0.8859525298323123,197.00157258154564,85
25,84.57798563106411,285.7802369230722,85
26,18.677555616665455,245.9914603547842,85
42,45.60825242828342,136.46233368338656,85
