id,x,y,portee
5,409.192904287911,91.75536181779148,85
8,449.93298467490445,157.54209456878627,85
10,426.166054526536,179.72145120372969,85
14,486.98216126397267,170.51485992880066,85
16,438.6007453055529,253.67614902082258,85
