id,x,y,portee
1,458.1656425018154,379.08123419986964,85
7,457.1047756321277,430.8089837884245,85
13,442.6889100252102,386.5839474110472,85
3,409.0429500922493,468.0713028818116,85
8,346.23827808527045,448.53095991345657,85
5,298.54968776278207,430.18376380116666,85
4,262.6681117140466,424.20874608688666,85
