id,x,y,portee
0,389.3601507314117,335.5712516566479,85
20,403.33226748527795,311.3951571160658,85
26,457.11135101889056,382.18546588711155,85
44,351.5830940338894,395.98253620033466,85
29,477.0520081778804,299.01362612036775,85
43,399.03371734852453,250.4962314109974,85
3,404.5625620747341,438.69552647747196,85
35,433.47862451994763,424.911808903988,85
24,368.94722469700247,448.1446818366384,85
6,467.99735421491863,214.81934096587668,85
14,474.5921464256049,237.06848433989174,85
15,457.28617395010076,222.7351819701351,85
30,403.73844377882074,201.8150805496643,85
36,328.93488583615334,262.5520576623558,85
42,457.70339881937224,206.24173697595938,85
10,289.83194871327305,459.56911871653676,85
4,484.82421721631556,166.9460316785099,85
7,437.233412218982,156.23152898460512,85
21,329.0702153360652,174.5522356725967,85
1,286.54550563365467,273.1062299585448,85
32,267.5417842993506,241.28704346249492,85
37,283.37661417625884,269.2954571110522,85
34,434.95508528025533,74.78328907764148,85
22,285.71420307640886,187.84551973723828,85
38,261.9536181550289,337.591340732519,85
16,242.9264214946264,177.96616105276146,85
45,207.7395179966283,188.89211121603716,85
2,473.75309356075536,52.5753875392973,85
8,365.1587780890924,96.40017570841502,85
13,199.61723399387722,354.4465049839126,85
9,142.26301155978695,218.27070024701044,85
27,163.15267807599392,284.21666704189767,85
19,79.10871446847445,227.87273727717067,85
41,84.53883871040779,160.63483036431663,85
25,68.01922888578005,307.57510716787317,85
5,32.21178714851497,135.9320740156041,85
31,59.57801730401741,106.95957887489804,85
39,118.2619231754316,96.67003945574326,85
40,55.84087842723812,80.2123121999374,85
17,121.31046211376079,31.315559654230608,85
18,190.96480179251841,49.17899378841489,85
11,239.03949156453004,18.25563903095101,85
12,220.09900822987188,72.92934280574931,85
23,258.57901650383326,50.519642273323896,85
