id,x,y,portee
0,303.1437279182146,225.10997203980136,85
7,366.740978822789,200.24340572663397,85
17,300.9293789530168,269.79878337429557,85
2,364.3839796285973,140.60299964509827,85
13,403.0173806803211,167.9492579874911,85
19,407.34526201497306,273.4678574652243,85
10,389.28088679248765,108.83603488299437,85
12,362.8074305979527,86.43855577085723,85
