id,x,y,portee
3,140.20947839039044,186.4363509846647,85
10,59.82319548326376,201.13726681290734,85
15,70.4682608113527,194.5831031071208,85
21,138.83430667726077,146.91267612736004,85
25,148.51886103452634,125.04769804843741,85
11,70.90973220608515,278.83991971177096,85
17,45.41252773429383,263.3387522957179,85
26,232.85311548714128,122.82312036334203,85
27,115.14878990488752,56.95254428931678,85
23,90.66472649362318,314.34866099352706,85
24,241.35304050088675,62.96332331017418,85
6,192.22279422300593,37.05423015085124,85
16,147.2598065789235,27.717093239682633,85
