id,x,y,portee
0,365.79528513301176,390.6733801051688,85
3,365.8069775787557,475.07125362140715,85
31,384.5315139359801,314.75696563386,85
39,379.1287188314351,471.8667638457997,85
50,334.7441134698343,384.4408104359509,85
54,373.07553203467154,350.0720751250642,85
38,340.6732568815776,498.51831275507885,85
9,459.77681588254165,318.455645870767,85
49,325.86916829531884,300.9091428904733,85
10,270.7143860994715,427.2543608349216,85
23,274.0300883367235,382.7459478809865,85
27,277.31234314971294,390.99448525316643,85
37,287.19594016034983,433.1235987291475,85
13,249.42787799513505,295.4939330808878,85
46,257.93596262779107,331.9666425548486,85
36,205.31889514379503,402.3288682064383,85
48,264.9535061590622,442.8480995282437,85
16,202.27946941819897,367.0255179221083,85
14,188.70257238946488,275.45280568260637,85
18,123.84709337931704,410.1387116595053,85
29,146.98097204963113,420.46653974821413,85
42,149.60657098725005,401.1261189775342,85
2,123.91237649373743,301.1362701474449,85
17,116.04777701831203,292.3142359089614,85
32,154.8213921244002,238.6754638862677,85
41,166.0006001074167,210.48918567209734,85
5,118.69300941068623,348.6297444173131,85
28,83.4006954364196,318.4688297559889,85
45,55.55885277950956,263.451859205787,85
52,226.04393530111355,153.87841229961634,85
8,43.39628391585754,222.11581990995865,85
26,2.4790334075764364,249.88265803386784,85
24,199.62843546015935,130.98743736556372,85
53,261.3508704752578,159.4711948160372,85
6,171.81254628551574,74.34767535985637,85
15,122.3292434578489,116.3477849399439,85
33,145.8920654918396,32.45240800666027,85
35,229.01066559921674,20.715853307160913,85
20,97.2552734929778,129.36598189286713,85
7,268.7726115150687,73.2821082113358,85
40,264.9595258165043,62.45009125334611,85
47,281.6916509059327,49.886064991487345,85
19,345.03747679537076,42.54325198515363,85
1,399.17446807181534,18.398960086423276,85
25,471.36121290507185,11.392318813594649,85
51,472.4257476541544,5.48840948114332,85
43,486.5323908948516,60.38245306989754,85
4,438.1434448073107,108.49950207856618,85
11,375.6096181780416,138.34788338789238,85
22,390.2173814237087,196.70912711627676,85
12,440.35952690776253,193.9759857121181,85
