id,x,y,portee
1,321.6434244237135,98.0360373912632,85
5,300.8316097171144,133.3191309331212,85
2,244.95585773974256,166.2545653853319,85
13,218.627916538903,130.99993220963495,85
12,178.30467737300503,217.52467223122613,85
