id,x,y,portee
2,374.1278412299227,321.63683047468135,85
4,320.5105200249897,273.750428863412,85
21,378.07756572168455,391.685502069725,85
23,340.1303162785184,382.0738066043789,85
12,272.2334110957981,412.30665419225096,85
13,273.52252898286315,405.10012976906853,85
14,261.5749648940571,409.64496360157926,85
25,186.52563109348486,398.963037222115,85
6,166.43847168885122,411.0119744468747,85
17,153.07997993902995,405.6997122655618,85
