id,x,y,portee
1,483.9123097233367,316.92982168002123,85
8,458.4137399197471,392.2017161752684,85
10,405.58575425357105,399.08775811702253,85
4,382.76470141665703,323.2024988363795,85
2,333.38725392525146,282.68008967854877,85
