id,x,y,portee
2,289.2048258871536,168.7220933017477,85
8,250.70864564682537,112.52250059720065,85
15,314.04687148066756,192.48737881920496,85
24,260.1873209434748,226.1792487354195,85
40,263.87690223669244,164.24547480439296,85
9,207.01663939704807,98.88107903751914,85
14,276.68384202011964,34.13913283859182,85
27,187.75065116319368,112.77627849384875,85
35,198.92013436429173,64.86070809166372,85
37,324.3366325074439,257.9968850567542,85
34,285.31498666129113,283.50428390778654,85
3,130.25040533232885,91.63435581906442,85
11,160.08274488176534,111.32942431677407,85
36,150.72426778433794,118.23112724634622,85
6,241.11498265450948,3.382284125415802,85
13,273.35738082430896,16.090495698656948,85
25,281.3259407634349,9.90395969991431,85
16,170.70228474539266,3.9770756387435546,85
26,406.6701761082499,256.43247423190655,85
30,377.5117849793741,264.5381286255433,85
41,343.22554608571807,280.6972048103729,85
18,48.304876847010014,88.24974415880516,85
38,114.68508816596862,51.05132538817181,85
43,110.90396108105271,14.874198270600104,85
19,411.1485535617975,333.22077436883836,85
21,406.0634119708725,199.49329206374327,85
32,446.51211400571736,317.03113041906823,85
4,75.41652428172601,16.418543627389038,85
10,29.962014552907924,116.14577087434729,85
33,435.7623354020565,347.5595320113942,85
12,389.2185661995407,141.505236081955,85
