id,x,y,portee
9,320.7207502963162,321.16677812456237,85
21,353.4373232220265,306.3410241908374,85
33,304.44419185141095,399.97509860735363,85
35,410.91299993048915,274.6451099398115,85
44,416.64895792359465,285.90544748942443,85
23,413.9204980882794,238.15389543976966,85
34,479.5390702728723,266.0750903147298,85
10,360.925373298717,200.4024023618842,85
18,405.6944649177397,167.5354267379922,85
42,453.0721267074734,165.5792168451114,85
