id,x,y,portee
1,125.97825829388809,353.96729858999566,85
15,200.56258300226688,317.50866871255795,85
22,109.01293616100737,329.06408680853724,85
23,122.37688346764803,359.84126163872304,85
26,206.57156402721398,354.4800311235926,85
30,66.88389920616095,299.9045737417803,85
31,130.19247437287711,286.65375911028934,85
5,227.8820676585152,285.9338931273756,85
12,213.84336829740585,352.8803251937442,85
19,211.78915307128415,263.5508274931418,85
28,212.1934154072974,276.8457739645997,85
13,92.97974293291955,244.57567080003784,85
24,23.396855864624534,278.2220691585303,85
21,244.54052528646224,238.81424423706483,85
40,230.9916963238537,200.73659052368592,85
9,71.97758285324358,186.4202560366991,85
10,264.8720026622336,178.36190671315705,85
25,281.0490387526984,203.67668411085438,85
6,181.23619237596117,153.0655296656575,85
2,61.44032061447435,125.39596510673535,85
14,157.02885997570132,100.06810805872313,85
27,152.02034345213772,96.8660691247365,85
34,187.70519703567518,111.20708839863241,85
4,31.781530182357688,73.22959926181349,85
11,252.56304918647487,88.70506138342571,85
37,1.5403285831464553,12.356484228043364,85
42,11.634086101128648,51.13385166256451,85
