id,x,y,portee
4,178.84882698295462,300.41476463844725,85
9,163.01269652882334,285.1095536539207,85
16,214.20610559751063,289.1140283765186,85
18,229.04062531246183,244.42965292422474,85
24,160.04859775591723,269.43348190482993,85
7,309.06890740022993,238.01843829558993,85
13,360.4391799440468,219.99798852069446,85
21,371.3799912587837,212.98250348805504,85
26,322.1160729230067,207.917134353315,85
