id,x,y,portee
0,160.3747886183034,172.25766145383724,85
12,136.7389915147415,120.6295610119218,85
14,118.3596521668614,227.46096354172374,85
17,225.31475642774046,120.11634309138341,85
28,195.0259175477982,157.82433580759587,85
47,107.70953772348568,220.7159463259537,85
60,116.38781676765487,154.64676838728852,85
11,66.12733196452136,152.14648608775366,85
38,109.40615138616894,91.00251301772872,85
42,183.8009836203884,53.31214436796028,85
49,111.12046290696276,77.59023859448038,85
25,128.74343877023148,286.15797208721983,85
56,34.5505733755162,242.40175478008942,85
7,39.322812248460295,146.02388632396784,85
51,50.74614388991871,80.50937059529406,85
9,69.8721321262063,21.01910042311622,85
2,254.40257461494699,27.115276593951187,85
45,199.2429437626325,283.7443927282936,85
26,23.12468819881297,271.8888360418975,85
36,10.811009910243307,248.66962236869878,85
50,303.7675924518006,58.308973901322005,85
57,295.9789743276477,57.121237796143255,85
52,248.26251741522577,238.80209584693836,85
59,245.11717646490987,277.28866900341364,85
55,326.24341500145,123.96548472509605,85
27,287.763035556683,261.25797995310074,85
29,317.40814759038454,319.53692890619396,85
41,299.7451290906996,320.0254876699722,85
18,375.0928598310284,153.31779832437914,85
22,392.2724111701219,91.78588254484032,85
39,393.11328925366286,172.25284227513703,85
44,363.288559369615,226.9177572819691,85
53,354.2460902457116,247.7493799798302,85
20,366.4393795775926,323.82622918552477,85
33,420.01981714390445,115.18489511458718,85
35,431.25392755301164,147.40330267605484,85
40,424.1211392612824,205.22399772411276,85
13,403.13695072376765,67.41264476488007,85
16,414.0813669880458,26.748213120184495,85
30,391.1316289775806,31.388871519514083,85
3,409.6284792757074,268.9442358982024,85
24,477.80941888902606,308.3841390522163,85
