id,x,y,portee
0,425.4224769929126,252.5596087814856,85
7,397.5565239343375,190.44732552914422,85
12,424.7770085068999,333.4739731113432,85
1,471.6045309814654,156.940776596876,85
2,459.6942397088134,88.00796124041082,85
3,480.84267842782214,23.29179657691999,85
9,451.690546154553,9.856902715225658,85
