id,x,y,portee
4,373.69291016076323,93.4281282171191,85
5,380.89427714057575,147.76575292372812,85
12,394.7632924458003,151.44274365932975,85
10,470.2434218222404,139.20814866432562,85
13,474.4519762843847,68.90143392345549,85
