id,x,y,portee
0,144.81203895009776,341.29273311973486,85
12,139.0837728231399,411.14874183627666,85
16,189.7270386583028,314.1639227244007,85
18,213.5668005567744,333.52231590767354,85
28,150.3181076381855,413.1883778199841,85
30,92.69269016177084,278.98660831902214,85
34,95.90693883536511,311.252102910093,85
40,214.6830281907714,344.0224243383935,85
25,91.13575341804925,465.5769230845828,85
32,106.65837943402884,466.42588922300246,85
33,134.8600227801733,477.4662788306976,85
41,155.71698355930602,454.4950707264066,85
21,258.1862092529989,307.94399532362576,85
5,281.232135957926,293.79904324674015,85
11,273.7177930709992,382.9069862861548,85
23,227.20996488882895,428.6841326923331,85
7,320.4642185113337,286.26454667054935,85
2,291.78727380175866,391.3197373962594,85
42,315.6660007279085,444.63669688592637,85
29,239.87372216840535,467.4037615239053,85
17,379.0609436210205,295.90485108833985,85
36,382.64246917385407,342.75400784357447,85
43,387.7940782445269,400.62084652854486,85
35,462.22969426472173,345.42003485467654,85
14,415.8374519064877,437.8202059999841,85
6,495.9990118347477,283.9262204385624,85
27,471.45367025613405,489.2693865455784,85
