id,x,y,portee
3,300.7290261487205,277.43146414956294,85
7,284.1366947641468,356.9637708597158,85
9,376.1119240688952,274.34732762162747,85
10,311.41398917122837,228.25542165447243,85
28,270.0391617115241,313.26880370167714,85
23,237.1805371400704,220.87534533154525,85
15,202.66237025502437,293.7806803841242,85
