id,x,y,portee
2,361.20471447948773,215.75815650491347,85
9,378.58968654361325,242.96649871690352,85
13,391.6921676178513,261.91248811472315,85
17,325.82404117299393,144.82735892572273,85
23,341.77209190001025,152.57764373070026,85
28,368.55427038577744,160.19357919607512,85
29,423.8417864460709,279.86623034990515,85
25,491.9499918423236,278.96879800552296,85
