id,x,y,portee
0,344.82860972347163,136.42985657994532,85
2,293.85903868563685,195.84911921755378,85
27,241.38503663468498,132.82734771358224,85
28,351.70114980495765,252.4550062161834,85
7,172.400852565269,127.03822779809809,85
19,228.50158065922642,65.41952296138564,85
12,377.3596508086185,332.91481647910217,85
24,286.6763459652308,304.4538109630229,85
29,190.9976466660454,2.8875982285238577,85
3,305.62348924749244,348.93686106956795,85
17,307.93988238075946,343.28998989447217,85
18,340.2835650556627,363.39859263820506,85
25,222.37533455436142,333.446017473846,85
6,323.59459689315025,409.9840711803747,85
1,205.41572897173987,406.4464706617071,85
20,169.16891914528748,314.49807774907725,85
26,218.33303085767375,366.5474839922101,85
14,105.20767766063716,315.263939879811,85
11,49.46702133543462,305.4935840471486,85
21,73.33506054391187,386.80301563448864,85
5,22.060123255064845,253.24094876585767,85
16,92.68270004557344,228.91978556114805,85
4,90.0762512210273,201.08851349700942,85
8,85.14504903354909,146.79824631882965,85
