id,x,y,portee
1,263.1441351003859,230.2799991943601,85
12,218.8455409929555,262.2712202435311,85
24,214.7906101588864,241.3060797637762,85
40,226.4398961230651,201.61290712848827,85
41,198.33129213379925,209.00873818760923,85
25,127.89871876217602,167.45569748707152,85
9,55.91818865657095,148.97330422450244,85
35,145.5047204553158,115.00077310110585,85
23,26.97873840245374,187.15353636906673,85
22,161.01440358808082,58.72414658341485,85
32,210.17640179068243,95.44327892755861,85
13,8.002169197360798,265.35532829216936,85
5,214.21915295834782,12.677209536668954,85
7,133.62784136926464,17.893652814037154,85
16,103.51895290576446,36.46565531860918,85
47,105.3088617653325,39.29273259894423,85
4,34.978802496369646,304.61036232826933,85
33,9.86268491346215,310.44940737154104,85
49,17.010722241888654,288.4654874720094,85
6,287.00159344928096,52.8579183678366,85
20,293.6866312764495,26.157403125421087,85
8,45.077354430054115,40.86220818303693,85
27,296.0156385008309,70.86744352243096,85
2,370.51108743570364,0.01585453517349844,85
11,17.2242519929377,9.754842730684166,85
