id,x,y,portee
4,18.850235335664877,259.8667112483772,85
9,71.09483100393282,290.8368888152075,85
15,44.217607951328006,215.40761652700328,85
7,123.11633829107122,345.6430111508587,85
18,112.53895427994043,321.17364810664776,85
17,73.21863370569275,149.0661540217208,85
