id,x,y,portee
0,116.03011329093432,433.9801194358,85
13,63.98773620462356,498.82961129351065,85
23,111.26077897607756,477.7524806298974,85
36,149.72617357367807,407.57476238970133,85
45,174.2549716915382,431.09674741438226,85
50,158.10370693005015,454.9902432432984,85
53,80.8424069437298,419.57773070749874,85
18,192.07838668242627,499.85603946423305,85
16,220.12721985231624,394.069795974579,85
38,173.3094433093482,328.9722900967731,85
29,51.530618600356405,354.7670902576643,85
19,253.09785447565812,332.28837449796856,85
24,273.9517588549537,371.973400647455,85
39,244.87484748255983,332.05996449545154,85
49,160.07377088883572,294.7587405333658,85
54,94.82766311711916,307.117351166714,85
7,288.32104385775244,294.9089554447608,85
26,270.1061324942204,266.4553115358208,85
56,283.5474850735093,315.11308768832,85
14,332.2771601166144,391.7405376080123,85
47,313.65935611018097,398.0110986078827,85
55,286.98038456874275,446.7138553596369,85
30,192.04234808657833,224.7045945055301,85
32,107.61784287969189,274.15168247902,85
9,326.67659640827014,274.81954698244755,85
35,357.0368278963896,317.11003106681545,85
11,274.8865233187533,210.317921156942,85
48,383.4106860275261,422.97366563054027,85
2,123.00399058783562,177.1395746022717,85
10,233.97884706199966,188.5172426307939,85
28,387.49993595967635,294.4897342725831,85
40,313.2465661951863,153.0472548831217,85
42,318.9219846377531,167.45412725267866,85
1,415.2631851644592,494.40714651084465,85
20,438.2327843898702,453.02877931861406,85
27,437.52185425387694,411.42174919363237,85
37,95.30042849873894,151.82797683482607,85
22,203.15837218085548,135.55068175478684,85
51,419.3923477863608,233.97625222446848,85
15,389.10982450116046,165.13947886116642,85
5,42.634952855721885,132.35416884826518,85
6,41.433545611184066,126.1699529636121,85
3,225.47290462491625,76.43605716667201,85
4,265.63041969528575,82.36372353283033,85
17,162.95399380023684,63.81385279274038,85
33,187.7868683935271,114.37520401741563,85
21,423.2759431290688,100.09525123502627,85
25,378.39143651388815,91.65534701060274,85
34,405.92678978855207,130.38255596078702,85
46,308.2093466425741,11.376021406655001,85
41,107.60462237266916,11.918727716496269,85
31,435.2984363621951,22.584509072346883,85
43,355.2749598644544,54.70071455865183,85
52,425.6150557263452,75.56883126802688,85
8,354.8862831057073,29.255630802752563,85
12,373.65368146742696,20.921060356043075,85
