id,x,y,portee
7,394.306267472339,401.2905760896807,85
10,445.7722337355682,391.103333178239,85
15,357.29939075133757,465.126674212296,85
20,333.98944081325357,451.95267774569703,85
18,430.4754365834907,490.8056236593391,85
16,263.237320945004,435.4416285628225,85
14,211.6561168997581,369.5130744491967,85
13,261.0001822525026,342.43523428475817,85
17,163.74257959809734,326.04146567344543,85
21,237.67506143360302,317.30152674877155,85
12,212.41034428080263,267.637118444896,85
