id,x,y,portee
0,281.8670872789608,100.7054705421252,85
7,337.485502627689,143.09465542847278,85
16,276.2552896474668,163.30403485183447,85
12,352.131976981184,221.4784963719661,85
11,225.79665863720265,187.62811841686232,85
17,213.58699035527644,220.21864840078408,85
5,383.0323728877541,222.58355281273512,85
14,383.1567749418818,285.00788581243256,85
3,415.79300530143774,283.65498684426564,85
2,409.28211917297574,305.6058557119005,85
10,399.9050829872688,344.5459944080313,85
