id,x,y,portee
0,347.54755792523474,167.8031381970061,85
9,393.77964486285896,132.2098616701694,85
20,315.2579542016983,174.66006691229518,85
24,353.338518025962,122.67424337293492,85
26,330.1064823249694,222.73146605000332,85
32,365.871895473069,222.5377768383706,85
1,361.0568908843284,56.03120755628055,85
25,395.98062851949186,67.71074484476347,85
36,451.99743762363715,79.6592082686533,85
18,266.6034922205441,121.0005510723633,85
4,346.7913973810608,294.43126637143877,85
15,398.72158541410664,268.7402064957974,85
30,426.6561290406888,35.04765461265902,85
22,431.825681573665,8.646729041317247,85
23,494.5914329621194,52.76936521669834,85
40,188.00286182878483,143.31996706930028,85
6,329.0921765790498,375.23543994089283,85
11,321.3141580863899,356.59621422132193,85
12,293.3667401217836,359.20330014803557,85
45,298.9598214671269,364.48913432743876,85
46,301.5661771045129,322.9094665068673,85
3,466.6730090563495,255.092762349256,85
19,191.44769167498742,216.80611319246472,85
29,137.8111631130518,131.00069411743763,85
31,123.75178957331201,195.603723165647,85
33,159.0290700415129,125.22604722367575,85
44,171.1852931059419,109.11111241176913,85
16,350.80011478508595,394.26703061333745,85
41,263.52882184280315,413.9050754170291,85
8,125.13883982193119,253.12867738693612,85
2,69.43031795009969,190.08623915799905,85
27,47.78538065690835,191.85738720341217,85
39,375.4796990697914,472.6513843930816,85
13,229.22882498202824,434.1552202470743,85
28,203.70675747187488,354.2907623488552,85
7,105.66610195399684,284.1318064335426,85
34,55.860626337274624,265.6070698196366,85
35,142.17912202529803,322.4183320592509,85
5,160.79251641952828,460.87361227662853,85
37,196.17263195795493,496.95391905955216,85
17,151.82360747771662,365.59825738257604,85
14,112.84601457657179,339.86869668980586,85
43,75.05582856875725,383.34628674368685,85
