id,x,y,portee
1,387.5867353122698,351.53282699927735,85
7,374.0014897941455,317.962418330888,85
8,347.1765562215194,339.91217414159536,85
40,451.62922802216167,325.3562443095704,85
53,429.0851625855238,336.88604814494084,85
16,298.16089635902216,354.0573166142297,85
38,343.96179699627714,264.14780892506593,85
24,298.86638366445146,398.08973896226877,85
46,270.9778501322132,304.46485858977195,85
12,486.06889592802946,333.4525020334982,85
27,476.01464704361,293.5462579114129,85
23,226.09374167086915,347.4960013561599,85
30,243.36565196252585,323.6156879003391,85
22,351.82176577957864,231.47644052851712,85
33,299.0264135416706,242.27813034072094,85
34,339.3773880375605,237.4856857179905,85
41,358.9122752367178,185.64062509349566,85
44,366.5536303425783,439.07135568243257,85
50,254.8057189988543,446.83048400571556,85
3,206.28764381716974,296.45815507850403,85
15,233.54002297682047,262.6079519065904,85
47,216.85960899032457,257.62221711126733,85
52,170.65298226522324,367.04110131445117,85
35,372.7974397821227,160.75899515851654,85
11,403.2417425401554,145.98634022863388,85
18,434.96831177018095,206.71449254134828,85
39,346.796317945005,125.68921406506473,85
32,448.4505115637859,455.93136938564794,85
49,145.32104263454832,246.69947399665614,85
26,130.65457764760563,383.89756946373114,85
48,333.5601287588567,87.22093440466766,85
31,478.53406913355064,108.80944394789881,85
5,495.7948700858546,204.1114275690157,85
21,494.01817226918945,163.88412977136142,85
45,286.92758234818814,122.37667711407185,85
14,483.1965015556182,424.23897584853967,85
17,473.5917301163557,490.95587952313207,85
37,65.76583951386506,234.6566372848091,85
10,365.766573191012,39.340619868085405,85
25,269.608430217867,48.13307783880094,85
43,309.3159314954247,30.72228593446541,85
36,488.05349240217515,49.8972111554194,85
6,39.52631326825884,153.85432251928205,85
19,80.77511289743133,307.3870564267478,85
29,39.35803377202068,260.75543020120745,85
20,428.94861756000427,26.654809254793797,85
28,441.88071326554575,15.660969013941317,85
2,224.93520083238127,57.373681514267915,85
9,207.7372107157039,56.541577482092706,85
13,195.49431392113837,22.719618517195393,85
