id,x,y,portee
4,29.27270529335557,72.579908807549,85
11,41.138126378025554,147.69639337167223,85
16,20.87093223257336,124.73868476567246,85
9,11.871185286236818,191.2903405744622,85
14,1.5580864204452483,190.24328477056736,85
15,32.81494826967152,158.62773311978344,85
