id,x,y,portee
1,73.78502453494407,135.65115685522034,85
5,112.34779410134621,64.33409695381309,85
11,73.6527985090547,147.47425894031474,85
20,44.73396847241462,76.49063314992289,85
36,146.07338590918027,120.28950375535857,85
37,52.69006853047625,172.14387320008157,85
3,155.20466021720324,91.05898557013393,85
35,183.88085750405708,95.60415914602032,85
41,110.28217559798398,9.322013716691114,85
42,82.77901285789669,28.131709446356513,85
8,223.05522683359663,93.52797151749753,85
12,100.51688301861839,229.02255972769132,85
9,257.5206317864337,118.31843860785824,85
19,265.79954398537103,121.86247419142282,85
28,256.0461114891837,49.869114289926465,85
38,309.6219079864591,71.01002416762398,85
2,304.14715980153017,16.768076132128996,85
16,383.4446457623271,86.49518369008452,85
32,358.0312993420419,129.53055743975,85
31,409.80401798227655,74.0839663009369,85
