id,x,y,portee
0,195.92704641373354,322.0677784892204,85
5,255.4556124891103,328.99198455194016,85
22,205.92840130807284,272.36371451353637,85
1,279.1941681965875,352.720341573281,85
8,272.2978045512235,404.4041334497846,85
27,294.6409894751324,313.27030433682893,85
21,208.82457517564023,407.4862668366469,85
