id,x,y,portee
0,478.83165398615307,107.60979860469556,85
56,444.3292077663788,62.41274796803914,85
29,387.39915139441484,42.01796264954655,85
47,373.99136879720817,107.80667547967055,85
17,317.8966500642795,65.9502680863373,85
45,365.88816837134124,24.028250150751163,85
48,351.0072972287059,68.90487195936362,85
27,301.36358006446204,93.13702226829962,85
63,295.1819672857641,123.02246999093246,85
6,248.99296213556937,112.09828218418566,85
46,261.524173230159,124.98666430266553,85
65,281.67527939385303,125.47110626093483,85
24,232.6979143141299,162.21112232401703,85
57,220.90645363251016,147.7384500997334,85
2,172.428438292672,120.26370226696088,85
34,214.43442998707752,86.50012113753137,85
68,206.54162110759816,140.77065049778432,85
33,167.3459353380626,199.626922576214,85
62,165.40112433041827,152.2424683946486,85
66,151.33696563915666,111.65071622285217,85
15,195.68371086050684,41.70032644600658,85
31,165.64260284907212,40.68895738339706,85
37,127.06063461271656,168.80531681341643,85
9,147.18268416614973,213.7616798089303,85
12,132.19012924337608,216.2517740819012,85
21,132.3994432011092,260.0386584074139,85
36,95.5697227721044,242.87489725992816,85
61,165.92451932717216,220.7091085600673,85
44,119.89170850979674,39.73790343430112,85
11,99.20513241523038,16.197382263746395,85
67,67.11156291255304,205.31560326694287,85
59,141.873778697498,294.8753174334111,85
1,81.20955513806084,12.519873831180139,85
25,49.91879395506732,0.020780608125492428,85
26,7.75699753692699,215.22077057595695,85
8,107.43846105683302,345.8869477601441,85
18,168.70634628601965,350.0203383661981,85
41,209.75792341570042,315.34914885209236,85
42,102.5664048374419,339.71486006180925,85
14,0.5363999624338756,263.0536870178649,85
60,2.744639719600317,299.0620039205283,85
20,85.39799150810623,420.0995995607019,85
22,57.25034549237695,369.1636001710734,85
54,99.42567930105928,404.06721907873697,85
55,188.58741706681985,367.06113011573285,85
23,185.79457547649218,412.4054174595923,85
10,262.46723301429176,319.6274622567107,85
28,283.6570637261545,273.353228842479,85
58,248.8265626233127,288.442650404314,85
4,139.9550744590492,474.5676360850348,85
13,60.34635430459056,497.346008709173,85
19,86.81202673594302,449.19414435615016,85
51,19.89996687934975,434.7799312027248,85
35,195.0140363887401,452.966594397568,85
39,238.50383630848467,446.94560249956515,85
53,191.5422426628064,471.375954486365,85
