id,x,y,portee
0,419.49793894074674,476.9310179647205,85
1,384.3929849299948,424.7476557726204,85
8,324.24527263734245,379.437097962285,85
3,286.3159096095696,356.784533524577,85
13,216.33273081406801,354.86294439144723,85
