id,x,y,portee
0,152.3762071124756,210.36387322387185,85
23,156.47591595213862,214.0494346324836,85
33,102.9194183517751,198.27270462939933,85
36,233.62898070277828,198.51464331409701,85
8,35.728573141569186,211.54881801081095,85
28,266.5841343640224,126.17993494361713,85
4,0.37871793500710016,204.23356271899445,85
14,51.967500441325306,284.06155443999006,85
16,237.092932084497,103.21970482911469,85
30,313.04609100743016,113.20944088578378,85
20,16.768397095404953,351.98162668052265,85
2,194.15367794837414,78.6641006769156,85
17,171.05809969871333,102.64049121473506,85
29,285.667573013958,36.06617543559415,85
11,279.6015145445205,19.637230082518663,85
