id,x,y,portee
0,88.47694821429175,316.60027547757966,85
9,34.053977453033234,348.8752510837153,85
8,39.27284016709898,395.6796197722665,85
17,2.373193158677789,365.8872830389831,85
2,69.2422751965503,442.34662265304803,85
18,140.5496707345036,397.5940387521784,85
