id,x,y,portee
1,38.74864916152987,229.9314439846291,85
20,11.654167734846844,286.2309306058847,85
30,49.44923000670221,170.1686734639637,85
31,84.82912699797119,246.6832323751277,85
35,40.756758751912756,312.5541778998997,85
54,74.88279762116706,297.3746756277225,85
47,22.4830223642305,357.7210592621267,85
57,2.2589368026353362,369.5281858589089,85
58,59.152089329428726,117.43472879209205,85
2,119.194823227596,318.09480510443973,85
6,149.57968891847943,201.4276208989859,85
12,120.68709851684811,257.67708686775416,85
16,160.1308051279982,251.18804435917679,85
55,95.73140005772713,351.8921047618018,85
5,111.78671441192833,372.02729162419155,85
28,71.00431712351319,62.79513762256972,85
45,41.62555741084895,52.400924866497945,85
14,144.3896931578416,364.21802305056116,85
19,179.14710651285216,266.06948500463227,85
22,179.11106127448016,310.810465512594,85
29,125.35500619745355,401.5942117357972,85
13,185.56310107110752,245.69613781180877,85
34,160.76799746449572,138.25481679819308,85
41,189.4689660100316,179.21922027465698,85
48,118.24702667414545,419.4064504525293,85
18,164.10229136466597,439.0048105386651,85
50,182.9953022932343,388.0443707652719,85
23,106.5188885349887,40.04329981891813,85
10,168.32323547521216,445.3613681241452,85
32,237.51169831788667,213.08427623988686,85
7,212.6941030387802,127.43460300491682,85
56,200.89181468503514,93.83683219919759,85
42,248.3328753643987,167.30587343035913,85
39,167.7356309099322,481.87573603633,85
21,223.16740813051794,472.3232666258855,85
44,211.35953613314217,441.96321448441535,85
43,162.71073149012653,5.266857007085068,85
25,312.5085544408139,206.00296053844647,85
38,276.78219099020606,212.399207690252,85
53,241.0671137320099,73.18389383161289,85
52,309.128681780959,109.43842477532002,85
11,252.89748712128502,463.89029253110925,85
9,356.86109586756174,212.69596915733692,85
36,340.2590004286201,272.854304083784,85
15,370.15858206688415,118.5487756445891,85
17,429.33803016710135,225.59907200156087,85
3,304.23016515283143,340.0126783194773,85
46,445.2434339691252,155.70441676400048,85
33,486.64226368985095,262.73240299119817,85
37,493.80004656806227,176.83479060911117,85
27,324.8712574001338,381.13239208870806,85
59,335.8559896848925,366.70782415047637,85
8,446.0878109622934,330.070732233344,85
