id,x,y,portee
0,75.76897700554558,390.40764442018394,85
22,50.36423079663776,336.1378738632451,85
28,85.86243167287383,448.5397438319752,85
49,148.4223436338763,425.8631507499433,85
51,54.31849204215894,315.13646658083815,85
11,11.383991720222253,479.77069745696826,85
38,157.23515081908766,432.5180091162311,85
12,189.96763797493048,418.978203475431,85
24,175.81860938763856,476.1056911849743,85
39,174.1792972983332,400.2094775895159,85
20,54.048885393140345,231.6571998506694,85
32,218.92967960911946,475.3870117227495,85
19,58.13371642062454,213.9246730605103,85
42,98.61451136986682,214.4163777871395,85
47,75.71476396480182,206.79904183909946,85
48,109.52638762229915,195.60064146959843,85
30,118.58660443582953,134.06534946080612,85
33,145.88321713126496,169.2369882456986,85
9,188.81537849471553,222.08193796824793,85
25,172.31419738343374,143.07586046923564,85
1,234.44024396758462,207.23149322715213,85
6,162.32235155445412,300.6740227899783,85
27,308.8956173277827,186.93456511999773,85
41,305.81356594476324,214.37342178311008,85
43,307.6147401879578,182.3169610742651,85
15,237.9235994847717,320.3671726607348,85
17,155.3305593776395,300.61445679841546,85
2,375.27573706941837,136.29932257134104,85
16,326.32719623641793,215.6222259490861,85
40,309.1412445533611,279.674461709872,85
35,253.8808196363606,332.1063811277138,85
44,326.11428268312494,354.31235681858846,85
37,275.6720322796978,402.96068852194304,85
36,333.8924962948313,395.8760097138774,85
45,359.70559396217334,399.4179550622098,85
