id,x,y,portee
0,495.87792136499337,270.6818828881615,85
2,482.17821830131277,189.63431630856903,85
20,467.4509525994569,337.08162288589705,85
8,483.8528599639862,154.30100022327636,85
14,424.1212623026024,197.43200085349,85
33,419.0513988177739,153.77581779411088,85
3,484.8433784975324,410.8969036624814,85
21,448.99868451278775,382.11142542272364,85
27,370.17838379060686,222.35377508201637,85
19,384.37561545563,362.462883642748,85
11,303.5202282363245,359.282306437524,85
17,316.1710125029111,331.06187088781815,85
18,236.03797533179105,304.2365330847725,85
13,202.8279949900748,355.89123026200195,85
26,255.18375013847904,263.16805501091056,85
31,177.59795284993214,423.15326629810033,85
32,171.46872751599142,434.4755602840133,85
23,266.90700152836536,205.75025638045668,85
9,116.37637513280403,444.0940306380002,85
30,196.8055307932996,462.8254467009543,85
25,298.44030338515444,165.2456380498204,85
12,243.71763467065577,121.64397282642875,85
28,265.0588604885661,102.74841527085121,85
5,217.97185071162394,103.64283838946365,85
24,229.65811485326822,72.23018131415148,85
35,191.69898793292063,90.54908649812133,85
36,210.0586633249607,74.45963388731796,85
37,181.41158152800523,161.57583405043223,85
10,137.04707180157743,127.88375583905992,85
4,195.01090233637518,8.817490841288633,85
