id,x,y,portee
0,476.46896837880183,471.54478054112866,85
9,405.082760413265,466.36424360830176,85
18,470.4614288576231,461.40023735021856,85
42,423.5443146434692,420.3381035579079,85
22,329.48792559632864,492.5304077540582,85
28,372.86823472444144,471.77514720388893,85
31,409.9781377550672,405.68393654357266,85
43,361.96494977336704,395.0465222697727,85
4,426.03679949053657,378.1862370049444,85
12,429.1125999993646,356.4154354251713,85
23,304.54210724531265,478.1492535106944,85
44,324.46842044596633,323.1272706204934,85
35,415.6861427530934,288.1924321886129,85
38,440.60878843936194,274.4933483452913,85
41,485.5168379407608,303.3493633613391,85
34,221.07965793249952,466.6932680539363,85
32,367.56124494597225,294.6406634975394,85
40,499.5348202372618,232.06798192324635,85
