id,x,y,portee
3,484.8483989285447,307.92477711442996,85
6,405.27917032527375,314.5768631475616,85
7,400.81992587747925,290.09227441053554,85
9,364.64452504692844,309.81683424222973,85
