id,x,y,portee
3,325.67619934650713,464.9058327201938,85
6,323.4317018154541,482.72528208444965,85
9,335.907558570229,417.31134563563074,85
