id,x,y,portee
1,329.63401247387344,392.60247371170266,85
9,263.26203522012946,355.615926094714,85
7,254.23980334052442,347.63417981824665,85
