id,x,y,portee
1,111.85604534960098,320.1752010770192,85
2,99.32372645552279,344.55191891647127,85
6,136.26385059708224,285.1548575598076,85
22,189.42301234393886,295.9793592279208,85
32,126.02594890953279,367.96991780826335,85
36,150.87953986221487,381.9532994928455,85
39,137.68524131945964,271.7149516258476,85
9,28.44821398270392,370.5658508305952,85
14,150.14138310291824,214.75928264627132,85
4,11.37286072050242,448.0625440517601,85
