id,x,y,portee
1,303.8993151931328,154.03355686990312,85
11,277.7818564730243,202.91548912277835,85
45,355.7821831117696,167.38226464346172,85
19,230.65890796000022,237.43741809016205,85
22,200.09578966773512,234.78419574591513,85
30,259.2083309685554,307.1703416829408,85
39,190.0233582210115,329.8162374041599,85
16,174.5110765855538,406.17186567572423,85
18,98.73536540675798,396.00318571604157,85
26,180.45452465250804,461.15730664661663,85
35,192.43044489302423,430.9042126389295,85
42,122.5156771831642,454.2387803116744,85
15,98.11572170285432,367.85600526373753,85
21,82.39604296375991,476.3662481886594,85
46,63.135955192088645,398.00802235559206,85
33,58.15282663429322,473.1965545443985,85
41,93.10660437650048,294.9710189952505,85
