id,x,y,portee
0,465.16951335281124,410.7294106714957,85
7,482.6979599677671,343.8015612135865,85
13,494.0531654318429,367.9064105408052,85
16,420.24595557382247,482.8348408720666,85
18,389.4381292518893,403.0054671348227,85
3,355.22998777785915,354.04831095827933,85
