id,x,y,portee
0,105.03312907257694,159.22438136851324,85
11,99.10022076202956,129.03361169044936,85
24,113.28802643177532,206.91264842644614,85
25,142.69373891637093,251.0949195227443,85
26,179.1525157993814,242.37912255248335,85
7,107.59134897771195,304.67310787876687,85
9,178.27270382415466,272.43832006392677,85
32,199.6407973312685,242.6337563953117,85
23,163.78483981772897,367.5638026059485,85
1,218.4700201762339,338.87070071367236,85
22,235.8988396741178,404.6419219636787,85
17,282.3000043877867,460.2685224174968,85
4,339.4987965710602,492.272968973446,85
5,328.2632100766331,416.88204435117683,85
19,313.42674557377285,479.32555713029666,85
12,367.4005852570638,445.60941758730826,85
3,313.5932770833008,366.10914774483086,85
