id,x,y,portee
3,128.1246033740484,125.30634123017221,85
14,159.32597725725785,151.2975334248491,85
23,50.392853392736306,96.4729286043164,85
4,21.908097161393858,142.54694808703616,85
12,33.24831192010469,65.12767515793294,85
24,5.805919646131253,108.26554380223492,85
