id,x,y,portee
1,290.6824561392016,248.77694106778492,85
8,352.5865218114392,278.672912219119,85
7,341.3179683601488,330.14416777987094,85
4,362.1121346882449,375.8259212902496,85
9,426.23108976713655,353.354710634172,85
