id,x,y,portee
4,355.01777917437295,362.1793161728362,85
12,362.3928900791773,344.8118642984718,85
13,380.7576156221085,269.84666112962935,85
29,349.98750316910855,213.17834187820296,85
22,313.6802609640172,166.9307391671194,85
17,234.12445470585948,180.48200551838616,85
21,264.3189743099066,237.8844197447153,85
25,231.17104025618846,195.84225664477682,85
23,158.5170302039942,231.87737779874746,85
