id,x,y,portee
1,79.36090263271434,460.25961668765484,85
2,69.17133984013424,464.9502724009137,85
21,143.57390403083875,496.42601602703,85
4,188.25701059758305,426.0099716204007,85
5,206.6907182542022,401.04584154004675,85
12,189.69176731167013,400.7310857819463,85
17,235.34136809076506,461.4978141966842,85
