id,x,y,portee
0,389.106147865235,479.93771902237603,85
3,423.59343181859106,486.0063315965176,85
9,403.40752835576654,465.83554571599666,85
13,416.38512978837184,498.2586884070258,85
53,363.3860929143047,414.6613153776542,85
12,458.825390391816,426.3072378147297,85
14,480.8173209764406,453.17394481184147,85
5,351.7980257039585,342.0785446762032,85
27,333.10866750420024,370.8906894178888,85
49,303.07519623467107,362.7065050220598,85
8,496.5015757972393,409.7354054150137,85
54,246.43255516527879,418.4242506758276,85
55,245.66069419159058,355.1265752955768,85
57,482.47179087413093,329.6536290578395,85
35,167.5514306030687,388.3628674949346,85
38,176.9522158265267,410.24633713892825,85
45,205.167901848323,359.808584827394,85
46,200.5040442242209,412.37624377846123,85
47,202.35515394309306,463.9576592761964,85
52,229.92989920950123,446.24366300008995,85
32,168.86328922274978,368.6826103435162,85
26,131.50741868450382,408.7020071728942,85
41,96.66831503925243,431.3654039837093,85
50,69.92382050143492,368.3433868819966,85
56,35.34442271393107,481.7121409097256,85
23,44.96312402334885,342.3751167775775,85
