id,x,y,portee
1,471.5135992902567,269.0247335793526,85
8,408.7929612046445,257.20811785259053,85
13,432.8155541529324,196.94673147193825,85
17,406.8883059581341,217.6947006233425,85
26,413.8725830070549,307.13604365204003,85
28,465.8547588160557,279.9502776422498,85
5,413.08282894650154,144.5736546246139,85
20,352.3088959079295,173.6185443193201,85
23,454.272942372704,166.31914531928936,85
12,319.02813971512876,190.3263787859691,85
22,285.5280064950781,222.05551314112114,85
14,240.15447983341764,192.27933269914212,85
24,261.01646341020336,190.0427127683354,85
6,319.7488618761612,295.89873670777496,85
30,207.91643522181602,261.3532476321102,85
19,318.94768419321974,339.13369137625557,85
