id,x,y,portee
3,262.65830013416917,385.7770585763629,85
7,282.6679927050011,315.8500924338484,85
11,282.3837910695621,405.85160502589144,85
13,270.2092482494787,358.1418419427867,85
18,235.53610762469827,442.3325020964865,85
20,319.20225235590584,444.7983080835464,85
9,351.57893556410096,421.0646337083197,85
10,403.30225931240426,476.64311079945537,85
