id,x,y,portee
4,122.85245641140425,103.90150491552308,85
18,103.27138873368658,123.16695201292077,85
22,119.89577892151648,51.0501101870473,85
24,124.94027410810959,31.844434735611493,85
20,50.554769835585155,149.20289670658238,85
25,102.62470620829379,7.700254022100506,85
12,19.77973151395457,150.6212520211141,85
23,16.11478540338157,103.60588593988545,85
