id,x,y,portee
0,372.6923647660806,183.7516674199771,85
21,292.4277053850888,207.50093847440908,85
22,337.805209421054,120.76639082381496,85
30,300.1575763729796,217.49053108549708,85
6,340.19661384936535,270.3906771041214,85
29,224.38773713160427,178.27482447151755,85
43,295.75389606486294,277.5703692762791,85
31,314.85558620706206,97.764346125846,85
36,285.0168223434188,78.61575294008661,85
38,307.6297497201152,91.77582847552829,85
52,276.3564949054463,83.02483757168427,85
41,218.1014385731181,94.53204697096818,85
51,178.90042826271073,124.67416441778224,85
3,264.45081211722453,73.51792967849252,85
53,232.80254220634683,37.78709555146076,85
7,140.4834250129644,121.71344097768139,85
20,168.31654730858165,49.458231159913325,85
37,115.83471774344095,90.610840572723,85
2,161.90234478365085,24.150814956468814,85
9,95.65278865987575,50.34979997190142,85
39,104.17985404150043,76.3799066392178,85
50,140.49237759007045,22.57091251640786,85
44,73.16073888584917,30.284000061018943,85
