id,x,y,portee
0,341.27885634297166,66.20365755896584,85
16,315.6836398483665,88.96088555315818,85
36,406.84738749738955,51.61449636415816,85
49,373.181277059184,81.64434137031895,85
19,254.59163335940588,106.88937026080141,85
39,268.9829119856659,151.36640388739525,85
40,251.6058017345147,96.63126242466025,85
32,473.0859554610964,57.32908528349617,85
2,234.29964775735985,167.61964483272806,85
12,264.30870041593204,167.97266098067465,85
28,231.2494970747419,63.55777023971099,85
38,287.95498431430815,183.99194855634565,85
15,491.5114965227949,111.28467819985605,85
26,483.6315997374898,112.96333376300215,85
45,173.77940775124495,207.5683877091963,85
25,152.40729319263212,37.063569989068625,85
42,315.9979879424889,248.31952872641844,85
13,145.62846611675522,139.75940129224966,85
7,108.49823400358355,43.480066821233784,85
34,118.25775296110291,82.43550722731786,85
3,301.5347358769797,309.9904298194522,85
4,291.9962005665932,320.6484784141723,85
9,343.1281506787997,282.2731700996248,85
22,361.0511888663908,243.38331091967507,85
31,312.77128345541047,306.56252267501253,85
10,224.82473987482837,294.75008380923435,85
37,340.09472428915205,371.6076772890341,85
43,301.9780887739339,368.06005646411666,85
35,412.0567466115007,291.9125102210062,85
46,407.7475200231423,307.3095817791168,85
24,392.3419817792345,171.7200817157688,85
33,361.6232244668852,397.6314627365603,85
27,222.09045706299608,387.7039608881787,85
21,487.93541448133846,286.81776729462615,85
8,418.0193353472234,430.4205236381091,85
30,387.0229315186842,478.64568057330575,85
23,462.490203302909,386.69621410491453,85
