id,x,y,portee
5,217.4941614600116,88.66473424542349,85
8,217.68931869709095,82.67778675706738,85
17,147.69129700000406,125.50939110335857,85
19,170.088956434165,74.90011951162711,85
22,235.78609708457327,74.69962285075016,85
9,98.28605963475256,150.12936274948925,85
21,114.25512997150022,119.98071562078644,85
