id,x,y,portee
0,16.270889835373058,173.3502732707577,85
7,39.523933524060915,170.13425108218655,85
12,8.716416594608589,220.0635937207065,85
47,88.8197961943129,203.2986104360962,85
9,75.79645970191874,246.11338004429217,85
45,95.0070074424127,224.40475868400927,85
15,162.61152401247392,235.32944744234786,85
25,153.45394456463117,234.47297484950712,85
35,165.24982172432124,170.97732301554836,85
48,193.2396998315664,276.1208964742886,85
54,242.18599217408783,180.03670782719615,85
43,269.4019582113746,255.63598403075332,85
5,231.65700637745246,106.10091730059362,85
34,257.89949393227045,127.79479778579628,85
53,304.45266732844436,161.51969774823544,85
30,331.807046812707,301.73479830538247,85
36,329.3857753949901,289.5209071419318,85
39,311.3365051772824,262.1657658453931,85
41,287.82015064136135,313.88146625736726,85
56,316.91200148224306,241.7822316365613,85
14,201.87008254220328,53.984309487060955,85
17,187.5558956389028,59.7178654890565,85
22,211.63818204634026,54.53494035157075,85
24,184.7304048932303,64.85358689020244,85
51,313.20144209397546,93.72408314219655,85
62,210.58982367341522,69.42921271663526,85
8,332.9235106567431,145.0145080190825,85
52,338.4016554182976,105.82705024951922,85
1,346.5475088352476,140.22713802268584,85
23,355.5437849866037,213.59995802851307,85
46,372.0930602666641,142.36048341886604,85
3,334.106920440253,323.02321863902597,85
57,304.81989570405665,353.7632462529092,85
58,347.2100345360813,304.51316472827773,85
37,386.53852964812,227.66221184241286,85
27,141.31797315292079,0.5765153549129876,85
33,308.2701791424996,44.08022794631955,85
50,381.7869502156946,79.75194342535502,85
28,402.4391518897004,92.83101851711983,85
6,430.3593594069745,206.19648254538015,85
44,414.58586963111725,210.36456312158452,85
31,450.3426017283313,161.10376894357574,85
40,345.20326188023597,401.00308222822173,85
29,241.13368170445258,408.1972440682928,85
49,252.67349793553555,393.56443772019566,85
19,445.9816249556794,238.96515111546506,85
59,448.9405327412099,270.0586774342868,85
61,458.164834967135,216.0634532553796,85
21,362.8957220786741,19.37380762807006,85
4,473.5363018757141,47.37681266633287,85
18,462.26478962776343,132.52297812603803,85
60,479.84549754735417,80.36264192688702,85
38,490.8208063497893,149.99507198383984,85
20,376.88326575093157,424.4158738451019,85
13,237.00418989861095,489.54236771966634,85
2,188.36645857926592,485.5217234657959,85
