id,x,y,portee
8,103.95393755399674,332.3385316739504,85
10,125.52844596280809,280.07294302312175,85
11,136.60523326134793,211.48021305548636,85
