id,x,y,portee
1,210.26748932473944,261.7465813300878,85
4,242.22287098951,321.1033758848958,85
12,177.88251584924447,256.57108462467636,85
15,170.90259849370648,183.1975509416323,85
