id,x,y,portee
0,95.10431017477389,368.52358660765964,85
1,142.62714959126316,372.6102191750807,85
6,77.08883865500272,390.5677565426172,85
11,147.71501902917478,396.4718612340608,85
21,68.13867464139872,339.2189676333039,85
8,183.2276736735503,407.09620251769724,85
22,188.84050230242428,431.5480230042673,85
16,234.652099580343,359.9957354332789,85
