id,x,y,portee
2,50.9072295047821,104.53898811117196,85
3,101.8898722354598,155.86561866111072,85
18,69.38238579871093,44.69302768365024,85
23,118.54676920871293,129.00831637836873,85
29,52.045564967160615,59.59252541193999,85
32,120.01674408473534,158.33252361578553,85
33,131.7865468290968,164.65627609384072,85
24,188.29117008989073,184.30973871772332,85
34,160.8148004701196,227.1730921808451,85
19,267.39392146174663,180.54721726464905,85
12,218.10238481256133,265.21564355177645,85
13,173.14141334796457,268.12445440232057,85
17,132.43205556141945,281.55189105752487,85
9,279.224329468185,171.4542543225398,85
11,346.1496586017926,187.4618171885907,85
21,303.235816550921,203.9546767090651,85
22,268.57485445086877,240.501187385127,85
27,272.40973503598303,236.40397081651753,85
6,280.70771122642566,275.17568760374434,85
14,336.31312142948985,242.54280083471596,85
28,379.8675664085486,177.79109585677284,85
31,399.65323514302105,259.8508096982216,85
