id,x,y,portee
4,260.3620836026014,48.73837648779811,85
11,261.36847598930075,31.76245347279022,85
17,232.46188673486006,75.97632179649261,85
19,291.3956367733622,36.91986071592862,85
26,327.52788880288625,27.627001902177206,85
6,205.87308116991127,125.67877783808923,85
16,188.0839187347172,197.16968976269865,85
24,157.89969506555457,231.08957079055364,85
