id,x,y,portee
5,377.80308119344625,181.88051218606472,85
6,427.0286891743066,228.30860791550762,85
13,303.0618723140277,220.47407744465735,85
9,398.7096185740391,287.7407629569796,85
12,415.4496739874294,344.4825857652088,85
