id,x,y,portee
5,271.721299160769,372.19834143270026,85
6,310.96949659263385,435.2814378357253,85
11,337.24549419938256,366.19407728255607,85
14,256.81739951178344,464.773937779002,85
