id,x,y,portee
2,65.33605884090188,326.288797322197,85
7,40.645319845127034,386.3197071294064,85
12,12.48060576619886,359.02563409876564,85
14,108.37662290889938,399.0401035333039,85
5,134.79815524843787,427.68715321704974,85
