id,x,y,portee
0,227.8958797905329,70.40841767189082,85
2,180.32706037214356,81.63724479538631,85
3,109.72723487682784,72.07040505729806,85
1,110.30304320284162,21.270076479886658,85
