id,x,y,portee
2,120.27177604944117,167.72032773628737,85
10,110.4218094011466,109.49770289612515,85
9,58.1878057716369,97.07843411954615,85
