id,x,y,portee
2,369.5785059279567,155.441448320547,85
5,358.1958829717476,201.79040290390304,85
8,368.84826446304146,209.91988233033288,85
9,367.1376604938377,247.53543425438835,85
12,379.23292675784256,265.0033318134115,85
13,340.51040918354875,246.36505899074052,85
