id,x,y,portee
0,62.81595773131471,22.973187220557524,85
9,36.16913676469413,16.588439410581522,85
20,107.72730650833834,46.05030527309984,85
31,113.31686272589403,77.04644007656869,85
33,140.97833567780927,48.02564731300407,85
51,41.765179978018985,70.7163546610235,85
55,92.86911875248322,73.63242210680332,85
60,133.4778653272118,109.24296147805302,85
46,115.19964598702865,156.8867936367838,85
50,197.93820178189193,101.17965700477566,85
57,191.46715104012608,26.948136312158034,85
36,1.4917871041256192,119.14897423058358,85
44,30.357365813600936,109.76705931866792,85
52,167.73039157710778,179.4671491193794,85
12,131.52132845137803,221.94507586779577,85
14,118.33975626056775,218.46189827233658,85
1,257.863832128997,153.0076634151498,85
32,263.3710971915073,54.69132889554851,85
54,252.34301125535325,102.67329771646699,85
17,9.69691264850442,149.54838718737022,85
56,193.43515813481122,235.8669408217056,85
19,73.17325465238045,244.76966926713817,85
4,323.2437141823278,193.51782273291923,85
8,301.3539371286136,150.576310955115,85
40,288.6401836999734,225.45270496149882,85
16,303.1573824298241,3.1116319868976783,85
29,330.4554165817992,64.88755628562387,85
42,17.969474856894095,278.12743201021107,85
45,19.296659915448544,237.89351290128573,85
47,36.27062714555651,275.41501837932486,85
2,293.88987693474974,245.39506657537902,85
10,344.09901701636915,245.2744430147451,85
22,328.50258190557327,233.40958834770242,85
25,349.91622368227394,153.23928004330028,85
64,325.67849961010415,242.1652526615601,85
28,339.775481066957,103.1714831235952,85
24,408.6340022471141,105.68673671030632,85
27,431.2172484875776,60.894489383576776,85
15,493.3146443868973,82.2934381966054,85
48,497.6350787458204,91.78978553101518,85
