id,x,y,portee
6,123.41093268455106,350.8857615325522,85
9,205.3656153512855,358.5697082693906,85
12,101.48793451365529,386.5270125526792,85
11,218.03415325670477,368.59909306854377,85
