id,x,y,portee
0,287.06472866186385,319.6332500094777,85
5,288.8043429643765,300.9775016406588,85
15,311.08295106196283,332.2441535421385,85
60,325.16685726530005,323.6331003549619,85
62,274.6129103097568,258.454985669507,85
64,302.329718258846,261.68722921899314,85
16,262.9798261020717,220.09220865981783,85
45,370.3544974495881,362.02671772111,85
52,373.10982454349266,370.01006379968464,85
51,338.61528218772094,186.83657371862756,85
40,427.64106155591577,304.1279468063936,85
7,297.66714493108225,131.34149588956413,85
21,389.3205621896217,134.4220117428666,85
26,385.46251303163507,131.88177629151005,85
50,382.11186452647206,195.66338338785226,85
11,444.43191830984233,271.977033621923,85
13,277.716169027842,97.61833431389344,85
36,341.5648840783121,69.58881867670475,85
37,264.7309274645938,57.434333419850994,85
65,350.644303883836,66.61840930158635,85
47,444.39605756798875,195.22048209448022,85
38,265.3987682665914,42.52755166260508,85
43,209.24331298318637,88.3702787234784,85
31,317.42361388355965,14.286422496184226,85
57,233.95560663121063,12.747891409205348,85
4,208.02383906500432,154.64646547482786,85
12,149.8239795648601,134.5353160454283,85
27,173.95140169374707,152.32096793897355,85
63,178.95178029843123,156.7255692255416,85
18,165.4718973343693,183.56287721257192,85
39,172.63090257805885,190.0316777699162,85
