id,x,y,portee
2,307.49609287563425,414.8261359264261,85
18,230.48795668189143,432.6794446860251,85
30,246.76810122506714,459.3337104530251,85
37,278.43900179666343,366.3659647357886,85
40,256.70046485920363,455.8387030570375,85
46,362.5158743445228,398.0801034552854,85
45,264.62494702307305,303.2726947944816,85
4,283.55531575460327,240.29564294813284,85
25,293.0147030791988,256.2272653655673,85
22,321.89076967814503,182.73285186130715,85
33,257.61005777245583,160.692269429485,85
54,268.4941586946923,184.0249279791044,85
49,371.7664432650865,284.2830306375294,85
10,283.6679195409106,152.60837392042387,85
39,404.776692992737,177.07063072907408,85
24,178.31994057131678,138.93951013296245,85
44,230.86970572842498,108.0003171528992,85
13,401.4842878774637,285.05496748321826,85
41,444.99409790972993,257.52408084983466,85
17,393.7567126171412,125.32865309277841,85
28,478.2963953938395,196.02168349514176,85
9,163.8032613108162,186.5714691871258,85
52,240.17431809185774,24.787927984996294,85
26,487.62398298583463,202.81648975252574,85
16,362.022475391291,101.07224535467834,85
27,402.47766445311936,70.75248697857705,85
3,253.42267434227523,1.5386107881035782,85
6,444.51154813877207,7.082019420851237,85
34,443.3786896448746,7.1622168832291555,85
36,448.5607885293308,47.289916178491374,85
