id,x,y,portee
2,7.394619193273833,277.9215266642004,85
12,38.461688381707106,321.9327312045802,85
19,59.684378445457156,257.3766999211357,85
24,23.86931887623084,309.801904017116,85
6,38.26478322777871,360.4868399673383,85
13,56.418681974289676,353.49890282075455,85
22,111.19116763118603,292.16705297560964,85
36,105.74223481248734,282.53120501901924,85
38,81.85605324960015,384.0856494563614,85
37,111.68224557274354,206.79170408879466,85
23,87.66748165790177,419.6679690297923,85
35,18.44558374215488,443.0940191222687,85
8,147.03766493274006,366.5218221973467,85
9,179.96805279072564,252.53690324409962,85
15,83.18077055285744,451.6081269390313,85
33,74.30385737372657,441.36202467441774,85
17,40.325440663702636,488.7088722232014,85
18,165.83479886731334,432.6078935113792,85
11,30.65685951801639,492.3941607251006,85
3,236.5452557435009,268.4273088807738,85
39,252.58688937933914,248.42087363961951,85
41,256.9207543396412,227.1022421484412,85
30,141.7702888927311,499.9981376722729,85
31,203.14768296861274,460.22867472874475,85
7,266.1129106746559,191.7445489874301,85
20,288.1074646005146,190.12864832537585,85
26,334.14550114459774,146.57540535132242,85
32,378.12672272405297,134.61733668226583,85
44,294.31441771912625,93.60216480549394,85
