id,x,y,portee
1,86.11002862216827,276.7421896110563,85
2,24.27179643657762,266.68864176359983,85
12,142.41740131423282,254.48543823540075,85
10,167.0879090685788,199.67455679842345,85
7,189.6364948593704,183.7764917903298,85
9,159.14183592412567,133.84480978235197,85
3,211.4580356459479,87.65720539338606,85
11,135.8845397625047,58.12356086132397,85
8,137.9679224096842,36.29850705879739,85
