id,x,y,portee
3,50.55581676293719,237.63691385175738,85
8,96.5850394041331,192.38333645393047,85
18,72.35309319718041,241.1587525732498,85
21,27.75713507947414,293.10143835170265,85
26,93.12012252672875,198.7004708210161,85
16,118.61559807224931,125.25594063877831,85
24,147.51037593604144,147.7938678575475,85
6,184.50138214714661,169.37532364272033,85
10,230.7547309828825,151.9697024962966,85
12,188.31983201430836,212.2812965608277,85
11,200.33829383133906,258.11958007223103,85
