id,x,y,portee
2,155.22139093963278,86.8538361914084,85
4,200.00936731350916,108.11401102728702,85
11,132.49267703013788,131.27303420703367,85
23,134.29027954062377,99.154802468234,85
20,127.62795834299057,199.06865460801316,85
