id,x,y,portee
1,408.54490157797824,283.0818054410289,85
6,391.17533040940725,254.1858790102276,85
7,390.925964459538,218.21177051906537,85
17,444.8121322623539,299.6329618371077,85
21,382.8259082217977,311.09592552182266,85
38,336.5728052047779,322.4325690021715,85
41,436.4872332975122,283.2632027094936,85
45,449.8717759376713,269.28819694729236,85
29,458.5622192685182,169.83389570532808,85
47,468.2332363253717,197.81647877285678,85
35,494.33883721201136,241.39456696992423,85
23,296.28191544519336,370.1129466951567,85
37,304.9722553867419,390.7427514949624,85
11,385.0676899012863,132.85969768535233,85
3,253.29141206860356,438.0872433984008,85
15,236.78683446061106,320.82417160412206,85
30,340.3588567750771,430.25044534949353,85
51,377.77471219035385,412.66598687744346,85
24,386.68264107392037,55.648599842062715,85
58,390.3633541609103,72.56374425322426,85
25,263.3839199555655,481.43814010229147,85
10,229.28707823611194,264.1914735727562,85
44,249.28192191336234,281.82903716153544,85
52,169.5241169367263,270.69827256499883,85
22,380.4479693245196,484.6789174270037,85
50,355.42646477586715,474.05310056197334,85
55,381.8563164213349,477.930724305048,85
4,468.3345856509293,77.5893269599382,85
12,343.1158504516331,43.47079736105858,85
28,435.7062077903275,51.9005195774761,85
59,452.22691480534854,80.28208525501663,85
36,278.67492988387346,227.954901521059,85
53,167.6542693791782,206.30719012614364,85
14,166.22776445870414,193.65846395453835,85
26,115.970607209608,321.2782639187868,85
9,226.0186955908113,154.14869252876946,85
32,117.67875580461923,157.7579786561027,85
39,89.18216606511625,179.3477082182901,85
43,85.1344242648991,171.27681098575104,85
54,91.09674256857537,164.5920267339656,85
2,106.37811434932082,404.5755030649872,85
56,143.86348455511444,388.5390621249206,85
13,198.72584754879557,74.52576256787286,85
19,288.1952213348031,142.99194516496817,85
20,236.15440147113696,85.84487120735346,85
27,228.07051238005,79.18974126198164,85
42,34.43180848814881,146.6994233797484,85
31,38.737392027424875,222.27195572141622,85
57,10.453143298693291,177.70728185097568,85
16,206.7843211501818,67.15701127756391,85
