id,x,y,portee
0,83.64892426988723,57.79757732209178,85
1,75.6005967881771,138.60361982080315,85
5,155.21320256555614,98.89866541804886,85
7,61.28055363351026,38.40922734053914,85
22,22.725691741587507,35.22441497022738,85
25,50.14388648260315,49.27750025896521,85
28,74.86197824986019,14.291805795269507,85
29,117.82372359542082,107.16202069386277,85
35,140.09773439623268,29.754194806776933,85
37,43.726845080539704,43.202285625908274,85
23,59.7899492837638,152.20413114476372,85
18,216.24071341334394,4.573922468639524,85
4,252.01297583415095,71.00244815054751,85
14,240.05296446687134,77.2161992541957,85
