id,x,y,portee
0,450.96116232742514,38.188220016540264,85
6,417.59516453591687,19.943854244209692,85
7,444.76713463808335,108.30135721736839,85
18,459.66659264405394,93.362459473044,85
19,409.2606221908348,161.06771015265565,85
17,367.6667695270508,187.6353138491158,85
