id,x,y,portee
0,219.39534417653778,379.46038640696014,85
18,254.99587365955472,316.697988657484,85
21,256.7177504869964,403.19349252879937,85
22,228.18174235972532,458.0671956366194,85
13,319.4560894868085,428.718826562148,85
20,365.89684000447596,479.3521837232434,85
7,424.2939191016326,455.46689779382444,85
