id,x,y,portee
0,234.88443203035342,155.48576201615037,85
2,230.71438099934232,171.4885880286348,85
11,157.99349205668594,138.62162901775176,85
13,263.82813605857547,207.5369350604654,85
18,265.5359789367774,214.12521947243584,85
10,176.23905692037252,93.55071034457724,85
12,161.15378680568793,105.5243909617562,85
17,131.00708587506915,119.03047920611665,85
1,323.5847822643741,148.32859668320648,85
