id,x,y,portee
8,68.8120768639786,294.9658368056881,85
16,63.93708333977555,286.95636213042127,85
21,49.1645595966404,363.0660400775058,85
31,2.6293829857296225,283.174290353664,85
34,136.08952545362536,323.27056715301916,85
12,0.8971053502772053,425.2473719362587,85
13,50.23023775178259,418.5674760700025,85
23,121.93907710925878,400.3994371552829,85
30,114.84062849154564,410.7265598929548,85
15,155.66376071213844,317.70389338829705,85
