id,x,y,portee
9,203.89727805216467,230.25763837967412,85
12,227.34883043008037,303.3683096735622,85
18,263.11982370484435,253.6692945224094,85
19,228.93221220101472,227.84596015322884,85
20,195.09234867989673,277.49306635375353,85
15,294.3600040011849,223.80207558586267,85
