id,x,y,portee
1,128.5258454732366,230.98443826227438,85
3,122.95198204974633,225.47821593432582,85
