id,x,y,portee
0,72.3321154303534,191.36697253133673,85
30,130.31360002071247,144.78842324436687,85
31,0.5561913064870416,202.97348536091602,85
23,205.550599220161,132.0614682392464,85
9,265.95688608803516,98.92747858197454,85
11,326.2144267637916,68.96671818979615,85
17,305.65391841739813,170.33665334894243,85
22,373.72790917698813,125.38833418138867,85
13,414.0957378767077,184.60779493526803,85
19,392.252307873243,130.6999340518995,85
