id,x,y,portee
12,177.95400703390897,343.7856233611621,85
14,172.29187960586424,329.24051799188373,85
18,179.7537252756848,418.55891302576043,85
19,144.74236651754762,375.47244854160283,85
21,209.41401362691425,268.349650232333,85
25,175.0664048768541,425.2631406581054,85
29,199.73261228012186,347.16379263410687,85
27,128.70886135160742,431.4856789411801,85
17,70.6091203271651,402.01686393748963,85
30,25.525178967737983,353.9659864340148,85
31,36.92044882634266,359.8935811472535,85
