id,x,y,portee
1,177.9881179804319,453.91289870597825,85
9,257.7172841572413,446.05524435783184,85
11,227.62039796443943,481.5195740761329,85
36,96.18455567688949,430.91824629012694,85
42,139.01268178664972,391.9282969394968,85
24,85.0206203051494,374.24427349601166,85
35,85.14292420087222,390.3853805573166,85
27,139.90133317103314,322.4746176595765,85
30,208.8130844908539,282.0921620928691,85
3,206.7553125204662,267.1981962380761,85
7,220.803229017795,217.87701144875697,85
25,247.77260462484935,223.53193269645865,85
28,257.4622156514604,342.1652987380815,85
38,253.19606120995508,214.02842941553678,85
33,247.55886263780093,178.11705471378275,85
8,306.37267273979603,280.10618138319154,85
15,312.416089824395,274.7060863774299,85
29,314.1866945142812,181.88813627031968,85
41,328.87620032260173,180.1937384117287,85
34,242.4458570594818,113.55845269639364,85
2,357.69542554172097,245.64065702034455,85
23,358.5798432369787,314.9893645113851,85
46,365.79338160836784,251.4372810642259,85
16,369.25615882491286,156.89956081111583,85
19,374.3732018475813,115.11464890674338,85
26,388.56705189126563,236.64686875216,85
32,252.2572084839072,32.137988931541294,85
20,441.5221462058793,271.4404266799816,85
5,349.8783726715167,94.20894065031649,85
18,449.0717416178753,124.12107274111361,85
22,260.759043832787,7.538731253296516,85
31,454.89507218587295,306.6205059796627,85
39,476.991650484109,321.4378214279324,85
14,473.3746890733079,132.8528678659865,85
45,484.2345916069814,184.00394237362488,85
