id,x,y,portee
2,298.734114249784,225.2610788313884,85
13,308.9462706196971,271.39076393354884,85
23,315.15090163214944,294.7019612912817,85
33,274.5035596779484,239.81225425991565,85
45,325.6599672512857,239.3403010985632,85
43,293.80146712640266,317.7891017222921,85
5,241.00909061247526,322.9202846708454,85
17,212.14871178797478,335.1769621869945,85
4,182.9358279735293,333.18584444039277,85
46,208.6590304231435,378.37097762587484,85
20,191.15530312022943,416.04075945228436,85
26,153.4420368265929,394.49170092931587,85
39,130.0516068456546,325.1813516937887,85
7,141.80880148246834,387.29383179534096,85
31,141.6988741255008,268.12339661173826,85
10,142.48775784104413,408.2565206538622,85
28,206.07790123684765,481.99136650715775,85
19,155.04892786397488,191.3653258131962,85
21,84.15034748999645,233.4201379306805,85
35,70.6833167420024,227.9068982067715,85
