id,x,y,portee
0,99.3469309021145,337.53011632251867,85
11,56.452811077938094,317.7160736420221,85
13,153.41802075719417,368.704800964705,85
19,118.18159970921027,412.61953840364345,85
23,45.52590758245828,315.4617339282606,85
34,175.4649933111005,367.13348460325494,85
41,114.45099867298848,287.93644370623,85
43,166.08476413904944,370.68105311401166,85
36,1.4983500816651563,338.46274260598307,85
42,76.12067908992071,235.8153972595378,85
1,179.94942991543854,386.5065031197739,85
10,225.13161786970758,351.92030727158635,85
29,143.3774075138927,419.4251238796855,85
24,39.535045735599184,422.41289128049834,85
31,174.98570467406938,470.08708808264146,85
12,7.738352242405211,236.5115652338774,85
37,180.2922596717408,483.1118969040702,85
6,69.44921850564812,485.5508663940751,85
