id,x,y,portee
0,321.6087247111752,287.91868941905597,85
2,330.1312084888733,273.52448433248264,85
5,324.22319141230696,212.62278782393756,85
12,349.1066125246688,255.76056837549604,85
19,369.31720214303067,224.1998813267158,85
1,420.83514917821174,240.65213225050204,85
22,489.44549305228236,199.51424637347998,85
