id,x,y,portee
0,469.5408096784269,62.14209286212491,85
2,431.6877485436947,2.7295759271964704,85
9,369.5907516529833,12.695362389962494,85
12,335.71743573568574,74.08015337778518,85
11,383.21270641917323,106.38315665985826,85
8,399.7471266984679,149.71104641645022,85
