id,x,y,portee
1,334.30809334162814,274.1848170148505,85
23,276.0074952965633,233.24899041448538,85
32,211.6440477350614,178.9056147306957,85
12,218.29458431574582,100.69422497281438,85
28,211.33301119170233,149.1478747073826,85
9,243.18196030629642,73.41198356245881,85
7,315.4539109984846,59.11535180278676,85
30,274.01622669614795,31.892719160281967,85
5,321.35201189730304,125.43984125426749,85
14,374.12639785990245,66.64880258725769,85
