id,x,y,portee
0,159.41055186445786,380.4551852254909,85
1,127.06356381812544,307.4031110364189,85
4,64.00473527470896,318.2237735338392,85
6,50.538809720543256,304.52841626085893,85
12,96.08213650719621,277.4440963580288,85
17,92.63261475734136,238.96201637040215,85
2,19.499291738151236,390.44752028489415,85
