id,x,y,portee
0,348.97873642147965,249.60229198883465,85
1,302.93862088580664,193.37883730695216,85
8,285.77121732869693,289.23693214140866,85
15,358.6265072494168,243.4212321982726,85
19,311.64211230012506,322.8999372278678,85
10,241.3286054054974,217.707898041912,85
13,224.59387310149086,269.9363151817594,85
18,344.5149867777665,373.34963298102775,85
11,391.3004785579051,393.89453037035423,85
