id,x,y,portee
0,19.780324214816012,364.0493375929259,85
10,66.87724035970894,337.6146432045369,85
16,0.8818210757179923,281.30677130689907,85
18,75.9064412960323,408.4393854577621,85
17,106.78160775169759,313.7047391647692,85
