id,x,y,portee
0,235.42625909586374,23.76448123342667,85
27,240.80788977641504,95.19206300410349,85
42,261.91492438969885,13.498343247691725,85
3,277.0796785846727,169.76074359988314,85
5,220.76532175435793,139.46634776776207,85
8,201.11769670818674,116.37361803953871,85
36,260.8077447732134,108.95334179690047,85
2,344.7003401284541,216.126506446441,85
17,261.1029686297414,209.0258604527575,85
24,222.29816677787463,234.24019463822836,85
29,295.57329717849564,161.2818523384642,85
33,160.65217628749596,188.10541890317373,85
46,161.1740754129538,182.83930109619735,85
18,340.7298094484822,230.10306811756942,85
37,366.6301169557098,174.58545159622574,85
50,427.56289559264843,233.44538561318322,85
15,144.61749226116737,212.3104617117722,85
31,345.99532213888665,114.46910702266571,85
34,128.70407913922367,179.1313450670316,85
41,111.29019071115104,197.9846985400331,85
44,116.89705331826661,212.77664154350845,85
12,431.63191177620763,140.27630773194105,85
14,358.19843290183525,98.60126642499317,85
45,409.16096582040717,150.51784257529894,85
1,407.18730085326405,312.4509158768832,85
6,457.23711891026977,220.9142163608292,85
49,454.92875568932584,293.8610649468959,85
11,413.64891707714634,71.7802406913164,85
48,102.40441540263662,296.32375617760414,85
7,444.55016883744696,138.92637152331994,85
10,481.728948717391,315.6381350973041,85
21,430.21925228737854,330.11861423943594,85
47,473.3356557225682,344.9089243406249,85
32,481.7049809670091,57.83364018914272,85
13,87.83025840876074,318.856455307928,85
23,24.190290553328108,321.20814880571885,85
25,71.33711439436702,331.6987612155383,85
28,96.01090816294361,361.23658434190753,85
20,455.66510269883844,427.94246668960267,85
43,483.35806373490954,403.6315483644361,85
19,86.49909774479319,381.4274504121716,85
39,31.81130328771453,247.26326833977373,85
