id,x,y,portee
0,266.766646703255,262.2975453012922,85
7,228.26340306748617,219.80614444284552,85
10,242.91252670413388,198.4760175829153,85
12,337.77310730673224,305.336451071626,85
15,187.92558491311985,248.64288946702408,85
14,175.24783191361215,253.45051070509084,85
