id,x,y,portee
3,8.572186136522664,180.60025055719464,85
15,10.990584880604338,208.19899396810777,85
17,27.00591286788584,177.16048692216268,85
21,48.55144843376824,112.66172885223685,85
20,78.85259020001506,237.81708294360232,85
33,120.37485056449465,136.8184974228213,85
36,131.37791123597964,123.54520227039656,85
24,135.02554557942315,261.5723750821534,85
