id,x,y,portee
1,23.776636591132995,104.3321833670312,85
27,48.60331324010298,143.04825790569913,85
41,33.717615129807754,170.86833906432182,85
42,78.47139927533692,121.07710273730437,85
48,71.4442103858105,161.1261289901381,85
57,68.59612362524886,143.61155917131686,85
49,128.52135342432226,138.5166094765402,85
52,113.25194188187399,132.06852150701505,85
30,143.26129276551586,58.31122986698672,85
54,167.50871465509115,201.89682032746637,85
26,209.18967427676972,89.15022115347266,85
60,135.99393786281817,29.36164725775009,85
9,225.30351958166645,240.0152336736319,85
46,228.85737332692813,250.2776148274184,85
6,260.2111890921881,152.3625351646265,85
7,261.63899548255944,61.98834234088713,85
11,289.55910396711016,62.79756095649547,85
28,265.1933794155318,119.88747210547368,85
31,270.4885290724966,37.69546590308587,85
47,288.6206070241731,95.11370203263064,85
20,262.810894524622,194.01248217560567,85
23,242.56580111754027,292.08812006443094,85
33,254.4756665596224,303.68999033003234,85
34,292.2770644054183,271.3559155767724,85
39,301.7348574544123,286.2967052854615,85
50,240.12215398753506,2.360142132222798,85
24,362.06706246191163,108.70500993787535,85
8,399.9771427090971,102.82712537752953,85
25,445.4931160232007,102.20791961348435,85
43,437.7875635583465,139.95729620382602,85
51,371.1311840988346,148.01871859574862,85
59,418.7409925504284,96.82832349111852,85
32,431.752979824307,39.04830710894019,85
15,476.2192261655076,62.42363380727839,85
21,496.2445558846937,107.0395250923582,85
37,411.48415535462215,17.01943439149245,85
18,418.02237658976077,1.2059890070040824,85
22,371.12345506491096,17.785569490827324,85
