id,x,y,portee
2,65.68876800602014,396.17366522639236,85
6,114.99954638081883,383.9682665281908,85
7,148.45310059153505,422.52674941529574,85
8,135.50546292853383,488.5559703683542,85
