id,x,y,portee
1,415.97896204943976,322.97183419685376,85
11,428.2246241041913,351.6632514903568,85
19,452.1310502542069,256.98557878192725,85
22,445.847425683702,315.77495997435506,85
23,429.9446103243273,247.2127321293614,85
4,422.1940647922497,170.80429588983748,85
27,406.4742211648371,113.29531749396082,85
7,489.63072615849467,108.69373322549258,85
8,498.1440467263937,24.344962861734707,85
13,451.7148131888177,13.537716904703679,85
