id,x,y,portee
2,113.04437113126959,162.56586432446602,85
6,170.8946223496915,169.95013425460021,85
11,75.26500975150292,211.60534475202485,85
13,42.420736301021,185.24366352279893,85
24,88.26611291848346,210.19260942040592,85
4,231.9709322507365,159.2386065576969,85
9,17.449030366101848,150.47779054946707,85
