id,x,y,portee
1,228.64556307413852,293.028870661808,85
10,158.83434543959197,338.72486882027346,85
2,97.74058261972868,316.2773363652968,85
4,142.78689453837333,410.9867244899524,85
8,142.33886819823138,414.5494155478931,85
