id,x,y,portee
2,371.4574157183185,434.80656954399876,85
5,441.14643280774146,420.4003378315531,85
9,366.7639346331122,449.8758453514078,85
24,357.7938656529038,390.23453553913265,85
29,394.2125355090981,406.8743879821827,85
8,448.67878506214697,384.38256547902023,85
25,336.09279044120535,350.8000617045834,85
10,386.04324253852855,286.2367504618449,85
15,371.31529395592224,256.83329662576614,85
11,293.3347408228614,263.2161738741236,85
