id,x,y,portee
1,251.74720756278884,178.98098571799898,85
8,211.33201831988995,222.76416659112158,85
11,224.3803640128263,183.2604082827154,85
31,223.21795284878314,202.18739055120338,85
41,228.78857784556655,119.1328351508254,85
46,184.15323710411292,181.1223661951998,85
14,180.83539151104705,265.38272081846117,85
24,155.67899437175464,198.93471134679675,85
30,174.89000363549184,140.08708072799146,85
27,303.95076596566906,86.42418564671017,85
28,235.72475429169666,71.97800664586407,85
20,119.90942107436686,193.6631569624998,85
19,326.02459552131717,108.75235616582924,85
38,328.52171554554803,29.231330492372532,85
45,207.43910847512663,29.948624366887778,85
40,400.9795494033207,7.882978676773067,85
26,139.99577874590136,15.973555092061332,85
10,452.65979191911435,5.662074384149173,85
13,425.9995153741662,54.61671144785774,85
21,462.3404603506698,15.445298359790026,85
39,420.11316814277495,22.10149732269079,85
2,57.47930883295199,25.213463773036015,85
18,86.07992665402786,23.01091026727048,85
12,456.6336916221473,114.414796550533,85
4,34.17001803880382,19.297686653961645,85
22,52.1464032547096,44.86570557398123,85
29,44.19001250512405,14.818838974453852,85
36,0.9325913781201844,41.034930362895736,85
32,450.7976506937683,145.64812205293825,85
33,493.60812446082116,161.53276183019565,85
