id,x,y,portee
0,211.22100606810156,79.80774155899122,85
13,165.188841985678,73.59008403556439,85
28,277.20255930491686,54.34950072688083,85
15,94.75264890276547,59.63372954824136,85
3,356.1406538967801,73.42647470061414,85
11,73.48282524026045,31.333579261856702,85
4,367.2577448106139,62.085568056880206,85
