id,x,y,portee
0,138.41230308746404,167.69337396661032,85
3,199.5434766202558,135.7559048394777,85
13,191.24278473657807,105.05256465671687,85
14,117.64095916729855,228.18398378896188,85
15,116.97541901690805,241.78303473364565,85
27,125.03227639487963,114.82418967342633,85
35,188.92148694262983,191.3625768567102,85
4,242.12276646524234,91.51867816006992,85
12,230.0682985067392,146.68847543468218,85
31,246.52716674302533,91.89982431370264,85
2,141.37119859696045,50.2542874096612,85
23,203.2692259273266,39.8799054258232,85
1,68.19431544898369,285.3508696213362,85
9,260.8036754736517,210.19357496949897,85
32,11.050035078559507,345.10089373063477,85
17,310.9784165952509,196.3417937318353,85
24,339.1592094191513,230.29245288425886,85
28,306.95890527193893,233.4870678312561,85
5,337.2826923250547,273.0514410495974,85
19,372.1712729516419,167.9879875726607,85
22,356.9441322694924,131.98697833026557,85
11,442.57140154887253,177.40063691331792,85
16,436.09587145710515,196.1985318635153,85
30,436.9750093670914,152.88607250631492,85
33,358.7099478627625,63.706829672504185,85
