id,x,y,portee
2,312.06419194270427,192.99645116756125,85
8,290.37555818670927,246.2142800145345,85
12,373.4851022078385,182.96141430512176,85
14,314.56812461965364,233.84102027532018,85
15,342.89057993733144,126.81080320080417,85
20,344.0919582339405,151.16857508937332,85
16,326.36404157968326,301.2701688419723,85
