id,x,y,portee
2,221.08474616024077,220.84958573176095,85
5,274.65334007987053,188.84534993598305,85
6,153.5017163752072,262.6581884770734,85
7,99.0333021958475,267.40773912042135,85
