id,x,y,portee
3,244.92229050422824,213.99688755570622,85
4,191.2084732731289,160.5587177352059,85
6,207.19852787969234,144.21323872524698,85
13,291.00250675315306,212.6308872793241,85
11,348.4662876338828,167.7114663290848,85
14,421.39449132014056,136.98147409014194,85
