id,x,y,portee
0,461.28749302014137,345.83824953109087,85
8,391.12087900212936,330.68175151564697,85
2,366.93488916412974,392.0234206369684,85
