id,x,y,portee
3,303.2273861662846,214.0022332725009,85
9,328.0167166621806,265.5837892224469,85
