id,x,y,portee
0,67.54265264292204,373.2247708673141,85
5,100.42490613413652,411.601859286263,85
13,110.87536638953038,366.8275170301587,85
16,38.36514716363942,345.1514626686401,85
7,70.35030453387891,461.2968001030095,85
