id,x,y,portee
1,231.07971423243657,114.32628360818514,85
11,218.02290332141254,65.68372489415796,85
16,219.26609852195355,183.01089830955053,85
18,284.30789237152425,94.52064461895554,85
21,226.08913770097953,76.6961463565145,85
26,285.77288001899285,88.70336805377677,85
5,284.5249045939783,11.000387917319443,85
