id,x,y,portee
2,262.79983272780396,121.92827399852696,85
20,329.5204383466272,142.98736655622872,85
4,284.52441690861497,214.36741525432902,85
16,304.0085839462193,279.05104037102876,85
19,289.40456455551526,255.09221121536558,85
9,286.84358897259006,316.71120599264566,85
21,223.37503353742338,332.55289269972343,85
11,201.33778177614008,383.79252955695915,85
13,156.0326207057156,309.3666507004871,85
10,188.530825323212,239.91487507036013,85
