id,x,y,portee
0,194.05779923644806,96.34923519266047,85
3,201.7356137518671,171.29383871590537,85
7,278.6500065763687,93.09084502684229,85
18,135.30294105968838,64.39336512696636,85
23,109.96601129183736,100.38696162348299,85
12,249.27676197889198,212.07338934395852,85
17,119.34238394484092,159.14583068885736,85
19,220.5149053738378,219.1152387205708,85
24,143.12535286676524,188.41092015746457,85
35,223.58343404987136,203.3864514513078,85
39,255.2298272290288,209.92214613350518,85
13,323.9763993650399,36.100560960118436,85
50,291.8561232923434,65.38983435729656,85
36,175.00092791900818,10.214058422297,85
48,57.55026606464209,39.85980476609924,85
43,226.78903309098203,273.31547341459685,85
45,200.6177455234823,265.9116113273529,85
28,80.88439107111878,211.00427868248005,85
21,117.92597583721698,266.22567814638575,85
25,149.517120641931,266.5906259660077,85
27,368.6866308429284,82.7407683110763,85
46,36.111973872559325,33.42181473867861,85
9,82.61104963169697,304.4492158209831,85
31,46.389938810477375,300.70337967217824,85
32,99.61409296437773,355.40456061431735,85
33,11.11786714239238,295.81906556487684,85
47,40.513525541652164,363.3290803087942,85
51,124.02972509515875,370.7002889321151,85
14,60.58772852304079,397.11678830821256,85
15,178.99305495707623,368.98381896678313,85
20,171.19905986500748,392.62334136898284,85
2,128.50861164107425,444.21181191076266,85
6,188.74000684680493,401.91252566472315,85
26,164.98180458854821,431.32960085449685,85
38,217.75761522218977,368.3858114499582,85
44,139.96572053496516,496.5803531330853,85
41,263.18410442167686,396.1508763644857,85
