id,x,y,portee
3,319.22770037959174,194.7289993027239,85
14,292.38873703011984,174.12031925158084,85
37,349.8110810031331,176.64729107979082,85
53,211.3013708598574,163.34972980003053,85
18,196.05967358825288,215.34742955230664,85
26,209.3089119068654,247.13532583843727,85
29,190.3010587511008,128.63861509819358,85
9,166.78342062360053,250.56760554434354,85
41,230.80805743061788,248.0522055637456,85
48,169.64463991914087,283.58578509239356,85
16,203.6239726056509,48.73215396883496,85
43,152.29234268337964,68.75970197744269,85
21,150.46378810069876,320.021470250269,85
13,189.79251307821283,351.3085876131169,85
35,85.08043071254129,99.14960369329984,85
50,103.14182991589227,120.95887448259506,85
8,84.19187260102912,320.8201097314735,85
11,165.66276270323598,403.22067868501995,85
25,110.9576035725634,375.9835251261443,85
45,84.28238199476907,311.3041771339378,85
30,207.4338804133819,390.2845887184304,85
36,197.6781140928775,402.16995894472194,85
22,45.00812232041479,101.66410184731456,85
24,102.96432373332004,157.17104411338295,85
28,31.51860903110587,137.07233364821104,85
38,54.40053959750407,121.62233475914441,85
15,42.04216774344166,384.56295025601185,85
20,60.75892639745367,307.4702444999924,85
49,39.91685326599742,388.6463024560746,85
12,112.21188887118022,407.7492688267145,85
31,60.53610123686387,442.641252653487,85
27,26.156802320787932,479.68101237624643,85
47,18.777758221808217,493.36598993491407,85
