id,x,y,portee
1,25.322241522213517,128.4880745068449,85
7,53.40391001586009,67.26289959930232,85
20,66.18217545165567,58.54229131551125,85
23,35.48280822972605,114.43565312945681,85
35,58.13908597001305,130.62989836219924,85
50,29.215447572909113,107.08780332050705,85
9,128.55166658054173,67.5340227423803,85
29,97.46667570078765,69.60710613431326,85
16,115.50625513349155,187.10048995744134,85
39,170.07850023122793,137.88344656401318,85
42,190.96190152788233,25.563801162312217,85
8,69.90238727243492,254.71880244400586,85
30,173.7806960068407,151.16606989735044,85
12,256.3806772710291,6.090600493856179,85
32,8.399992358111009,304.0284344772099,85
55,91.07053178945706,290.0327052658123,85
3,257.9205672650531,157.70611901504898,85
24,294.501323321279,18.737322274724576,85
13,20.32014632167578,353.4274126900063,85
27,45.886213344448535,347.9304407476895,85
21,148.22896796467856,346.90257164942665,85
25,137.00858072863093,347.65961055830394,85
17,331.6414072936547,118.98305891115707,85
45,286.09128565674484,225.3553390643999,85
33,51.09202901323745,403.8757787030463,85
2,151.4034385053685,422.51834358003936,85
6,222.06483824663448,362.7555798707413,85
34,166.70860111835768,390.9552487814394,85
43,224.19326710838834,372.57179214578986,85
15,373.6560344011479,109.8273049372177,85
28,369.1578225156809,80.46910862710067,85
38,401.60996845637266,128.30050159533062,85
52,404.98442878425766,143.87987223770833,85
18,324.1453280176004,250.9269656695517,85
4,195.0307331552924,448.80907166791195,85
37,189.03516449840896,441.83171914134175,85
51,163.29591462107612,450.3487845201749,85
22,303.60852329344976,370.2856220934803,85
11,357.4745948732134,272.16658027821836,85
56,299.3603785142848,429.3832246196839,85
26,321.50429580861913,488.0408771748977,85
31,327.92156725145327,482.43430935468746,85
41,317.06647271950254,456.0442654761208,85
48,317.0624769923943,474.2056559920979,85
19,407.9780807897902,481.44010251578396,85
10,446.63074331068776,406.35029765942625,85
36,431.86094482290315,437.1205769096045,85
46,430.76135911936416,451.1222864898308,85
53,458.966016269681,480.1438228754808,85
54,479.884417208727,475.18097371593865,85
5,486.5299991566437,361.8809035077484,85
14,480.44268737235825,418.34954817525744,85
57,491.8523679480248,452.23473191883886,85
