id,x,y,portee
2,494.81451141813193,170.3504694820852,85
13,446.18309939143296,161.25124091733983,85
6,440.7098651517681,240.97303646667578,85
10,392.0237594022275,108.74834701108077,85
26,408.3948950396451,122.28178207552065,85
32,366.0933787788179,159.59897986915166,85
12,418.5623133343785,272.1228420479046,85
15,321.5374680730762,94.21424262214644,85
24,411.57433585892915,37.37084601563956,85
4,283.775649649496,173.07586767828892,85
19,311.47217946396535,163.961439849442,85
29,264.44368378230877,90.9376947118375,85
30,245.01969271336992,130.80871058758785,85
5,205.50524702956153,126.4038880775551,85
8,242.56150967331098,13.52921409266844,85
