id,x,y,portee
1,239.28072539371692,275.9755572437737,85
3,246.36561775695813,320.06510511874035,85
5,188.49801298914997,330.1360838961861,85
16,289.172906505535,250.22408676683543,85
27,205.004967252576,235.1939200475555,85
28,185.55772257283132,225.69189535955348,85
32,250.81691771527355,260.2640251941967,85
23,136.92550905653755,381.503817310031,85
