id,x,y,portee
2,337.88152730462207,195.30473126056063,85
10,301.27437417727924,257.0472428752016,85
14,398.3070006787304,230.39903886564466,85
15,314.1165808707089,150.6820978455654,85
20,256.23036049176056,129.616591896058,85
22,254.66190895258757,109.64073592586814,85
8,238.0489157862784,88.41163715181017,85
12,167.29682601947437,62.680074234347124,85
