id,x,y,portee
1,352.40739620709695,173.8075386285649,85
4,278.74296906679047,216.14426872833414,85
6,426.26381803021803,156.4176912075283,85
17,283.0424312866061,142.2553064906698,85
25,405.3119032546499,175.70929453103906,85
28,342.3089233077819,93.44684918765867,85
31,334.1091308188284,167.9836452841162,85
38,365.4484057920957,155.2196572349836,85
40,422.5820753859541,208.82397106969884,85
39,225.33257027003478,176.11181665902214,85
43,207.46477551642369,255.32841542949004,85
47,445.11861841014473,169.00090490856334,85
42,255.53480268892375,130.44149512127007,85
13,351.47181953301185,51.63304585599199,85
30,389.208311758121,78.47390123345066,85
50,290.4526661419218,44.71569551269739,85
35,488.3925094142207,226.59105125809498,85
12,185.65392620177917,160.29776023894237,85
21,190.3898147002666,247.88659134934454,85
26,156.10154401448935,163.7743119815166,85
27,204.4722449393962,296.68649140818775,85
36,252.88114375276112,305.82499152695294,85
23,318.7664532245915,1.7548868872239165,85
41,138.16219770016542,116.14796260939958,85
3,94.22700453358085,106.35195696220585,85
2,190.9668377341129,351.32337696911037,85
34,181.87470206134805,362.3589965128012,85
11,134.2121891863724,48.2020946724821,85
15,32.33165630983387,68.80556261756143,85
52,85.85786933102624,45.76342834973618,85
7,198.8990518301757,15.15382416016492,85
45,112.47352788228537,23.165454536866857,85
5,23.64185564149235,49.13790921981853,85
