id,x,y,portee
6,346.89168361515215,132.5503215757824,85
14,348.5730512309353,166.04302469831157,85
16,273.0325402625672,157.7880056035767,85
19,350.64120694978334,159.30001146870126,85
22,329.8859832710012,168.36759288132762,85
23,360.6812166197322,126.51413372385912,85
35,358.70400245906706,118.11664171000142,85
36,299.7773061648649,131.85828610666684,85
37,442.3531441640072,103.96511343447374,85
24,466.256286342395,47.609626123200854,85
33,457.04353219734764,135.3414601361453,85
