id,x,y,portee
4,240.97777623193238,342.17299530910225,85
5,227.0475467283457,306.2838545760899,85
6,317.5580038838446,327.01714885593725,85
7,221.4616961661773,403.41985245386957,85
9,180.25182045273903,355.6826935779988,85
15,334.0980200656573,334.2745801518405,85
