id,x,y,portee
5,276.3980113707646,245.3859869254955,85
6,335.6609216362014,207.97231744332794,85
12,261.8562565230378,202.0539206124639,85
14,198.0825514378773,273.9157484206973,85
21,309.5140968945722,307.9301688033746,85
23,327.4475772123656,193.55611642353637,85
11,384.3030608729217,175.05582170672784,85
15,297.63683982411675,128.6726367638708,85
9,304.4380635170888,340.8997831045318,85
20,226.70305132815704,91.26219572587013,85
