id,x,y,portee
1,325.40534840119096,392.6992564569648,85
7,257.71587351804703,394.66603578538485,85
2,232.67996308003796,460.2587131325058,85
5,258.5300358695911,466.35007789686847,85
9,237.97665127167355,408.6963565699033,85
12,182.2414524975979,481.71177158742915,85
