id,x,y,portee
4,337.8522080068655,50.487944705566726,85
9,387.3892321708703,85.92992516006181,85
15,411.78387373563476,36.690857860107954,85
13,371.49581063926536,132.98550698953022,85
19,406.75991223050465,135.3023424341588,85
