id,x,y,portee
2,56.588827781195896,155.2584477032028,85
5,112.45084520455495,153.14071594059965,85
7,73.06329045194609,204.04038685313196,85
10,102.39782564250916,266.14716042545416,85
6,75.1620864631521,323.0463601604008,85
