id,x,y,portee
0,484.59985218130794,392.5215337752662,85
20,429.37674128933514,382.0911409448031,85
36,462.4092762401362,432.72812888942474,85
48,443.3338485445452,395.41320531016595,85
53,482.24138669753006,352.7227983015843,85
31,387.6788267313201,320.6611220459109,85
7,402.2274682432307,482.5301903295685,85
32,496.4656823711814,288.8158874088795,85
37,497.43420410829947,280.2982422512041,85
14,352.30992686607885,251.40629181614145,85
54,366.41746407025886,254.9157453376887,85
34,320.62600735327254,484.1263458062064,85
11,269.39102585044503,262.50853427228435,85
15,336.4847015134692,200.5205179019152,85
41,414.39298768636655,235.19270620393274,85
46,326.41265053307103,181.25906541130226,85
57,295.8020262930108,282.6706436304899,85
51,316.427542588438,466.0327781861929,85
33,206.6081666407952,315.485286878096,85
25,304.1150082908156,175.7653769581719,85
22,471.5297820147164,174.50940423576995,85
10,296.5090138084276,359.10508115571497,85
2,308.2440132661994,381.70606944260055,85
40,302.85148678641383,399.64945457150264,85
44,267.4599505807237,410.68456309283346,85
12,160.13786268021292,293.0395097690096,85
21,271.1712320445734,365.41744654836964,85
27,164.36901022010497,308.30989216718257,85
3,239.210657221594,125.95171976652675,85
6,238.69401701888393,162.38577619635186,85
24,249.48809511838422,113.18121937051734,85
49,304.47589439671896,95.1359242168655,85
17,441.03337936081573,123.94966712286597,85
23,432.5708781008948,145.98735213502007,85
43,220.43664658070583,460.9032552294257,85
5,126.71400873651206,217.6121828606446,85
30,161.2307916179731,98.80935528414736,85
38,215.7503178489506,170.78913971270333,85
18,156.35777587904815,155.80700933613622,85
28,351.47651778100663,60.148475601461584,85
29,343.9669558198004,88.85490782018663,85
9,224.62775267939517,498.19664888677477,85
1,68.78581441993087,215.1382730579761,85
16,140.35396779970287,181.88102420075413,85
8,93.21090424986083,98.61251077437555,85
39,150.0433901863411,22.013658194901808,85
59,141.3911202649028,88.19900395867647,85
26,81.23444729109436,143.18603787398638,85
47,385.815538861466,22.31296984809783,85
56,353.9453479145459,0.5792390407335368,85
19,32.64289539372539,63.976666057822705,85
35,76.05080797585545,64.7797728379787,85
45,94.4270943256268,15.749124097479916,85
52,23.65071850541539,140.5079324670136,85
58,189.71210186395083,7.774602083519211,85
60,24.650859327365826,1.1413201963414443,85
