id,x,y,portee
2,437.49850077086967,313.22410668058717,85
4,378.6993792289724,364.84765032160203,85
18,397.39075888955074,380.0193222588226,85
9,331.3872092049766,367.0336219179424,85
11,339.2674944961662,343.07238241029717,85
15,398.79980451704296,427.8887047670442,85
21,343.1061498138117,324.75525924442974,85
17,456.69946201997413,440.090883966575,85
7,379.6165626962599,487.06851984326266,85
