id,x,y,portee
0,314.54427152932,333.17042181965445,85
7,344.8698421344551,370.6911935264223,85
21,264.2335987844743,279.2185456877691,85
23,276.3350870475737,357.5791575989585,85
15,224.360955464249,402.47290232379703,85
14,201.34326374584612,458.99699890023567,85
