id,x,y,portee
1,342.69633720758276,161.61661417243243,85
7,312.49540446309413,120.94685585113734,85
18,279.5038822812668,213.8391686762464,85
19,262.7479381516062,238.9959133822996,85
20,268.48688521496365,268.00014910394003,85
