id,x,y,portee
5,215.5956343609034,183.4189013264868,85
6,146.59151518569053,148.94720371369903,85
7,238.5314702439422,239.2909434560535,85
14,157.20666814230344,192.8079105737337,85
26,224.41828682585273,198.17846133842383,85
12,289.2654110586225,241.84380740348638,85
13,156.49835549818496,249.85063636768385,85
23,315.42739312789485,163.7364464089791,85
