id,x,y,portee
0,367.2412166015195,179.73628839636356,85
3,348.1925141085173,239.61376251706412,85
4,333.0706140678625,173.539390613553,85
6,320.96743771568373,113.962795221072,85
9,301.64766133283706,238.29090363521942,85
18,385.32588654731893,93.48777085455085,85
