id,x,y,portee
1,91.650464049786,396.002486042392,85
3,123.30757778926976,444.3231497333752,85
8,74.7097645236654,385.6248247628314,85
