id,x,y,portee
3,70.7823986108676,241.72178978956305,85
10,61.202465334701806,248.5497520224934,85
23,102.22403092370114,231.55112427942754,85
15,166.93683973325835,256.15335981152174,85
25,161.0185294853308,320.12890511297707,85
36,188.07780289086662,330.50999400933495,85
20,199.63074335462971,365.9764620031709,85
24,227.54210489033184,363.76512677586953,85
34,269.5228200560819,346.86563398178924,85
7,271.90656054815656,301.23809299910477,85
