id,x,y,portee
1,384.4159301636411,9.770212014183432,85
15,379.128085659255,72.75622983860514,85
28,317.60631410850954,14.130468835156062,85
29,443.26740805497025,41.12928501054308,85
31,425.70200819925196,58.486935680790275,85
2,399.1308846798674,96.90293981683934,85
12,412.7928200007366,101.81912912489177,85
34,308.6461690556306,107.00330559337257,85
10,484.9811868961426,91.37685666263911,85
16,295.71960378865725,104.15227493863732,85
20,298.7883755171488,140.86731020871184,85
