id,x,y,portee
0,91.5586762454102,178.6039786871873,85
1,104.53286011322638,117.66689367376176,85
2,25.300490001245237,97.98055505559056,85
5,107.75429382440022,34.218680480525954,85
6,87.65000939120937,77.13629617961321,85
