id,x,y,portee
0,225.2307457376872,259.8150474543398,85
5,247.47329189980312,250.3306053980226,85
9,145.47098130709534,238.06383727329572,85
18,214.06008820584404,241.69748572431016,85
29,287.6953407941357,235.89926039567678,85
40,244.7075242891375,324.2265134426935,85
11,122.74347203052383,231.88953757903076,85
31,115.25692899484946,235.07060987137746,85
13,315.98250695372957,344.26136453903996,85
38,305.0773944168681,327.9461517463104,85
14,54.21135396345189,254.75123945663913,85
20,42.08206066269543,208.12428442902308,85
37,47.84220514826926,191.2650464985644,85
15,364.1671966695756,406.9680633220951,85
1,10.206679609374048,306.0312202445731,85
10,56.01683353586739,316.7884326393542,85
35,73.83575655811325,138.41935869814037,85
36,92.84779552338973,151.1803739713257,85
39,33.38512654712938,127.95917939010604,85
8,107.24526649502158,137.68971255612595,85
34,105.96963681232907,140.7118465235005,85
16,383.14289990389364,477.189609010615,85
17,418.1925989290611,408.17018207511757,85
19,358.26135320178753,478.1378060240866,85
27,21.180174127880424,374.6617655098232,85
30,5.941835221486835,347.6741503287313,85
2,45.309499687893826,384.4676910647506,85
32,122.0615814386805,354.30049119211384,85
6,153.61480570498526,109.97219496983674,85
24,450.0388609627658,363.2024727582718,85
28,457.72360275108684,413.43880833829047,85
7,281.3642938036937,447.4672025317984,85
12,147.84590313690492,375.3113251761605,85
25,211.8555989293197,441.6194624466435,85
