id,x,y,portee
3,141.59963029197502,152.14242385310595,85
15,216.02345405360234,160.6864884108331,85
4,269.3049459083312,153.80525316196375,85
10,207.32405518234526,83.56526629322153,85
12,326.8757889545659,146.27472322140588,85
19,329.498963274786,209.31997828635795,85
9,352.5087619837555,122.6915762835023,85
