id,x,y,portee
0,86.57623958527172,207.3316019843245,85
3,136.904294354156,191.81982576400702,85
10,102.44308961131316,216.2274886282898,85
41,61.71579990113996,239.8965017129226,85
50,104.22625496914223,159.47642169505156,85
2,132.0098208143211,123.66458878903808,85
15,131.03467873353276,121.47794755221241,85
36,133.49318052730442,134.2402798806237,85
43,148.07947876836786,283.0681861741048,85
13,0.9809850940354359,242.54246771603616,85
32,83.7237874461712,300.356402494782,85
40,80.16112530101255,321.5012679722293,85
16,167.5605627294043,45.42488390931759,85
23,182.85911543972477,330.32561909126235,85
37,109.6070602564126,313.1304091123691,85
6,21.477388886155467,332.57340022016973,85
48,68.39294822908593,336.55122932957806,85
38,128.1170078678231,380.1216186373214,85
30,202.85857355086367,6.363691200861443,85
31,230.79704302975335,20.495746546076333,85
34,176.35097460139832,3.8892538390831177,85
5,167.8949217921698,407.4602491284275,85
11,286.1025996591898,48.2031322251632,85
49,308.59690732570783,29.73195855916172,85
35,300.4973306760578,84.57397676461665,85
14,374.2364259027248,105.08647331370192,85
24,262.9493367416549,142.47131471582497,85
45,439.62570715510026,99.1530121867209,85
47,406.51854589498396,27.92319327038706,85
