id,x,y,portee
0,164.67267150439991,403.7628090020643,85
30,141.04570969476643,343.02486458948715,85
38,84.47526105335635,289.6203076669913,85
27,101.77020635326662,245.70441172001577,85
34,37.965833937539436,301.6115779184431,85
67,35.078333802532114,250.82375424768077,85
13,111.34031882097823,199.615595366532,85
14,69.6039320216834,195.91466513955075,85
37,144.0900035970355,218.5270360591956,85
7,28.397054686573608,356.9447015084648,85
25,11.225008194687414,335.16118706683307,85
6,16.713234479151907,180.89983188439484,85
50,191.0922478772001,213.88101599297138,85
61,191.20871412093365,234.32619388606457,85
31,73.59252266486499,412.2110672338338,85
46,274.59503914600066,218.61121252366166,85
57,264.882726881996,193.38846724827908,85
3,58.1127284719748,436.82628945933624,85
54,114.59811753613607,484.46661520772363,85
9,299.4974677738357,212.85154517412315,85
10,338.84451327324376,198.50671233185824,85
24,339.09159127428245,224.72397907282183,85
4,275.50617115953264,110.43347748317412,85
17,241.85610287585303,115.85377429437982,85
49,219.30312680455611,133.57304646796592,85
59,3.6935434225984776,469.9269994121553,85
5,157.86016820645565,490.49471928040765,85
23,376.3904611441888,236.33298905685683,85
15,419.6695171566686,208.03922899834888,85
19,329.6709422900627,131.91849367938175,85
29,371.25168241265266,261.7530991911739,85
63,417.9308421307599,204.4005660728997,85
62,331.05946371311745,292.0486875562222,85
22,258.0836376458515,72.82051931348037,85
40,257.2250176096719,101.95223106882118,85
65,295.8006156606308,32.31125313343708,85
45,434.6298659246883,258.01802318969175,85
1,392.21923624283414,129.32228648413928,85
2,481.8290819142497,161.93887962179414,85
28,432.4219444252178,149.93229638102778,85
66,404.2746944798731,115.7963012713491,85
18,284.9577769188472,308.17692292971714,85
53,269.5850771029198,304.01115003079286,85
8,338.31527325969745,41.39406825053382,85
32,449.2414514032036,95.82139113661509,85
55,409.83994456191607,47.24854998317951,85
44,235.27903678587487,322.4824749901781,85
42,382.10035369381245,18.75957749883067,85
43,393.4116227839395,26.366953266506734,85
47,443.3574160749021,24.024268543446137,85
60,444.60036708934035,26.13435592753194,85
36,444.8617382771931,8.692916462924527,85
