id,x,y,portee
5,294.6288545373556,107.78719405459813,85
16,276.25481133561243,108.25808573257994,85
18,289.54370632022244,149.92015818404374,85
21,264.5625840434067,113.59445608821956,85
23,232.56201460859205,62.91747333768216,85
8,177.70999320344805,35.62707404065757,85
