id,x,y,portee
0,83.30852948311247,116.45285127186716,85
1,45.816904815503264,89.60401874580148,85
8,60.647228232381835,48.79881864513968,85
