id,x,y,portee
1,83.51466881741138,268.4683389823001,85
5,77.58154978119613,226.835485602176,85
7,39.221525305469406,225.9553664130815,85
19,116.57823097232095,152.38633344332192,85
10,162.65961101296068,176.41758775333105,85
