id,x,y,portee
0,238.78272318822025,29.756369065924883,85
2,213.60145436856297,29.596597291115966,85
11,213.61535777419033,77.07808613653899,85
28,257.21569937361863,29.538988210705664,85
39,191.4458358526067,16.033316925244957,85
44,300.0943704718781,63.927277254609564,85
47,212.89609708222923,67.85266214536945,85
54,207.86481354113045,95.73734947730355,85
52,189.23215951199995,124.5532829103883,85
53,127.34118401370303,5.55088271202131,85
21,315.6101040928174,115.42817413188877,85
48,362.1902836061579,30.80646509655799,85
9,158.64401698721647,171.79626791563717,85
14,103.78936991795568,30.314974141845198,85
37,94.3621016260654,25.136724616782015,85
23,272.76868608333234,181.10489114758582,85
27,299.2074412941355,164.08129017353474,85
5,111.66231554438549,160.89807181069665,85
7,157.7852838707443,208.50419325837126,85
16,134.61594667533734,225.81062737311103,85
30,238.19834230211518,195.12439497171223,85
55,205.10556057962793,240.58050040524532,85
6,316.6301503493828,226.51929250449476,85
3,34.84412355206001,124.67895396899736,85
42,77.08660366491188,202.4228567052394,85
50,37.35251202616791,153.2622354070543,85
25,135.13525299660444,271.8340482935124,85
35,145.03417874729408,271.035452987481,85
43,172.3763280943265,286.29860733642516,85
26,227.50646830872097,259.2670012412906,85
24,226.55098465408668,300.9222408005364,85
49,20.705923825098836,124.29969830815723,85
59,151.03248834209631,338.58009777906557,85
12,163.707506601029,365.60412977327195,85
17,275.46016022000106,344.7007534389203,85
40,229.35843426903568,360.94364972462586,85
51,221.18567262722377,382.90161483376164,85
15,160.00806148873943,437.4462183901453,85
41,262.9869191795961,435.5378132319191,85
34,233.72615379185174,456.1691443789622,85
36,181.698682509971,454.2076874475372,85
1,151.45947682884037,465.88367122810075,85
13,121.63187036181111,488.6199379147713,85
18,141.2825999806761,475.87388152147986,85
45,78.73038812925599,446.0099168401853,85
46,137.96714270323545,478.8471719668033,85
22,313.7869629426384,441.83550049784355,85
38,292.0290581682572,467.1891493440409,85
10,59.854281228670594,497.0093904238499,85
