id,x,y,portee
0,257.8568122401249,290.801947363809,85
9,304.71671215091897,221.19027161796006,85
13,295.53320060776997,306.84840775654817,85
21,184.22011393493125,314.8714587789865,85
37,239.8178222129775,308.32247288777126,85
38,289.5426952598906,356.28709260216027,85
3,341.39097480903166,216.65390722049315,85
31,246.28106609557165,194.71436302855804,85
43,332.65770228010376,333.006707363016,85
33,168.3636615205,331.8664196509128,85
41,212.05969082541765,391.95854312918993,85
5,295.4403318775648,421.713814300592,85
22,362.8061037427352,363.0164119497656,85
32,380.57751467203633,179.49274590953624,85
30,295.22964185714574,126.04890758889448,85
36,211.59755339240888,196.66703117870443,85
40,221.94050659876356,179.61793234831853,85
7,395.4356369432368,358.2686020360132,85
2,364.79210786617705,437.9162447022805,85
14,367.2304382519266,433.49383118227485,85
26,434.1352706596086,384.12208786614667,85
27,280.2134582818578,75.88590115148969,85
17,348.8515620270895,487.9954097396658,85
8,284.40577711151013,36.73880705055305,85
