id,x,y,portee
0,393.22066673607145,310.8702299168645,85
6,373.7880602708622,280.3801612465397,85
10,437.35052881674005,278.5957533851276,85
12,442.738355942794,286.5842935767616,85
15,394.48824103940717,273.60887605019326,85
20,362.7563707585549,300.3523342333237,85
17,375.7950455467797,214.3774935310957,85
