id,x,y,portee
0,424.3363441888712,86.28436255558259,85
5,373.04252240274496,58.814745418548696,85
6,403.23204495270573,124.20181166896039,85
13,454.6236024314794,53.022297936183904,85
15,413.5114711231726,150.09412048765626,85
8,298.2781585463574,77.30347591791976,85
9,463.2284649632703,193.35699770085856,85
