id,x,y,portee
1,304.8966663699621,288.12758363004104,85
2,363.7673843697929,320.7111264829546,85
3,236.41974299155072,300.00976141746315,85
7,260.0984162835374,334.61112911536685,85
11,395.87693844607395,301.848895084438,85
14,217.2365171920308,229.2974135290873,85
