id,x,y,portee
2,328.73897451266384,182.8293978036127,85
11,336.7697303669952,256.2201250493452,85
13,273.1894928041128,156.7188387800727,85
15,341.19787330341126,264.5739191833514,85
9,198.34891001370485,144.5005688491794,85
18,121.76499362182852,156.44168305669538,85
12,56.46508335623912,177.11683835190823,85
7,17.593157219859545,238.94037591533885,85
