id,x,y,portee
1,209.38537802018564,168.83327723842805,85
4,253.22222460821152,204.39913134901622,85
7,220.16635669328522,107.90533305327682,85
8,257.1339215296771,279.1576165536002,85
10,300.99348049680134,234.60285203554082,85
3,344.15004758854514,287.800680321763,85
