id,x,y,portee
2,453.4622546406422,71.24625681266855,85
12,493.0868255339991,91.20982705228941,85
18,406.4560715670419,127.9359515415871,85
4,364.58365067461665,164.84341392934022,85
17,430.7320634510037,186.56887642910297,85
7,464.38893280337794,235.06535699553572,85
14,499.1039638052972,181.17146198470613,85
