id,x,y,portee
0,150.38270464742644,330.45859044165474,85
3,99.81728341949086,275.8679633650859,85
4,124.85446326169536,393.29493387426027,85
14,165.64464129892897,251.16842556091314,85
11,71.72780991275818,267.96845215713347,85
12,123.31078671317435,236.0515513722749,85
20,163.3734075822904,230.52755811501353,85
26,37.763899632977996,302.6086234521733,85
19,195.78392486886221,178.68837576148937,85
27,143.37604683669852,197.0318685022807,85
22,22.0730980455352,346.1942189364122,85
18,36.70511224671563,417.8252695035544,85
