id,x,y,portee
11,319.62623461925676,57.5361345066549,85
12,349.00089703769135,73.80683161837581,85
14,298.5052211148312,57.82363197731954,85
15,351.70410439072737,104.59925183393881,85
