id,x,y,portee
0,369.9576819690865,67.72739287991008,85
4,323.63312246059434,61.23500218003719,85
9,419.7471358205002,60.134836196572,85
16,429.31961666891755,15.946931841851642,85
26,312.6533963819147,68.99298976568275,85
27,393.8012212070358,104.75174680892185,85
30,379.05286435386546,47.391735682844384,85
12,276.2452345171914,43.68295258442595,85
2,485.67302716260616,85.50977294039174,85
17,454.4905478350105,51.92580981529332,85
