id,x,y,portee
2,17.199302548227934,333.3889177990503,85
13,30.690628342158412,355.31672028065685,85
17,37.82386735428472,398.7549637446878,85
8,64.01701903954438,442.6477282526594,85
23,71.25938771459684,434.30337272322566,85
20,98.66903269252813,471.10693330147757,85
30,120.12894695877885,467.965407096884,85
32,146.92418249592677,437.25631209561595,85
6,185.41985240546305,426.5077854942125,85
14,228.14244492059672,442.27576077813075,85
28,198.9534309212181,433.0171201284565,85
4,255.12957846389466,403.60609439077734,85
24,214.54827547122778,368.37867836832953,85
9,246.3736984356789,365.1217231865188,85
