id,x,y,portee
1,82.48289885455007,391.47018451538895,85
2,99.83139518735041,320.151852285753,85
3,36.83838166776382,411.38185541066207,85
21,121.06245798373206,397.8266395548033,85
11,37.78435714855166,300.83514554701014,85
18,162.99169365168527,306.242757142091,85
9,166.76029645029328,463.5106542852632,85
5,223.5100355025031,258.5214473703214,85
27,212.83427919695714,306.15339273578127,85
14,195.17244134032214,495.53187351308816,85
23,185.76773865208446,457.1376901306628,85
