id,x,y,portee
0,252.57457169213703,381.9560168354599,85
8,182.7120201625524,427.6262312480782,85
1,131.39376394252344,422.88996201942746,85
5,203.39623595590962,453.8402054388338,85
17,93.37873471821112,447.1869714306879,85
30,94.86481265826063,451.0754855582578,85
39,79.11054301595671,361.01398541050366,85
2,47.37533614804257,309.3360113148274,85
18,34.1496980840838,301.0571198972984,85
29,9.587135006254188,257.52172141868584,85
33,13.78675248995076,255.8747140665961,85
28,82.57807869579764,224.38096882390374,85
3,123.9221771073185,188.05274263994082,85
9,98.88938457225227,190.0713947790657,85
14,101.4973066043487,187.7475677882604,85
6,200.07030988921926,153.2924936654204,85
10,187.44226523172313,237.63443959809004,85
12,225.07789560880133,155.49452079591038,85
13,235.06387663770835,208.52101439229583,85
16,234.62957909104665,79.64464469219196,85
37,186.95404690777644,125.68439587294067,85
27,301.20577554422704,178.72238831359687,85
20,280.80546690385347,45.682436103040125,85
26,354.2228861918125,39.01293580743875,85
7,401.1991332759898,98.46754634638837,85
22,381.6708700815954,108.90893017983339,85
24,422.5524397399427,70.44234306503117,85
32,385.04459978093996,115.94508589649594,85
4,480.4094949841272,76.21409046199551,85
19,419.8707281555381,175.51222639112228,85
15,486.68721130938195,18.855679338830978,85
23,488.5988660650012,117.64525497892775,85
36,386.4150561196616,251.93578359234752,85
21,402.42599519454825,302.94988245379454,85
11,375.7612626244169,345.4553866915512,85
25,395.6956502862788,412.9086435326088,85
31,426.5790902730563,403.0268371255802,85
35,436.9651657991345,449.1249912581056,85
38,479.59263077813364,395.88906732440944,85
