id,x,y,portee
0,190.91608311209868,440.90494059472053,85
6,144.58176751202768,372.678486845468,85
7,130.54153874539705,395.8662598414752,85
10,125.7342469982189,421.6634819130205,85
