id,x,y,portee
2,181.5752215201659,60.42704772495577,85
15,112.62786943038245,57.1352338564321,85
16,263.6114242736654,76.14837626237563,85
35,190.5955561659211,10.54167528092842,85
6,62.23375909784934,7.890322716398945,85
4,343.94674964053826,85.06302389585574,85
10,367.7728137767621,101.38230994074249,85
30,405.85545195545654,27.70823137847106,85
8,426.94093064656835,20.770905545334173,85
