id,x,y,portee
2,305.03021638577,99.92391288515084,85
9,345.510368211358,51.962919244610994,85
11,282.8112613106294,63.92886937594544,85
14,295.2156283547504,21.98763283162969,85
