id,x,y,portee
3,377.5705604498098,17.943559328628677,85
8,391.4818708684009,22.907176318087032,85
9,403.66058136050054,60.29489144889671,85
16,436.83343826695307,3.699873300475498,85
22,344.3914623854108,82.84292553830208,85
23,388.63204650639864,21.513477244424926,85
