id,x,y,portee
0,356.1795723930127,113.91036649034614,85
19,331.4606049290078,161.11423109905203,85
35,393.1949260028726,50.78036502218958,85
48,303.841711169122,60.33425750670707,85
60,400.15289000770423,122.78971481898915,85
8,391.22862978355914,203.75145047218152,85
11,399.87189262299626,204.1149266331967,85
14,277.3399081035566,151.80475407590288,85
23,309.2218043239858,188.76621802536013,85
33,313.7962390015768,242.47334444235648,85
21,406.2354508431522,5.5060434366076,85
31,349.67209864001717,12.918132576238584,85
15,282.7795589862857,32.83507447262713,85
6,402.27688718808486,234.40929893561352,85
17,218.03389937552393,132.73112974113627,85
29,215.96228622818697,141.80221105238627,85
39,226.97924011375724,174.25685067165708,85
34,376.9810703385971,296.7106842209056,85
57,363.32637959813377,310.8772705848142,85
7,468.17989616267744,275.507307673343,85
18,406.73422785257407,307.6165496879231,85
36,197.94699372377767,82.5442613193072,85
45,159.87055420511842,142.71153843665684,85
37,133.78429150577836,120.76008062228138,85
46,166.46554337233238,205.28451380364265,85
9,369.6438285160551,325.2341978889882,85
12,374.2827453768533,352.787174555222,85
53,441.6710363870348,362.13284785123557,85
54,155.3280482659088,12.525237558858372,85
2,113.71823400576875,130.7492661317579,85
4,90.79858176278177,160.6114166397642,85
20,91.70023411385792,120.66671651265747,85
43,118.52042880922853,142.09398567850207,85
10,67.24433322559592,143.97830894191856,85
16,61.71249147469931,118.08176106615586,85
38,64.05179386907362,146.49417968444433,85
44,181.14780762557487,263.49183043294113,85
51,401.61325160302493,392.8689336150307,85
30,394.6342137205441,416.62926177881485,85
55,75.29302513185182,38.47898006850225,85
49,40.18674093763214,116.55847757195409,85
5,25.944389277811787,171.71601981655994,85
42,193.21420969123326,294.1821098911772,85
26,3.508168204614248,0.592093765945545,85
24,62.759851788408874,243.54399480245687,85
28,18.764667238391873,253.71950934622933,85
13,246.50207332302693,335.74025056257835,85
50,221.51962440267602,379.8797000457952,85
1,201.18117204808743,415.8689471575237,85
52,251.81526227253005,469.10779144650945,85
56,311.7898908274662,486.3537504824156,85
