id,x,y,portee
0,333.50711325947657,229.4867417274708,85
10,330.3963069038247,166.0354940463929,85
