id,x,y,portee
2,385.7048849070815,56.12091380137096,85
4,414.41765770368266,135.12676672455072,85
10,363.3732027966235,8.464324928167954,85
12,391.4386432590228,140.4725207330072,85
13,355.4761341963968,167.38502552050022,85
