id,x,y,portee
1,263.04770669990336,12.46540033604826,85
9,214.0931021074301,56.502802027342035,85
3,148.9799755549111,107.75244041525134,85
