id,x,y,portee
0,0.37618430437319494,332.7137655666552,85
9,48.59998742928984,335.59779689561753,85
11,53.70959277568893,373.45505157793434,85
