id,x,y,portee
0,280.882320049398,271.7033819697335,85
4,306.0108690457855,286.99646870216077,85
8,263.9300877950483,255.68423674648344,85
15,365.4392160263511,240.15375158108444,85
2,364.1686734266389,158.5715691494668,85
7,422.0085564753724,292.5802201185226,85
10,472.75588681001597,240.4977354375178,85
11,496.54937483089486,303.0724170071203,85
18,491.2808944793179,269.94344941770254,85
