id,x,y,portee
0,126.90725054625823,30.794939263912745,85
5,78.86197387364136,12.529645121937383,85
7,135.12572819176637,71.38966526051144,85
24,51.6865894430244,63.87340534683245,85
29,168.4129556968324,81.60510228345281,85
34,80.14448734445811,23.520090823921368,85
38,66.66689131782277,81.20217623557168,85
45,52.78481094465914,57.48036349196728,85
26,178.7601247331394,103.50346983152036,85
41,73.5219361807306,135.75473151231387,85
47,30.740437646048726,132.34031954457288,85
20,239.63242635276572,108.23788006797325,85
11,156.17318577410742,179.34940997442155,85
13,191.6096313514023,165.0740357551374,85
2,277.87531627210933,73.02663160132578,85
21,131.81369645607538,231.36540498848757,85
43,223.7045104748014,210.6370895646566,85
19,251.08347183261998,209.79280873490868,85
3,321.9453643343328,47.474975139888464,85
25,310.2375990560298,52.574578851224075,85
31,354.46753767781314,92.15147475489938,85
42,270.6442545711932,26.944968164824722,85
15,221.96249101656107,279.6436402339336,85
27,301.9066311029224,224.435018315359,85
32,374.13113637360993,113.76330684593749,85
22,276.0564239421335,303.28488186449874,85
33,222.0855789017415,300.2384403227388,85
1,356.2285731367703,200.07603295911076,85
4,443.34013538785786,103.80103038499571,85
23,436.928160155349,145.8845925222545,85
17,310.486261789255,372.6743032909422,85
36,165.89000388647884,353.33990245822656,85
12,496.814299301062,127.03912376648496,85
18,470.3872072535335,140.0692596985841,85
6,373.80880542011204,352.0944269554829,85
30,285.8486347171169,426.3207647196446,85
16,396.02529491383,340.579216203579,85
37,434.4792791950667,321.98563190803037,85
40,437.0897106491008,344.5058894578457,85
44,474.97149101734544,255.98874995974435,85
