id,x,y,portee
0,42.47703562277244,259.2803309734043,85
1,12.552391952485086,279.2871585096084,85
3,122.12280977998213,279.1746189625865,85
5,83.35405789479245,196.87949877262207,85
18,53.6108661328909,188.01107941190688,85
26,38.44535821805179,304.2201710995254,85
14,140.49981187651917,283.1631069634852,85
22,85.08002659685721,352.70738246438884,85
6,127.16691188336532,173.90132883594,85
19,121.2731803713884,413.228826069429,85
23,148.3160752166239,406.2923811742886,85
25,72.46915822331724,399.1124768391165,85
9,158.76200201698265,110.17212746184435,85
7,181.7137117171546,422.690358267821,85
12,23.236373610785787,453.86583533437937,85
2,193.88827820494166,494.55894183522685,85
11,17.920896304879363,473.09026165958664,85
17,38.75206536344628,478.29677904565017,85
