id,x,y,portee
0,141.64657910147426,297.8913292220537,85
1,132.42161212748826,359.9663041818187,85
36,177.41990716670486,349.7497930199636,85
57,192.45447285686436,265.31486657409584,85
3,204.7638035940541,391.6171437870172,85
43,189.0982085305737,368.9403877995431,85
45,159.821636629519,403.37013645064366,85
9,217.63104226117684,372.4994398740804,85
28,220.8851452595893,201.435124360682,85
47,163.3233352732642,488.1851820065298,85
23,265.9914313983791,198.06099331589218,85
33,92.25390704899056,479.00874737816576,85
41,241.84989336765173,475.8858506044721,85
44,239.85257690524986,494.6898935988994,85
18,312.6470151422883,141.8079533773493,85
11,20.70649037370531,462.5108806688452,85
15,301.6670188066069,480.7048405719983,85
27,298.7398675060933,454.03510358432004,85
17,325.00510076259974,71.46524259621489,85
19,312.01088473130807,95.21340399523265,85
54,330.69207594128204,65.76575148926572,85
13,305.53876677036203,413.8626091837694,85
40,326.3017324399982,398.27364931123134,85
42,366.8753699513473,409.23194003384873,85
10,380.3427555620489,50.94172151234694,85
29,318.1930897059679,340.35914800689653,85
55,296.7756367302042,329.7381621471355,85
39,348.32929613220665,339.4685409988578,85
48,366.81576114109225,352.14707978155127,85
20,420.19579173247206,468.0179966164747,85
24,399.0237139249366,332.59204270007467,85
25,408.4726038185736,466.55653309704127,85
50,409.2298735177175,379.25163663741876,85
35,419.41773307176805,123.03984747927937,85
22,365.900408404047,284.049843261039,85
58,344.75325901348873,265.03960965405037,85
2,422.4538065752046,307.1149286787738,85
37,423.7208528707155,309.1182511439916,85
51,410.66732787042463,279.7749193080075,85
26,476.32005220609034,364.58452880820977,85
49,492.5955564966528,108.60123911683527,85
5,383.11942793798806,247.1976081192541,85
8,415.74252036743013,220.1923294836708,85
12,493.42091144226623,338.80897303326316,85
