id,x,y,portee
7,296.7303199776923,15.975750697326818,85
11,278.9184542624149,52.740480048684866,85
13,251.8096571057285,37.57844278637823,85
15,251.27334781054972,51.76406703020287,85
