id,x,y,portee
0,317.66073028081377,143.9107607220469,85
31,324.5926345715156,115.48343809395529,85
39,378.09816738376855,191.6547789988205,85
43,383.1678657454645,108.31102034441909,85
10,279.25675603751245,55.26697382329532,85
26,364.36275143881244,47.46265454995924,85
49,264.4694036918277,65.05369654613752,85
1,342.6373555937393,268.70389683321304,85
8,320.2441573394492,238.17676771105096,85
30,438.30076288756953,193.31663725243266,85
25,461.35283937153434,82.21529916232123,85
6,309.99974038573794,6.008195259511295,85
53,330.62461214865345,3.9500594299274328,85
50,186.8534467621593,73.52050394958792,85
36,285.65206199865366,299.76029603456624,85
51,278.74645741323246,307.43618085101474,85
46,489.2645758908809,141.01192523767426,85
18,110.06202450515129,92.32107664599204,85
29,139.77826599650538,118.30355468337473,85
33,182.42990945736014,131.02496670057184,85
41,173.6256601362624,5.819418219777884,85
44,274.77935736303544,326.5851046247037,85
47,243.6390567895323,371.2086994602784,85
24,295.7379945790603,389.92322192474205,85
15,53.5455928792683,102.58662099622623,85
16,77.09159692834521,28.712963771638012,85
27,76.0286096831238,91.79746485632384,85
34,80.27393064454763,96.08468270618586,85
38,238.15900903355535,401.0954192849591,85
23,229.82516822910165,410.5902778071839,85
35,264.8375991654848,427.1272713071154,85
52,256.7438659298719,455.54463985610147,85
7,5.744683643893634,95.34784478113184,85
13,8.303022893326183,22.335854612744342,85
17,269.91928415463656,495.6543535074245,85
