id,x,y,portee
1,160.33318340394743,204.34701833317988,85
4,208.2870589538962,145.89319403928775,85
24,158.68241738714778,222.3400681117353,85
21,281.1333304487403,133.92574270739377,85
17,162.57488663404635,299.8800292261045,85
3,334.80226867838917,191.62155384335023,85
7,323.36571532537505,177.16715608154843,85
9,289.7230736967061,93.12522755889991,85
28,226.17455891163985,277.45982010180836,85
19,364.8580414324198,244.4574601861138,85
27,352.29405229633505,303.51103183850296,85
12,340.5573646548687,367.0723040768957,85
13,358.499431504844,403.10030314183746,85
26,318.0930983286646,387.6795758082861,85
15,322.22810556109897,463.9413379275356,85
22,268.2293828229231,413.747320879365,85
