id,x,y,portee
0,162.63030481125017,299.94849037664125,85
8,115.39290550708265,236.16243362236472,85
22,115.58674287791199,202.01801018490573,85
9,112.76725375253699,145.8514147518764,85
17,188.59600337564459,188.04517670042387,85
1,183.32369217390425,136.41627500272497,85
10,50.74493317652035,95.64779278018514,85
7,234.16203218707554,124.924814805978,85
11,239.54963244428262,161.76897772357145,85
13,238.10482095961282,124.55070549828362,85
2,120.52776659212927,58.33035924775093,85
