id,x,y,portee
1,225.49321366474007,379.71761756316545,85
6,292.2661906942654,395.00953327789915,85
10,157.72776407057958,387.352387405319,85
11,201.33952055481961,334.52540118271236,85
18,225.98164008413679,461.67508920285803,85
19,203.62988577200974,357.02105590728564,85
15,309.4520668138973,357.923186334204,85
16,358.3761756736042,399.10623749330443,85
21,299.7867658527587,441.42178034668467,85
4,193.73830252325956,489.96897490175235,85
14,378.27409364081274,456.76321256863383,85
