id,x,y,portee
1,67.91652425024103,200.32426691532663,85
31,71.808412273694,130.32623137117866,85
2,101.80374155986627,96.84879368055161,85
6,26.673959265452407,118.95646916367414,85
11,95.20721265882548,119.04996615979807,85
13,132.16184572905442,72.14138896287314,85
19,11.000103681595597,128.4021494212424,85
38,4.580818780437756,98.89047550805697,85
23,107.737624704696,44.861036971196086,85
5,67.47157333854776,16.799725173445356,85
