id,x,y,portee
5,490.45546637642923,250.6939244455297,85
9,453.6117420466028,267.007480712067,85
15,451.2744793815252,184.86295947843783,85
26,461.21907710405753,176.70390247240442,85
31,495.05027649070104,110.9097331782764,85
17,499.8053862278681,37.87262850292406,85
18,428.8760079907571,87.03968163085834,85
16,368.21955955539113,75.43653955689305,85
30,376.9149103070574,125.53506858112968,85
39,400.1983226148398,94.61445926898826,85
20,360.98260734333275,12.738643207918344,85
