id,x,y,portee
0,347.0409335905976,266.7201667717226,85
4,389.2178440472474,339.4112947439099,85
8,301.35979930152286,319.3916890863098,85
10,368.3356710838801,186.25486428393228,85
15,416.5120345904096,242.3477289810812,85
37,297.4319237865965,204.75763722020073,85
7,441.8962490410882,392.8563741653375,85
28,410.08558909313,384.76311877030315,85
36,375.4172215357484,383.4495860336194,85
38,327.96061793853534,395.52792299211893,85
16,274.02805291623883,353.37370060781694,85
13,484.06336468671816,285.8664560604337,85
25,266.162032595178,125.88706914715131,85
1,452.80176468634005,434.89690949308965,85
2,205.1118516996549,117.61567691572988,85
27,246.49033263919458,77.17412405934515,85
33,345.51589717615605,97.04558026171767,85
31,393.1867402070214,42.57209325351491,85
32,403.4978126681548,92.65489124861092,85
18,383.9208071526539,10.551678972321676,85
34,336.8095894250311,2.0212482715266655,85
