id,x,y,portee
0,30.43791411590724,409.57100580964584,85
28,65.7520914974577,411.61928067736915,85
35,27.19246272328818,420.96487273686535,85
5,112.60830651415354,432.72621097629803,85
16,125.8284566610155,459.0562644404674,85
37,106.97660330029251,355.1445582287968,85
25,143.2726768679803,479.44152074151845,85
36,116.17204326782165,487.37014452629194,85
3,198.26867658041553,492.6732832566131,85
26,103.08416394265151,289.7408640822537,85
29,89.5808324918359,314.76697632800676,85
39,69.37566270507966,312.8833945785643,85
44,162.0101590820347,298.00602955973216,85
27,210.9788410509551,436.7356850274499,85
13,79.31121085114795,266.3046570134048,85
18,80.0109783207053,213.8675259364171,85
