id,x,y,portee
0,243.1862850707454,248.32810464172988,85
1,248.68450872178295,248.41768117611906,85
25,293.1739817410204,249.08161651903603,85
7,313.15990924481304,329.2876476176489,85
12,350.34232241326373,200.27189186780296,85
31,355.25197088337023,291.848018591403,85
29,299.32387054242764,334.39721859464186,85
30,380.19334583582753,278.0179573473941,85
19,389.04714488836026,258.8044512840483,85
22,405.3844054220162,358.61909368883454,85
26,398.1924678262097,332.87254607465735,85
2,465.34839098205356,240.06420699477528,85
28,489.41798999504954,161.29651093551033,85
4,494.72062820720794,111.43343033632436,85
11,412.9206706849839,89.79324828514329,85
15,416.4728830982641,5.2682029506381785,85
16,449.9816681739226,20.016973779476753,85
