id,x,y,portee
0,482.2753620108448,322.0051881452639,85
5,449.5389165517758,293.0698404248161,85
9,448.7052620440871,382.9617988534551,85
20,462.6800264358723,352.74824212703965,85
