id,x,y,portee
3,257.3888158804012,282.54329424378295,85
6,261.54815769998,366.04712741010064,85
11,308.7400548603016,251.2914770649206,85
16,217.43295997172012,289.5772413434071,85
18,237.9716519832028,271.01224039416195,85
23,196.14500041348555,394.4217325715137,85
10,205.44718845874203,201.28960808371983,85
21,177.08151048528825,454.16584350206284,85
24,190.591200727169,465.9077081730655,85
12,174.12734793008545,209.52527665794517,85
28,130.1640507480893,168.27439880409545,85
