id,x,y,portee
0,306.43024662829725,322.65371711588364,85
11,273.5529195330476,248.2171404263388,85
6,253.86022640753714,221.96934197590957,85
10,295.36543481845956,173.46207914112526,85
5,263.37495144133345,111.60573443734067,85
7,326.396416655417,68.13563321587202,85
3,404.08417425748837,93.49654981193368,85
