id,x,y,portee
0,121.93744618524543,206.11919803050583,85
7,140.69087225826078,276.975401612016,85
8,170.27764621875673,308.10444767313425,85
