id,x,y,portee
1,76.40292284053768,420.5983467466522,85
6,106.3531765547866,499.06521182397256,85
10,6.417242302101334,434.26091403353485,85
11,149.20459603833996,455.3496871495552,85
14,77.68267953305657,495.8755468861306,85
7,216.8260288027143,411.27567751277536,85
