id,x,y,portee
0,184.70633273327797,392.23890656162894,85
6,186.32593227751843,430.069738534506,85
11,268.7544798727186,381.7837896281517,85
14,143.51196448225738,334.3771899225751,85
20,161.5890589526966,396.5585531652901,85
18,168.551850036525,493.94789747480564,85
15,116.79737318003237,479.93944516988205,85
