id,x,y,portee
1,222.05088687002316,369.6467817043136,85
15,162.27554010854857,392.43368305867483,85
9,96.03795834935264,374.2616202272569,85
