id,x,y,portee
2,94.13555777900496,337.17625434833326,85
5,86.80283831627472,273.77465781666865,85
7,115.28017072290069,401.37072188621096,85
21,91.38730728960887,386.33654784525453,85
26,67.97391463621905,353.19251225092154,85
29,107.04587233498386,364.6690977811069,85
32,101.16797695715051,395.5459270806464,85
11,133.01233033178028,413.1644924083031,85
23,42.95150676113779,439.1316188931855,85
12,181.86111286590977,340.76643842593927,85
10,174.93012091531247,472.44092203943234,85
25,192.3759298374702,356.4854858596574,85
6,70.81015712661487,483.47014890171545,85
27,203.7209773380355,273.08206310334,85
9,265.8992805487195,280.46859427319674,85
