id,x,y,portee
1,376.21354094009354,304.6087005934156,85
4,410.7159712806069,258.9303436759118,85
15,367.5131751845289,305.4761002246818,85
25,350.85023351656326,242.56654329396605,85
27,368.73217601354236,230.83622982858304,85
24,451.4125426291976,236.89898545948972,85
5,286.7094777762203,236.97524696288707,85
7,440.4170627440991,157.4663378445218,85
28,279.4821876870229,194.81987265959728,85
11,422.80327993495837,96.88997698480617,85
29,420.1388418455281,147.1078877274111,85
