id,x,y,portee
0,143.6363552834767,235.90871827492725,85
1,86.8085433861479,256.64362650670364,85
19,116.8660646936946,283.7359479885673,85
26,84.95947539915655,220.11368566408746,85
27,75.7842508472758,192.123683794394,85
29,225.5203596453624,256.15880498816904,85
25,71.83341508735263,186.75825683172076,85
39,49.540990323119594,312.46248775586906,85
3,186.65132101945088,310.1540526107275,85
6,14.767020181243485,173.99269742127294,85
23,69.33895439425409,150.80917405985977,85
37,80.18376112006243,111.0426552381163,85
50,112.66747858222448,126.03627961434604,85
28,263.06852839378683,267.35344424375563,85
51,290.9394846701143,274.4458293952097,85
2,13.991721521508737,380.0503852522681,85
44,47.50838438697613,384.9225418968518,85
31,86.74165170495695,28.65675343003471,85
33,139.46899143352488,66.75834495328841,85
47,78.03903106057986,66.24742025304964,85
7,349.6395120202134,306.47717004426335,85
35,30.660650087832366,425.0590337355129,85
38,98.53006899972338,419.0259943345748,85
15,32.98491992128327,4.073854246722242,85
34,204.5567794918619,109.96654589196342,85
4,350.8315392177962,388.0290978120135,85
24,388.37292177465827,354.1660132610775,85
30,430.8978871988822,317.67488219272497,85
46,393.6674731525782,239.61133202024487,85
43,105.56239138285196,492.2062154490808,85
45,235.33075714682028,159.82763189416383,85
11,371.3743039599062,416.0105578328118,85
21,392.2213975475189,443.3203429971116,85
32,356.9916621387044,469.9117457599383,85
40,279.52246052623263,379.2143687424563,85
14,439.73261443035824,307.85681855067236,85
16,466.7385614536666,301.66714022043595,85
9,413.31178819406574,178.15992228171746,85
13,344.03099706840914,176.6159922286681,85
36,405.44680155424106,184.87379423051027,85
41,432.0995174931787,193.36823524609082,85
22,310.1710099072832,124.90443420217507,85
18,430.990016493532,432.3184248982086,85
48,389.4271995772377,471.32906138749775,85
10,214.4703860149263,431.962885906161,85
5,396.5450468061069,127.14885349879646,85
8,452.55970332236427,168.0654546504758,85
12,347.2544842304099,144.5300613965736,85
20,466.610909910204,126.20673318601283,85
42,308.8233181832104,52.6321673020852,85
17,223.9467308713335,453.76412285772585,85
49,387.0912560136689,36.90070290273339,85
