id,x,y,portee
1,104.98609930598374,355.36070329296587,85
18,98.24683521678695,278.64199064935275,85
25,132.40142910912883,428.3109959625681,85
17,133.17987474862448,215.12906391334386,85
4,146.71640588666295,480.96889234941733,85
14,157.27230903901014,438.0727951473611,85
32,84.8418463431454,480.73640973004814,85
7,149.92437446936475,193.23998821150835,85
11,209.7657806832437,248.44132827184967,85
13,197.90214828930553,178.7443066113963,85
35,227.2154168227486,478.50058419212127,85
21,231.38992833831685,415.2733160925182,85
22,290.3745058419914,271.60101087068773,85
33,261.445430411662,277.21935204747405,85
24,230.22553269740126,337.58944725594773,85
3,367.9785561860523,263.46044593501364,85
8,311.18787845628344,250.6205137680813,85
10,308.3973803966807,327.72052002883464,85
20,356.0646899304272,228.6352056638498,85
16,431.8378994336521,315.26235503627794,85
2,487.5733494951665,326.37232921801484,85
5,418.86252449761923,349.936228854379,85
12,478.1864366657089,292.09755356894476,85
