id,x,y,portee
0,446.2517933740231,6.618449889782163,85
8,394.90227443670705,60.02960081874886,85
9,447.8945308328129,19.90492011463679,85
13,364.3976933473453,6.370724025917928,85
15,390.6479626650625,56.84427915426033,85
14,360.9716843122917,39.219782523738644,85
