id,x,y,portee
1,429.80326282416695,441.0962857267059,85
24,487.5233457632698,427.0883158478146,85
27,349.28201235805983,424.90856537968335,85
5,280.64373264025,430.4615647459082,85
17,335.3516581543002,375.074846731928,85
22,352.3922848543028,401.85026813557977,85
28,379.60411633369677,353.82902998111797,85
39,391.6256397147258,356.54588240923704,85
45,343.90523913151463,389.1853257812812,85
46,369.91156695253204,357.3186565351054,85
54,269.74245809559335,406.31185413403796,85
16,218.1932686541731,466.94805718504676,85
30,274.0488025944333,469.3904786463238,85
40,256.4664411617919,438.4168573036431,85
38,325.33251846202376,293.2740496536381,85
47,291.90565974734574,323.66659558966046,85
14,437.95713494567013,346.1245884912938,85
29,237.23393248993546,340.30630949399693,85
9,404.0087678779044,264.6765364143571,85
19,276.2538909394596,246.23332746794608,85
48,338.7087650740805,276.7363678335768,85
35,220.96051710986896,292.46418931641756,85
34,450.61565938069367,266.1472089410311,85
8,435.4480284714293,198.84533773225826,85
55,394.9199876142552,203.0163925631492,85
59,479.2042874891232,254.0873327285298,85
52,175.62625349235083,243.39552560607268,85
49,492.728900916223,273.66140939851783,85
11,105.46657429641098,259.6499755077851,85
13,125.49864049457388,241.2589089524506,85
10,79.21383205990051,181.94613950845218,85
15,41.19332472902143,304.4084569335972,85
25,87.19630733765183,200.70147394366217,85
37,70.36530104695427,265.06991145478037,85
4,63.78113954784948,184.2589264586988,85
2,10.282547478688508,229.6878174380525,85
57,33.189153733510615,185.5355251476844,85
7,98.36035107648145,352.59661740221964,85
33,9.761677320899498,280.2883316372473,85
21,91.40454020610922,375.50101319752105,85
23,77.86402777742424,451.7847705333833,85
42,78.06343636412466,454.6273543415264,85
20,87.15456639481157,497.8517493962677,85
36,53.44354420033765,454.74956339830266,85
