id,x,y,portee
0,91.6523432054901,341.7862217833425,85
4,9.302634006578936,329.6325166799696,85
11,41.952759841863696,293.64610931980036,85
18,47.200517196865576,399.29542686207117,85
19,46.675778551262034,408.6530761493262,85
43,12.528070378564738,314.41630013261374,85
56,114.51945199701302,410.48290360998004,85
5,0.15744998687894363,382.1335386944105,85
14,119.99430445989894,425.4887560338635,85
29,3.6703815065415313,432.7856044225533,85
30,80.27616253682402,473.0783418819949,85
32,46.417701369799836,431.0504100721496,85
50,9.795720041011313,432.84181037037706,85
10,112.83542973379996,466.5705501862551,85
34,159.18542147501884,434.96372148786776,85
42,177.3316024110178,420.3094714399,85
1,202.88619227778636,406.30911143781026,85
9,209.52445209076603,450.34794571930115,85
2,205.42000573533386,327.97035810939275,85
45,220.0035024545025,496.71731823707785,85
51,190.13008418742533,312.9220610960534,85
