id,x,y,portee
4,380.23052856157517,359.4879530768695,85
30,334.3291472946514,305.5482696299328,85
20,331.1245154987302,248.65204448565166,85
6,279.5131100171924,183.11303542855862,85
13,281.16697063026606,189.64749556882916,85
17,264.1288439078327,184.21422052085117,85
24,220.8075258574102,151.6007263264672,85
19,252.17832165088134,74.65948293244546,85
26,300.76891776877966,46.7317873532741,85
14,368.884057497991,86.59076353009948,85
32,378.4061366623865,71.40030884266108,85
21,380.4679240940008,10.686542897618667,85
27,421.7587848880283,42.874823228275794,85
9,451.4784622715885,115.36028240754042,85
15,482.6458898857439,129.7681906815473,85
