id,x,y,portee
3,277.680815422373,312.06521841278857,85
20,220.96234160705248,345.17337530043267,85
26,274.6021489289011,387.1080593476634,85
41,233.87459392710858,293.91065457694174,85
49,213.74722728876884,275.5699611602979,85
37,177.59694293439455,288.16386772845095,85
15,302.05920709586576,397.71673370021074,85
30,302.9202826213421,419.82570115894123,85
19,152.15098734161288,263.85542187777395,85
22,146.9656148796409,181.6749285090361,85
33,128.32620561184405,216.5462335677279,85
23,79.83239283437193,157.9332492002025,85
24,74.44514525420254,172.65700235640236,85
7,88.80525893464575,118.27419091520852,85
13,89.40084518582842,90.41003921956676,85
18,0.025156948150251157,151.7448443205207,85
34,25.296404159488304,212.88639092367663,85
51,35.07876015000616,183.5903610624095,85
40,40.6365113144464,250.2712492447367,85
