id,x,y,portee
3,236.23366626439508,231.4378735088614,85
7,167.2470136211026,245.55753171394312,85
14,212.48167549401148,238.21722939849982,85
21,230.78638624075347,175.74155579871038,85
37,202.54185122436462,165.33682686657718,85
36,100.71841245832547,226.1603638226523,85
17,184.18534353570178,150.54223215645396,85
22,263.4086092347275,145.1083694159882,85
18,129.37773547446795,145.129003030601,85
23,48.143557847027786,262.37504324610006,85
35,94.77510853304055,104.71408499930662,85
30,1.8475864667202302,216.0823844529477,85
12,61.606519524988634,41.26189130610719,85
42,76.63900993318362,34.594029047127826,85
20,4.608486370653697,38.9474256009521,85
