id,x,y,portee
1,224.1185907836516,1.2175393775342713,85
7,192.55800893639773,36.00206948781193,85
