id,x,y,portee
0,245.53747355124344,241.01127090102665,85
2,309.30712378221654,220.28467892934955,85
7,312.9756200549165,246.4452493008647,85
11,243.87350599859576,194.07990031144402,85
25,310.4802655484316,264.77725662478633,85
31,303.71513439955686,203.26339596865222,85
35,203.6787329245961,283.57715930091956,85
40,177.2537564667423,202.71458177832335,85
44,247.61243057954334,199.1884285279027,85
45,188.6449726565301,240.53343760516094,85
41,342.1961401804878,284.6358296625628,85
49,332.4171338776155,280.8730445573938,85
9,367.60147107481833,306.89819970012644,85
27,140.7936296545703,290.23904642743264,85
46,267.00724872284115,339.14162635853705,85
1,130.42639167174474,201.44602496083664,85
22,100.16656427610843,178.4463671880013,85
38,134.722422106484,211.10544344428067,85
21,327.723177353575,368.18484076583496,85
24,399.1132610838452,379.56837913944645,85
8,108.39543316776113,356.0098144204675,85
19,100.94434422731946,350.91560395536567,85
30,135.4783609393496,370.39540713836396,85
51,318.3575494910393,383.5872116229145,85
29,37.86240415540987,231.84583288489108,85
18,319.5840383712773,437.8412671909148,85
34,464.2848423723978,359.07070566671206,85
15,38.16900863140044,375.7724607906352,85
23,155.6017453200797,389.63462047891255,85
47,97.4800281268574,367.41449555104685,85
36,16.49153714654833,345.25512636149216,85
6,158.25548179557003,451.71941861640653,85
28,167.80848218175072,440.692258775342,85
17,7.982456255227532,224.96944227922992,85
43,3.7118195653562114,299.2643361349288,85
39,198.56294105834687,437.10411032521006,85
50,220.76837854603843,472.1400941627621,85
