id,x,y,portee
0,457.62247829025466,94.90266963270444,85
6,438.13722124797613,123.13040882041504,85
14,451.4309873233155,65.65077530458757,85
22,428.38882980487614,56.87359067046805,85
4,430.1297812180897,175.86910789291,85
21,376.4196029274377,150.57127795773712,85
2,493.80384126629,205.00192636286096,85
3,410.0110611992856,244.21464415240763,85
1,420.9208637648211,293.8002128653607,85
20,469.25571513004144,301.0162981750113,85
23,486.52740953631064,322.46389952901086,85
