id,x,y,portee
0,222.5509024222015,388.52811626809614,85
1,277.47252100438556,333.4055991585367,85
11,234.2123482726351,398.70224406732586,85
30,219.03539548958645,392.2683194509003,85
32,246.22793169140627,359.285914903496,85
27,312.8621334777371,323.582990621806,85
28,310.75653055701594,374.1053623590777,85
39,342.362058212006,393.8135243790971,85
29,411.12869604468875,413.25624224445494,85
2,468.2609289682591,455.4373872474776,85
