id,x,y,portee
2,316.9027764651741,255.12295249656646,85
13,318.03031957567737,337.26710884104216,85
15,322.8772468462545,209.89790186097335,85
31,302.78977642680326,193.3631506151719,85
9,370.75586402779794,354.9523502164661,85
4,262.35324071368603,160.13595096372862,85
14,436.22057550150686,312.14254989957806,85
21,414.2023130827043,379.99306442170484,85
24,402.63304849643515,382.0864790009991,85
27,440.3076630194773,319.39221004047687,85
12,480.45501970254355,355.62499416627423,85
29,494.69254372441304,340.4113744004042,85
6,412.51459982608327,450.7474041605925,85
18,428.8235307062243,457.468449300119,85
22,380.9002806651247,445.51162623899745,85
