id,x,y,portee
3,304.69648575491914,264.70750996761006,85
12,240.3389297032215,286.51867993001986,85
