id,x,y,portee
0,475.85004672738165,77.13907441548295,85
2,489.0833240926988,58.24021409307312,85
6,451.3034806962498,143.6912752852339,85
10,466.76962144083785,141.42324309267508,85
14,438.8324173123326,147.75121272290127,85
17,409.2337952576327,85.14103351694064,85
52,461.2690543769049,133.65482169754233,85
13,384.54157554304606,189.14996816756562,85
22,410.44160680703675,136.47741664895935,85
43,403.0410920568167,146.64736963144725,85
45,429.0924209749516,174.99668676800724,85
55,416.96051087885104,143.73813210750646,85
5,358.33098348736286,164.66146196306553,85
38,362.1872868262294,139.91006864448684,85
9,362.8432250798619,59.403562102438244,85
16,382.07270401920533,18.29167193404779,85
46,340.8653267410137,46.83575971303483,85
49,373.76115022548527,79.05405638089536,85
19,323.0938066666236,245.17581268004034,85
31,408.43480837439853,243.06219923326577,85
44,344.73763909037245,231.48162838730136,85
47,321.71640415292194,214.78741248829337,85
23,320.5806628150038,74.91710687297443,85
26,309.68534124827187,239.70085206881342,85
3,455.94047329644127,305.6548374301266,85
29,407.70745026477516,365.67050197924976,85
54,448.8523930302096,376.25021359023833,85
41,471.5506149487949,418.8318712855506,85
8,438.653248472301,476.9306411265761,85
