id,x,y,portee
1,221.78852058026428,300.44445344511263,85
11,257.08644395505326,350.8159870188916,85
23,255.4482059952531,358.794343986325,85
24,256.2133060965959,342.1488248219654,85
32,193.96055116780997,348.5746192331385,85
3,331.52987994960074,311.96892915388963,85
28,318.8746308713508,402.5849575691982,85
21,182.52610380659672,400.33620627420214,85
7,157.16282261709486,393.51578040790247,85
25,182.42625763756698,410.6542222651198,85
26,165.38105549578162,396.6287695727971,85
14,357.49890308224286,344.0413031167456,85
31,93.74202058505881,426.53047281995,85
35,210.94458620760247,483.9480206103783,85
29,98.83092195131427,455.7370614786793,85
19,273.0090525797284,478.9425754442651,85
