id,x,y,portee
0,171.17232811068783,54.32786086126584,85
1,250.96526364001943,51.41932630321927,85
15,245.13362060366617,58.30855173303112,85
18,116.894834832159,23.6816591772408,85
19,209.3826734269338,89.38056061756939,85
29,167.09843241341937,69.56379992817612,85
5,300.14798636206115,64.54607042432647,85
14,35.03074813238538,33.27820651594793,85
32,323.22375044553536,107.191060315451,85
8,10.263720306374069,55.126216071436474,85
