id,x,y,portee
3,446.2542015161684,254.66895724378563,85
6,383.90203069786327,307.5102878359366,85
