id,x,y,portee
1,64.21861072022539,284.7553006784798,85
3,51.784940148934034,359.53900667412466,85
