id,x,y,portee
2,196.4888804081224,203.99350193129996,85
14,250.85012155064547,224.19852333302964,85
16,187.96196453973073,141.5233985272788,85
12,319.9443445098382,210.4066833848855,85
22,296.3887178290084,213.50988205615957,85
6,249.34114524830898,100.3858610476584,85
18,120.12585080703225,111.21358087361727,85
9,329.51814186595044,85.58494100764369,85
11,314.6598460436987,124.30628808737349,85
19,278.8282381615287,78.08760909326479,85
