id,x,y,portee
4,88.05471323215485,90.52125971417819,85
7,55.890634924347594,105.72890622096337,85
8,21.419673051690236,98.04481319736885,85
