id,x,y,portee
1,152.6954615545074,417.6967407326764,85
8,189.4971844912447,476.24637647850034,85
16,111.12871312396821,441.8098863528607,85
18,98.87364753264633,402.89555609459785,85
22,127.2855131372222,446.0683605032768,85
12,22.049601803183105,393.4657822346417,85
10,6.495180479514751,361.67408361589463,85
26,46.42554341684313,312.20426719450455,85
3,121.16275655526809,284.0755644909256,85
23,69.3970225333293,279.952929892833,85
24,162.14091263340507,216.81843535115397,85
