id,x,y,portee
6,75.5060772730149,214.2506413875615,85
7,36.159617406744836,203.74979326803734,85
10,0.5301410004110441,196.28288742523569,85
13,107.55149573252409,158.4024040780595,85
