id,x,y,portee
11,278.7176463634729,259.6249618602377,85
12,291.6583042126847,245.41903123163277,85
13,306.2255831074572,218.87679454616148,85
17,244.47224054988627,282.58498809631755,85
23,255.34323059913794,293.084115514609,85
28,297.67649543713156,295.5354516066648,85
31,286.727172856428,253.81290349178838,85
