id,x,y,portee
0,28.392650291571396,462.774375541553,85
1,26.95293153287137,380.4694769840778,85
12,3.155305211614279,469.50144586924284,85
23,54.50850612144248,435.0165148738017,85
26,24.276200796368496,477.74050111982126,85
6,47.60394165374393,345.68629759845913,85
10,98.5959891737217,355.1477870899073,85
22,114.19038092759764,396.25571279797106,85
24,107.09303410037624,495.74952548683507,85
27,145.24443718341223,480.4238781976379,85
