id,x,y,portee
1,388.5714415505695,365.59049579632995,85
9,319.43454683467166,347.8510029414545,85
13,464.00794901850077,365.77397394819417,85
18,431.4099085226454,400.1709439871103,85
10,276.52286808827466,283.8290275697274,85
17,239.43282047519898,348.9745712531302,85
14,432.2603163191774,467.2955497419819,85
6,297.4714864545625,253.62611924650585,85
21,203.75439443229376,419.58374810261984,85
