id,x,y,portee
0,274.14383173810506,68.7900112361684,85
6,327.1564770117602,114.93458767069087,85
9,294.4939778186907,116.5828497150903,85
17,261.5895179004044,72.13107879856167,85
24,218.0107517751818,71.11036855958724,85
25,312.4863956298898,87.56601625566557,85
34,299.3568360443699,45.159255493707526,85
42,274.09598528549833,81.606404550704,85
46,228.75282777384442,116.92939555348897,85
57,332.0636250465242,63.531801334568705,85
59,270.44975636816264,102.80713686093362,85
60,347.28126847241305,109.10857862505952,85
7,291.820213926407,159.3310761779073,85
20,360.3653928381739,153.89805724640826,85
30,393.50367973862865,95.56974571686555,85
2,214.2598790914869,142.204195158615,85
44,206.71018340864617,11.664121498018376,85
29,205.85399149823274,139.95449833794498,85
58,196.57256753737784,15.188545977630696,85
37,261.50545200017,213.55058435251084,85
47,289.8080922008974,229.22035339856407,85
8,130.9157405715416,149.9016584559803,85
14,286.81911848709416,248.94218826040654,85
3,125.30596926086585,94.97052899492658,85
4,71.0353070281039,111.68134029956717,85
45,112.61548317740817,208.66104947789822,85
39,303.90467483732726,313.2284545166878,85
38,54.588195371026494,108.1863560014053,85
43,90.3434294512257,57.40174621407079,85
41,22.769526399209596,164.84781574327678,85
52,1.135580917809631,100.05789781845742,85
12,69.7080168338921,259.1632176836006,85
1,318.2594641210864,366.47814523592086,85
10,324.1215794770561,338.7450041202396,85
13,101.39450161577813,0.289243246539006,85
19,19.816825909478307,224.702764318227,85
48,4.286464783857912,196.67090563069817,85
18,89.89815945532919,341.5054402406704,85
51,25.523959966429143,306.35263478140075,85
33,312.66567062081526,409.05916809692945,85
22,104.53715319769358,366.4127908686655,85
32,94.73673622967999,415.20100398290793,85
50,59.12805720528741,364.4146154230253,85
40,260.87380616029515,473.88660133217155,85
53,347.1832986823095,465.5265415140913,85
5,89.86376692719955,445.50381448426117,85
26,116.81086585293055,426.6983597215802,85
28,94.58365367019672,433.05413219783196,85
15,126.06892471132414,490.6296162233683,85
54,157.84292547744727,439.70882303250477,85
49,4.907400554562735,390.24112077569293,85
36,171.31965240829498,477.0565215594446,85
