id,x,y,portee
1,422.6705902924784,114.80491773460506,85
3,424.1410652971305,98.01981668968335,85
11,434.3204337908154,86.08890822262045,85
18,404.67175083024637,89.62253509837115,85
22,440.8196507073899,114.7326148115923,85
24,438.22924060461185,123.3165515497745,85
44,353.23038091665063,77.01175186802762,85
15,482.9667534620988,27.442010804492046,85
10,336.5054568686548,57.014647948050225,85
4,292.14263487119433,75.42822807953226,85
12,314.3802346951823,127.1282134081505,85
14,220.31600460268518,75.56306615878539,85
34,259.9205149624489,133.13115963527267,85
36,254.82593922564894,174.97193297480106,85
42,195.00345970669724,135.30454862709811,85
17,222.79338630737004,247.37947100147923,85
25,181.45521433558093,208.06708587961893,85
7,192.5994099524426,286.9136661839169,85
29,222.8305397202614,329.58197397017005,85
30,220.01805811140508,275.98087672741593,85
33,164.74146279579548,266.24890839524005,85
6,205.2311461518684,365.8242070073088,85
39,215.69308266254754,434.37936787545374,85
16,191.45097891278513,464.18121503444536,85
19,151.76196590608592,437.65778531467345,85
43,264.71033591588036,462.6622606637737,85
21,90.00101274667627,471.3389870250652,85
27,34.13267971653383,488.4404374892081,85
