id,x,y,portee
1,319.0515729705247,211.65853858585703,85
3,336.78935022144293,152.5633104483387,85
13,385.06182405361295,236.83582585380498,85
14,393.7590415086697,92.3255973664438,85
2,459.3459184037497,212.93629064386448,85
20,465.66094357694425,220.329994754892,85
9,399.2251810992629,34.01787030179698,85
5,475.13563342270805,157.1637628491281,85
11,366.83888564206745,7.207146632823402,85
22,351.8307798960272,8.453575391142609,85
