id,x,y,portee
0,108.99201432829669,294.4617311799272,85
12,140.01375414912292,272.5392469854782,85
14,81.64076596452958,236.59820386846607,85
16,124.36015220620972,311.37686379252773,85
25,174.1266983487796,277.73809460147925,85
34,35.75135982520411,320.7272807079052,85
40,71.12047220677148,276.83140594974503,85
48,53.259408444007676,251.85700863126505,85
55,102.05452399757725,373.95153729143635,85
19,197.70386198227575,211.1936962247481,85
45,202.76389343071256,318.5488815884442,85
8,74.74393173343114,164.0784846736979,85
21,68.32529791283304,214.65523317367507,85
33,8.714107947844996,245.11399085531633,85
51,33.32915954968724,247.48344244129154,85
9,240.1351273129434,284.636321174264,85
22,52.22672004092404,362.25944016161003,85
39,1.2245726236192467,191.51629037351353,85
10,148.65513765441725,174.3711183655523,85
32,195.0751163488384,135.18703452011582,85
36,266.5938618750251,284.8438411957674,85
38,278.6439016864931,286.9799833154706,85
44,251.14176327694392,338.19687293441956,85
46,278.11506537121664,337.89885612285053,85
29,57.83609933930367,147.92582025453592,85
57,133.23744930320086,118.35675263379969,85
4,289.3634693129413,259.48440188372433,85
24,289.52603933622794,326.6491376249388,85
43,276.995589956391,117.4536705720054,85
54,255.78051436743016,105.00262227959922,85
27,331.2900640961702,251.74114734339403,85
23,118.63111271436239,76.97873013102125,85
31,152.15221478438096,41.1787995384752,85
42,132.94662173810178,35.050434148205746,85
5,368.47179357460055,312.933710927509,85
7,287.5529314110579,143.48288108115892,85
17,70.70552965205601,29.583396528753692,85
26,73.9012240914923,34.802678803650124,85
1,366.237273356459,122.67861678386389,85
15,412.33890798183376,183.44736396929406,85
18,405.7822800158367,127.57343649926645,85
47,439.52268008941166,148.9265686225283,85
50,356.84510398637724,54.146877113390225,85
53,393.49624306030984,83.3218683751018,85
56,475.3229107481065,92.83249358766638,85
2,383.48325554930307,12.26809946057833,85
52,400.4082784213415,16.996431771428345,85
20,460.7080011026672,60.36976644052777,85
41,441.7468787245947,44.47520025551333,85
6,483.67806554304417,37.44343798875238,85
30,474.5630183187238,14.848542449358348,85
3,464.1815454256186,2.104981571498854,85
