id,x,y,portee
2,488.4762622934799,314.88674243335737,85
8,464.7835408333749,376.66932148575785,85
3,469.0091219101501,419.0300357436599,85
5,437.9433055240912,413.1306893284889,85
