id,x,y,portee
1,497.6617908922561,338.08680294731914,85
9,450.28318450948876,368.6848706456669,85
12,467.3808037349599,336.50440574736143,85
