id,x,y,portee
0,320.6706686726363,259.83665927417,85
3,366.089903326751,282.3812864161586,85
22,430.14282609053606,278.9844061087486,85
29,435.8914769016575,253.5351940243552,85
36,451.2361029200146,343.89259257411965,85
20,492.5625056327488,201.86273643233787,85
8,444.5243931171644,424.8252904994948,85
23,446.17423327350843,372.7641287910834,85
