id,x,y,portee
0,316.79483712622635,1.6577111011645829,85
6,321.1795431295761,46.70527942247871,85
11,271.046831172587,96.56808072081196,85
8,285.77850666168575,170.7138034768481,85
21,226.2339421391369,217.05049807591948,85
22,272.4138225486632,211.2840325948312,85
12,236.66737695517708,279.62203103318967,85
14,263.0375331042555,321.9182899832953,85
