id,x,y,portee
4,447.2401924412947,134.71223639459978,85
11,397.56327487246625,68.26871382416705,85
13,492.09259595956337,204.0972006176836,85
19,479.45800196722433,124.8625782061421,85
23,475.23532212945673,126.12851042384204,85
24,489.0669166636459,89.99068801003918,85
15,335.98599660779695,117.7759821690253,85
18,361.6395182001409,22.83345514114177,85
17,479.60503997673834,231.25078339912514,85
9,474.10162241934694,8.356792693804959,85
