id,x,y,portee
0,438.02375259205104,208.34011935348394,85
13,450.5324940786917,240.49646919085004,85
32,424.4674399926485,278.6631930551519,85
34,464.9978711437701,308.1318513483896,85
2,397.03900703330163,353.7790246746396,85
26,475.4743114581539,380.505437421639,85
19,347.04951966331527,337.2703873154855,85
28,337.13137300499926,334.7757794189302,85
21,283.6609362210186,333.07921272743783,85
