id,x,y,portee
2,436.8055384916682,248.5902446934365,85
11,459.5474824424682,231.54107213531933,85
