id,x,y,portee
1,321.1914459768533,14.616023368381082,85
4,305.8838503078848,54.01243368500941,85
5,360.41282207384785,25.68020004506516,85
15,394.99141957113704,23.151306558593376,85
18,316.81557027426965,75.91207704753027,85
11,453.1873767843858,51.10519465773095,85
9,464.12850059227475,118.57404189291721,85
12,474.8477668525137,100.70011527400335,85
