id,x,y,portee
2,474.8347779553477,69.35528145275238,85
9,419.53666289235474,24.735146944268315,85
10,470.80669904022295,63.984370410495316,85
24,452.07361977394083,114.53601242911182,85
29,458.6437811627639,13.57549523570578,85
31,423.4954970908716,130.7782679226846,85
14,435.5894549140029,196.18430424693955,85
28,495.0653212259574,171.56799916019378,85
34,422.28705014303955,181.4480174371498,85
5,475.8246498629746,242.12321602658176,85
33,496.37164480974934,288.8915363886731,85
12,460.5744102802622,344.3371541838541,85
16,494.8718458286954,409.47077430123556,85
21,425.3684540660979,377.4982236754743,85
