id,x,y,portee
0,312.62747177898945,169.2238611814982,85
12,327.06882487792035,118.00736725737337,85
13,307.1396192309215,177.6320165478541,85
15,324.25187753917487,122.74769147950049,85
19,238.507540364033,218.84676799502407,85
