id,x,y,portee
0,206.88784390884024,306.57470672243346,85
23,239.38065779139728,244.1691594074959,85
33,131.1931158629797,310.47156893047355,85
35,218.80863480392364,206.024096822366,85
12,84.30752361885769,344.03493868119597,85
17,66.23949715380606,276.65614138689347,85
3,201.50129040549697,136.2706193553751,85
25,272.5435817803025,160.505000706279,85
36,42.372809449701734,408.57850779428213,85
5,135.6800849091784,168.8940774939135,85
14,179.77455144749592,71.24540524869761,85
38,171.21640147739097,97.51010608372756,85
22,18.641278436498045,475.1856832440519,85
26,81.01716395664815,481.26209467834525,85
7,97.74869872357334,170.86164520184843,85
19,63.215423897966026,158.58267683546478,85
9,138.21999780087634,487.0483290518395,85
32,29.213713703259646,140.11857566231532,85
21,50.93331185063521,83.51056534682283,85
37,48.84255807518545,86.77299314819432,85
29,31.254755730935223,34.31627202286902,85
