id,x,y,portee
1,356.82358334923725,393.4642022487184,85
11,313.9139422438481,329.09985853216455,85
17,265.6577708794615,291.72272979626484,85
24,254.38129562886647,261.7606025494297,85
2,277.3884475165777,203.4176442916525,85
22,337.723594571648,212.43184873513232,85
10,384.8483109123365,235.24164399062187,85
