id,x,y,portee
0,177.24128436324753,216.0480819724656,85
4,152.9133523291598,217.90327848084002,85
7,190.00909413360495,270.9345009910423,85
10,159.80756576586597,236.81574222557467,85
