id,x,y,portee
0,29.343523384701808,107.23510629090272,85
2,32.782108482951266,62.18889315749687,85
4,12.616754606200764,164.59121740546863,85
20,41.352754808191946,66.55405965421124,85
21,22.07016407823731,92.53004907244605,85
3,105.74945230647126,42.86084147804725,85
12,112.67410522117804,33.57659772301014,85
6,131.15639276819752,25.54484042916322,85
