id,x,y,portee
3,384.29546361541753,480.82928705715085,85
6,344.950329383767,437.4853270877719,85
9,365.83429491202867,486.8579611241202,85
7,291.7962642216372,441.1056837157064,85
11,368.4347948198772,394.7330560157002,85
