id,x,y,portee
4,88.07529020917387,57.4533832712596,85
5,7.368776262021093,79.24729202378266,85
9,68.99294022301805,39.938365097699545,85
12,156.452924940746,56.57756461662028,85
21,18.181924873503675,19.33354943684512,85
27,58.551785478343334,21.214063605508258,85
13,33.86609049810624,148.65345732931274,85
