id,x,y,portee
0,443.42604874994674,461.52363277188243,85
6,496.4150909260026,471.9951789128096,85
8,460.4108020328611,403.1044866761006,85
