id,x,y,portee
3,181.94718359548705,69.4085343068811,85
14,157.36109905267938,4.14003476331043,85
16,185.35143732605198,103.43532926432192,85
22,99.38804549331081,50.84324901111176,85
29,211.98282370997467,53.63687682334167,85
34,222.63928078445883,78.7958947105925,85
36,199.8496300699115,88.64526315056736,85
37,238.07006755497255,100.58821264520223,85
31,272.82458013654934,137.63563604032743,85
23,310.07674495086184,66.09080832313497,85
25,297.3121318150009,147.0527370433931,85
27,228.22842997793907,185.66562523447476,85
12,316.69881089105627,49.2736294136395,85
