id,x,y,portee
2,35.554642099431874,236.4156367928522,85
25,63.55266425697287,210.84598138504012,85
11,137.231553468105,218.3972250614001,85
18,147.32787420339733,154.32815654470105,85
23,124.43700293882648,271.1159722704765,85
20,135.40350660792373,93.0146009106434,85
24,69.40097270989808,325.002403539967,85
16,38.25059544742809,390.902355817021,85
26,56.95491180389711,462.7147441661322,85
