id,x,y,portee
0,227.5722993727337,75.35364667431938,85
10,198.72969964480168,18.335373138298916,85
11,282.8545027454281,85.94036274731658,85
13,330.10957467122273,61.969721761490845,85
