id,x,y,portee
0,395.00911393077433,234.9783378549754,85
7,326.3273408071965,190.0738460525767,85
14,339.8127026568864,267.9890896545172,85
17,315.41279353765475,238.94181104622285,85
19,249.19508113183468,237.85495151131326,85
