id,x,y,portee
2,137.56951887798357,175.67590226672496,85
7,80.91555487615403,118.39850714477834,85
22,166.21142383012406,146.01140255646084,85
4,130.74216713958725,51.15294513951885,85
9,16.775232969764076,73.18318127043605,85
24,241.0120467621628,115.63900276121485,85
