id,x,y,portee
1,252.81410559035055,394.1317896192593,85
4,218.65880089756868,469.26202397737046,85
7,251.3229981211717,421.6096018897913,85
12,274.16534171324963,459.375962942823,85
2,150.80652683074675,498.96820466720897,85
