id,x,y,portee
0,340.94884507487245,232.59415399592837,85
8,382.2598899686376,164.10059936864036,85
22,373.7239970648061,140.4331592729942,85
19,347.4467249712656,63.86701515708398,85
25,293.81596486269194,152.78297037754163,85
2,273.3897889438186,25.397698760201592,85
10,397.4880915026014,7.151680949358196,85
14,264.4705319211341,57.61157252049032,85
15,385.73583968800745,53.5229471271636,85
17,292.97870084206033,4.196601113223508,85
18,258.6102834226878,117.54772919423378,85
6,184.95331969665818,130.87917998723515,85
