id,x,y,portee
1,428.91971223764097,30.718865777140614,85
3,363.1719386861764,39.127156015968055,85
14,452.1574465669322,69.36107447316081,85
10,307.9985197918514,97.38991060311191,85
11,339.3727600319118,24.220467777162526,85
13,346.8628154530338,59.713885775176834,85
18,347.3063660161571,107.3997929618663,85
7,418.701160977668,150.3292404633015,85
