id,x,y,portee
18,45.5319998321812,173.89807253322158,85
19,49.30143173415846,187.58152260731185,85
21,24.67337226687466,207.90634884036763,85
22,106.41631495952691,219.43539223305802,85
