id,x,y,portee
9,231.57801351467933,8.826407892594423,85
12,269.6926638841016,83.67341530183525,85
11,251.16997402543151,111.58628833771,85
16,296.6422057151859,130.2259113259418,85
