id,x,y,portee
1,156.47595568443134,1.3642059567338105,85
3,191.18745969598567,60.8994588858196,85
7,127.57640092502697,95.20352317725339,85
