id,x,y,portee
0,138.95146205383818,144.69837059075468,85
3,75.61862217798337,175.8876689278025,85
10,186.69991607314896,204.13303425440404,85
35,168.28716763015572,195.39227081359329,85
31,4.266894914901675,205.8424111705865,85
2,227.40181314161484,224.1989545047612,85
9,123.82703668072543,260.0818301228834,85
19,209.4038206106707,194.98911153706132,85
29,268.6392829256252,216.04043401741313,85
36,177.85960761308246,278.3517421255909,85
42,196.18427849097202,236.96844932307874,85
43,249.0326250469559,243.70667455648703,85
11,79.71284047293369,289.45348502554646,85
34,110.23057710521216,312.91879359829966,85
37,161.3564031773166,288.8350378372707,85
39,102.56088058181228,302.04459989371463,85
44,151.67138027133637,310.0806665415287,85
6,314.9554694375391,236.53121754071788,85
14,334.47808998055467,170.82316555987433,85
41,179.34408316624067,346.1875816130616,85
33,25.893746964566034,327.1790836521903,85
4,328.7347691282303,141.7175657226627,85
13,342.6093066207189,88.25295713477516,85
27,344.07067078921773,124.42874139169801,85
46,400.69650157054633,140.63792943430005,85
26,201.93776010004083,391.62959687058816,85
47,2.1474819611025375,363.32731815690624,85
21,379.6427817840423,27.397860567271948,85
8,466.3582503653719,110.65732020158359,85
40,426.9967291275072,182.14588616041405,85
23,285.9434477215104,388.26022014080485,85
28,222.26077215491057,453.9228636882039,85
12,319.1239229495905,360.7288265469319,85
25,322.19540808251503,457.8175051551911,85
49,320.1813467019277,449.9389314804533,85
24,299.7958157815223,479.56530739297716,85
15,370.48799096586697,488.8415824573656,85
50,400.9273968757395,475.3461722395949,85
7,436.1629632395543,421.23880428609607,85
32,445.0356708586521,435.5698284818106,85
5,459.84298808169046,354.68127039999234,85
17,398.7399724540832,313.3448187330311,85
30,476.8647326158572,287.0775270735574,85
45,437.87637808765703,325.9570281494506,85
18,396.23898159012685,265.2105026096148,85
