id,x,y,portee
1,35.59977054153901,367.5039722221433,85
5,14.451671867095673,414.88325444507905,85
6,55.24952507606068,320.15805361768656,85
7,3.9965732017950284,394.9154416854466,85
4,130.18068272124833,288.03229263234044,85
8,44.442114916185496,274.06460285606437,85
