id,x,y,portee
3,267.679973509628,24.392125378042863,85
10,224.98885347100222,10.032006760524348,85
5,182.60135293424761,62.34198352598058,85
