id,x,y,portee
5,378.3893625612704,108.78476517298463,85
9,351.2240239722194,115.52677122121008,85
18,453.0811631793544,134.9859898068161,85
19,419.75034896063806,125.57815836353286,85
30,423.19841949237065,154.5885666789364,85
29,469.5923626588961,111.31300273856726,85
23,470.6402802392538,44.967610892132136,85
21,429.74698015389,9.441447746508402,85
