id,x,y,portee
2,204.54302288090724,228.76958632719462,85
9,274.2446661435967,219.84260987387188,85
21,203.520742596245,261.50342231096374,85
5,301.30187200573897,270.2509578297732,85
6,301.22098582235753,214.77711541939505,85
25,338.5377919950302,318.5689418966129,85
18,338.8939793715158,153.0146920629984,85
15,286.6519073186882,355.93578273293707,85
27,356.9672235017268,129.6545244478247,85
