id,x,y,portee
0,162.16200338227844,318.2786719878523,85
9,205.31132737730462,274.76460792936535,85
20,101.04835369457876,371.64540876951816,85
1,225.23489247754685,244.08554172304625,85
29,105.86587434324719,403.9647089410704,85
30,40.82585802834643,356.21754320758384,85
45,53.62492922184825,437.8361339990694,85
12,174.12101875158703,191.97577753921436,85
8,76.59596993133272,467.95675086068104,85
13,37.727616867589184,444.467774709086,85
31,147.4703349917672,446.5878702716471,85
38,148.85557226156266,470.7593917279544,85
14,5.391929189802747,441.6301504148616,85
37,1.2586100960140234,465.8620461656452,85
36,166.31869861531578,116.51059392503421,85
5,159.8833585383713,494.2248945188928,85
39,134.78917255665434,39.35921036396361,85
11,242.3332300803459,476.1179606511539,85
6,124.76850059579043,10.063920388963755,85
23,203.2725774914988,9.754607334824028,85
48,161.52091424894476,20.970773533888543,85
7,321.1116704019737,459.53905247346887,85
10,241.86580752067744,438.2111905814873,85
34,240.09870849665276,63.487620932744235,85
22,359.3895284452236,447.2370403321707,85
28,360.5645013523735,437.65789796596187,85
44,365.8562096332591,479.23370962364424,85
46,380.05474931330144,467.0124828074301,85
33,272.1122274507986,386.92465515306776,85
17,269.31175062359955,69.17934131811687,85
35,254.01406351882022,132.74894035930606,85
4,408.7396058321757,497.17666073481246,85
16,384.5087869206297,386.76353740642105,85
21,439.72237712391535,456.1567670245072,85
41,410.4368707615936,455.43768016035096,85
42,398.16735067436844,376.70423875827686,85
19,339.382310904731,343.93988241579046,85
25,300.301309103943,332.70981914962124,85
3,338.1476008517366,81.38845907257996,85
32,400.73151788376595,312.09090427811503,85
43,399.74049671293625,51.55289744172148,85
40,458.7392764707943,97.90965295541831,85
15,455.77316405341907,167.34826035702645,85
18,476.21356243836374,98.90649057794626,85
24,422.72889697712105,153.33242622424785,85
26,492.5373485666161,99.27533958573909,85
27,436.39196290198134,132.24440834067659,85
47,483.56246395413007,21.942218803823245,85
