id,x,y,portee
7,373.3345837146836,420.1353187170303,85
8,443.4023632013856,390.05408559302975,85
13,318.61054955586417,414.16365171469903,85
16,254.7276373835778,416.65735948162325,85
