id,x,y,portee
8,355.47141419992363,208.28827023642503,85
10,409.66561651800856,184.18633000433294,85
18,333.4465288685157,205.612164686593,85
15,486.1140434357686,218.0460408706309,85
17,417.9653040346105,105.33710259047702,85
