id,x,y,portee
0,188.19012701079757,246.76916406577644,85
9,184.004219260221,211.4236390726696,85
14,155.89781058143353,200.61649756756083,85
11,249.86054645051715,169.64243787802457,85
