id,x,y,portee
2,471.2474063800967,53.988814057385206,85
4,481.3344955495255,69.93211834077457,85
5,483.47796580405486,147.1212615094775,85
10,449.0940634489274,176.87158423072052,85
