id,x,y,portee
0,303.4166382694852,235.28244383616658,85
6,240.56925230092347,280.00361551885146,85
9,317.4448249874237,181.79092675841568,85
12,258.6982621422857,236.2126696613583,85
25,341.8188960975872,193.90253827914017,85
42,339.60540954376467,232.09040158188265,85
21,189.24210509087146,238.04948109434292,85
37,246.92459060856092,303.1349665483029,85
4,403.00178012395304,189.54860628613812,85
15,164.84701032024395,219.27888681298208,85
41,164.913636791312,178.39166584320566,85
3,275.31801259017277,374.43869105179704,85
26,238.9941275304438,384.2881163954234,85
13,456.2519632669569,134.83275367480346,85
2,117.95149114312304,185.3205827078457,85
7,315.05377217737276,432.00917740841254,85
17,204.15887419677892,450.7826352376052,85
23,179.2363256531136,425.5585460571416,85
34,474.42663464251416,132.16743494902244,85
5,304.5160381949467,462.78412764863606,85
18,321.67243718228593,470.84764928521906,85
20,262.7718146273823,496.2358790839187,85
1,152.66108828956877,399.38280090564007,85
40,208.21958545205666,497.28164491885286,85
16,137.28943607229093,371.2180094724194,85
19,83.68565919925697,437.8889583784883,85
32,59.732401923427716,498.8277207730432,85
