id,x,y,portee
2,353.41185209369826,438.0416111778291,85
13,371.6209534954738,464.5386061602817,85
29,403.2725536182455,401.2190053983944,85
17,416.26895372183975,362.3240158504814,85
5,442.2326627973545,296.04951424433335,85
6,405.310262577915,306.65772948084424,85
18,424.35932969363506,233.36443017624552,85
19,426.9599854358499,233.8565618608323,85
20,373.3433454593324,219.03055178604302,85
