id,x,y,portee
0,40.09620782295437,96.23855099803092,85
17,75.59782648779174,76.87257974379402,85
34,102.00781713307371,105.92207254079905,85
36,118.36570988705009,188.8856958851704,85
37,76.11561813258439,179.79755131656648,85
20,129.9373796505408,245.83716070917833,85
26,166.19938830849028,200.58642591492676,85
38,128.28990469989466,198.60542720009937,85
5,81.92993330790333,305.7250007065171,85
9,194.8929437569525,297.5722429761208,85
18,109.61324878567046,302.43996389669667,85
31,75.8727360909463,305.57441515464546,85
8,210.18659698837317,204.38156924658267,85
7,71.99461027453752,343.26922216497104,85
10,222.16800356323674,335.25079677695726,85
23,25.405398931225676,393.74250110128537,85
11,73.16839798980746,447.22973647988726,85
4,108.09541661928735,435.56858647906336,85
19,90.23460776607256,485.8382729111875,85
25,6.5470010450922045,491.43674334819207,85
41,95.39284116950314,488.7049191494566,85
