id,x,y,portee
2,1.3600592600501171,183.89148752678415,85
5,38.03898236161118,242.3402150068895,85
13,35.429324635279094,158.03082642090666,85
9,47.21167472032223,94.21083062775892,85
16,55.761438324312905,29.221650493300555,85
