id,x,y,portee
1,239.6627272181763,340.77134314450996,85
11,278.7081993715865,278.4048596796486,85
13,188.69022528347108,347.4565846017209,85
17,310.5336439305555,315.38377971104086,85
