id,x,y,portee
2,301.7999384780568,135.70333915649198,85
25,255.4478015075033,103.54740646607802,85
26,267.0352288801215,170.2251891973599,85
17,320.12894372643774,52.69381977491461,85
21,176.59985638429927,124.81832077673438,85
13,333.57094559507345,44.820802423540364,85
35,157.3419954073557,47.414622801106646,85
9,184.73505601200267,31.844337001065092,85
27,213.0153624005311,5.236969096747535,85
