id,x,y,portee
0,388.48728308720797,69.02013459894351,85
16,428.165615923767,85.45178651504037,85
4,453.4782405091957,156.87597691612982,85
11,470.5365435618396,21.866970137310815,85
