id,x,y,portee
0,175.7160420911217,106.50588654776,85
15,184.53315872990288,126.77212864102077,85
20,223.92201931693558,113.5001822966068,85
30,115.51330359658563,56.835943405006915,85
3,301.57265885058456,94.72470227717706,85
28,140.84762911058658,3.0280290443210345,85
5,291.63200356569166,178.0520724037794,85
22,350.8704029313108,129.2333233227178,85
26,363.16912142656804,110.51780539321804,85
29,315.25627221184186,40.20294801940516,85
19,382.32588734704376,180.69769188221613,85
25,387.847389047242,176.78291390847357,85
2,383.89658700249436,227.13354210554965,85
17,447.1157714294324,176.90277937571864,85
10,444.17854129531787,254.14591747855619,85
11,455.16647021861917,323.6086449399785,85
