id,x,y,portee
0,83.00823314288274,291.64773679391175,85
2,36.80483920597361,346.50165201572963,85
26,92.16191990569034,331.15314701052006,85
28,126.02970346680048,338.6603369062797,85
10,69.19810537955607,398.8127120274129,85
20,108.80424607159989,412.3270632498223,85
23,187.9487554385802,364.2339708582547,85
30,174.52403509218877,358.0300187634109,85
4,77.46864894623279,468.34652690422865,85
21,87.55950209223046,469.52795818269664,85
25,100.16234657087969,449.8957893552744,85
7,261.39133218001024,362.4103241703113,85
15,22.838556566961433,496.44146566591576,85
