id,x,y,portee
0,161.43900092118778,151.4615245650227,85
18,164.8713393428286,178.63440760403816,85
19,219.4645085350138,171.29870128701913,85
21,89.85821360956436,203.82417759915484,85
26,168.84130098588025,236.78429933927842,85
9,255.87520879447538,198.21894091414853,85
15,222.19346317206134,255.0698883254293,85
32,331.8984997252904,182.6877270191365,85
27,402.95722992541647,228.65673176379937,85
11,438.94791068130735,286.89803236171605,85
33,476.6982996091461,191.01698685650769,85
35,387.9303118939682,259.4375517438818,85
29,421.2392065772091,364.16847315914373,85
1,391.428609955299,408.63824168481614,85
2,383.92915819718513,364.31804357806664,85
3,478.747209124883,381.4159651853833,85
6,409.87760438383725,388.3773205244729,85
24,469.04769211675233,406.09905888919104,85
31,343.014015675417,374.92062113981405,85
5,350.31936279096436,416.34016240373194,85
7,387.9499363344014,490.6620485602334,85
23,271.12430467931586,410.9765881794691,85
8,259.1086690378443,482.96412975040573,85
16,270.4411370871341,465.3543833300574,85
