id,x,y,portee
4,205.44909051238193,335.0078516206824,85
10,279.99357929568947,373.39468566596736,85
19,173.36647160513962,304.8084948106066,85
24,194.85703411251342,318.0187638744129,85
59,172.88858083636927,401.46401521441743,85
81,213.37377401846913,355.7068428702176,85
85,157.12006289041187,372.57403669564275,85
86,208.79308528593876,311.9898162502664,85
91,187.85380844535982,314.70585625994795,85
25,274.39421321507336,406.912739984628,85
40,317.68800688839127,412.2617458924556,85
98,278.30990366228235,384.4132630046805,85
66,120.23246457072545,294.2887226475297,85
46,154.37747949491992,413.8781860356374,85
60,204.80757306468766,454.6524337566993,85
13,242.44365195387502,459.6310706358925,85
74,258.16472775716005,488.7473815777954,85
72,351.0000075236048,483.648452601734,85
5,120.5712845942159,216.7886775025092,85
26,82.99875821405055,268.6966421968621,85
31,66.87213223426718,340.7016747986803,85
38,62.15572293156946,267.2004090784732,85
42,59.34237641652845,332.6180526777141,85
84,94.15680699562384,252.37712266455125,85
93,57.03322317384158,331.49359103391686,85
22,106.30759432753372,134.11909166804915,85
9,7.345684538115293,273.61825107337154,85
12,30.023218964767338,328.636650220623,85
21,31.19380790723991,320.52454009610267,85
49,21.519840946321533,287.1368364746659,85
97,8.826472328594292,270.27607502698413,85
16,28.049771863356497,412.3318950372686,85
29,39.38445153544118,393.0227396909284,85
32,51.13281741781167,371.2698406439362,85
62,3.18953274837952,368.13494545843423,85
20,51.56998697974141,158.47427509206068,85
44,61.76099300614113,119.06986564987326,85
55,98.72553378788263,62.08175536686134,85
64,118.10742456526118,111.92788746028481,85
88,60.66521238965794,74.9968811917795,85
99,34.39002480895703,474.00134688883935,85
11,4.326635612809437,103.78596327043377,85
80,29.845611939229077,78.51471554446316,85
23,14.318189783772084,63.25740556809689,85
51,42.79228854034361,55.27396294396741,85
58,10.768347039791571,55.15698842502914,85
79,47.40004872275105,62.62338738064099,85
90,35.97054894900747,72.43165225338343,85
95,57.777203084253934,59.19205502010227,85
37,84.73351475448737,10.401873414423113,85
78,106.96615193435794,20.37590702055575,85
92,57.74781495871017,33.56742130618456,85
